"table","replicate","seed","n_items","n_resp","method","status","k","largest_prop","n_substantive","secs","degenerate"
"ada_boredom_bieleke2022",1,101,10,630,"eJaccard","ok",3,0.436507936507937,3,0.934999999999945,FALSE
"ada_boredom_bieleke2022",1,101,10,630,"Podani","ok",4,0.404761904761905,4,28.326,FALSE
"ada_boredom_bieleke2022",1,101,10,630,"Euclidean","ok",3,0.442857142857143,3,1.39200000000005,FALSE
"ada_boredom_bieleke2022",1,101,10,630,"Cosine","ok",33,0.326984126984127,4,0.3599999999999,FALSE
"ada_boredom_bieleke2022",1,101,10,630,"eDice","ok",3,0.436507936507937,3,0.704000000000178,FALSE
"ada_boredom_bieleke2022",1,101,10,630,"Correlation","ok",4,0.371428571428571,4,0.356999999999971,FALSE
"ada_boredom_bieleke2022",1,101,10,630,"ACE","ok",4,0.349206349206349,4,444.02,FALSE
"ada_boredom_bieleke2022",1,101,10,630,"Original Relationality","ok",3,0.382539682539683,3,15.4659999999999,FALSE
"ada_boredom_bieleke2022",1,101,10,630,"Recursive Relationality","ok",5,0.304761904761905,5,11.2370000000001,FALSE
"ada_boredom_bieleke2022",1,101,10,630,"Ensemble","ok",4,0.377777777777778,4,0.392000000000053,FALSE
"ada_boredom_bieleke2022",2,202,10,630,"eJaccard","ok",3,0.447619047619048,3,0.554000000000087,FALSE
"ada_boredom_bieleke2022",2,202,10,630,"Podani","ok",4,0.401587301587302,4,21.377,FALSE
"ada_boredom_bieleke2022",2,202,10,630,"Euclidean","ok",3,0.426984126984127,3,0.768000000000029,FALSE
"ada_boredom_bieleke2022",2,202,10,630,"Cosine","ok",33,0.333333333333333,4,0.714999999999918,FALSE
"ada_boredom_bieleke2022",2,202,10,630,"eDice","ok",3,0.422222222222222,3,0.448000000000093,FALSE
"ada_boredom_bieleke2022",2,202,10,630,"Correlation","ok",4,0.36031746031746,4,0.281999999999925,FALSE
"ada_boredom_bieleke2022",2,202,10,630,"ACE","ok",3,0.46031746031746,3,341.495,FALSE
"ada_boredom_bieleke2022",2,202,10,630,"Original Relationality","ok",4,0.326984126984127,4,9.3449999999998,FALSE
"ada_boredom_bieleke2022",2,202,10,630,"Recursive Relationality","ok",5,0.366666666666667,5,7.68000000000029,FALSE
"ada_boredom_bieleke2022",2,202,10,630,"Ensemble","ok",3,0.453968253968254,3,0.355999999999767,FALSE
"ada_boredom_bieleke2022",3,303,10,630,"eJaccard","ok",3,0.438095238095238,3,0.628000000000156,FALSE
"ada_boredom_bieleke2022",3,303,10,630,"Podani","ok",4,0.39047619047619,4,21.0059999999999,FALSE
"ada_boredom_bieleke2022",3,303,10,630,"Euclidean","ok",3,0.442857142857143,3,0.673999999999978,FALSE
"ada_boredom_bieleke2022",3,303,10,630,"Cosine","ok",33,0.314285714285714,4,0.291000000000167,FALSE
"ada_boredom_bieleke2022",3,303,10,630,"eDice","ok",3,0.422222222222222,3,0.598999999999705,FALSE
"ada_boredom_bieleke2022",3,303,10,630,"Correlation","ok",4,0.373015873015873,4,0.264999999999873,FALSE
"ada_boredom_bieleke2022",3,303,10,630,"ACE","ok",4,0.358730158730159,4,376.993,FALSE
"ada_boredom_bieleke2022",3,303,10,630,"Original Relationality","ok",3,0.514285714285714,3,10.364,FALSE
"ada_boredom_bieleke2022",3,303,10,630,"Recursive Relationality","ok",4,0.355555555555556,4,10.0569999999998,FALSE
"ada_boredom_bieleke2022",3,303,10,630,"Ensemble","ok",2,0.53968253968254,2,0.48700000000008,FALSE
"algner2022_mimi16",2,202,16,606,"eJaccard","ok",3,0.443894389438944,3,1.491,FALSE
"algner2022_mimi16",2,202,16,606,"Podani","ok",4,0.429042904290429,4,76.79,FALSE
"algner2022_mimi16",2,202,16,606,"Euclidean","ok",3,0.384488448844884,3,1.07999999999998,FALSE
"algner2022_mimi16",2,202,16,606,"Cosine","ok",3,0.35973597359736,3,0.784999999999997,FALSE
"algner2022_mimi16",2,202,16,606,"eDice","ok",3,0.506600660066007,2,0.634000000000015,FALSE
"algner2022_mimi16",2,202,16,606,"Correlation","ok",4,0.32013201320132,4,0.721000000000004,FALSE
"algner2022_mimi16",2,202,16,606,"ACE","ok",6,0.239273927392739,6,454.712,FALSE
"algner2022_mimi16",2,202,16,606,"Original Relationality","ok",3,0.402640264026403,3,17.127,FALSE
"algner2022_mimi16",2,202,16,606,"Recursive Relationality","ok",4,0.363036303630363,3,62.1310000000001,FALSE
"algner2022_mimi16",2,202,16,606,"Ensemble","ok",3,0.374587458745875,3,0.503999999999905,FALSE
"algner2022_mimi16",3,303,16,606,"eJaccard","ok",3,0.443894389438944,3,0.616999999999962,FALSE
"algner2022_mimi16",3,303,16,606,"Podani","ok",4,0.495049504950495,3,71.7430000000001,FALSE
"algner2022_mimi16",3,303,16,606,"Euclidean","ok",3,0.402640264026403,3,1.06799999999998,FALSE
"algner2022_mimi16",3,303,16,606,"Cosine","ok",3,0.35973597359736,3,0.31899999999996,FALSE
"algner2022_mimi16",3,303,16,606,"eDice","ok",3,0.506600660066007,2,0.605999999999995,FALSE
"algner2022_mimi16",3,303,16,606,"Correlation","ok",5,0.282178217821782,5,0.266000000000076,FALSE
"algner2022_mimi16",3,303,16,606,"ACE","ok",6,0.224422442244224,6,428.204,FALSE
"algner2022_mimi16",3,303,16,606,"Original Relationality","ok",3,0.381188118811881,3,11.7279999999998,FALSE
"algner2022_mimi16",3,303,16,606,"Recursive Relationality","ok",4,0.354785478547855,4,44.529,FALSE
"algner2022_mimi16",3,303,16,606,"Ensemble","ok",3,0.364686468646865,3,0.911000000000058,FALSE
"alsuhibani_2022_pads_s1",1,101,10,430,"eJaccard","ok",3,0.486046511627907,3,0.353000000000002,FALSE
"alsuhibani_2022_pads_s1",1,101,10,430,"Podani","ok",5,0.218604651162791,5,12.276,FALSE
"alsuhibani_2022_pads_s1",1,101,10,430,"Euclidean","ok",4,0.37906976744186,4,0.330000000000005,FALSE
"alsuhibani_2022_pads_s1",1,101,10,430,"Cosine","ok",3,0.497674418604651,3,0.537999999999997,FALSE
"alsuhibani_2022_pads_s1",1,101,10,430,"eDice","ok",3,0.472093023255814,3,0.282000000000004,FALSE
"alsuhibani_2022_pads_s1",1,101,10,430,"Correlation","ok",7,0.246511627906977,5,0.0940000000000012,FALSE
"alsuhibani_2022_pads_s1",1,101,10,430,"ACE","ok",8,0.22093023255814,6,242.813,FALSE
"alsuhibani_2022_pads_s1",1,101,10,430,"Original Relationality","ok",3,0.393023255813953,3,6.56999999999999,FALSE
"alsuhibani_2022_pads_s1",1,101,10,430,"Recursive Relationality","ok",4,0.297674418604651,4,5.76500000000004,FALSE
"alsuhibani_2022_pads_s1",1,101,10,430,"Ensemble","ok",4,0.288372093023256,4,0.298999999999978,FALSE
"alsuhibani_2022_pads_s1",2,202,10,430,"eJaccard","ok",3,0.430232558139535,3,0.38900000000001,FALSE
"alsuhibani_2022_pads_s1",2,202,10,430,"Podani","ok",5,0.295348837209302,5,11.332,FALSE
"alsuhibani_2022_pads_s1",2,202,10,430,"Euclidean","ok",4,0.355813953488372,4,0.850999999999999,FALSE
"alsuhibani_2022_pads_s1",2,202,10,430,"Cosine","ok",3,0.388372093023256,3,0.146999999999991,FALSE
"alsuhibani_2022_pads_s1",2,202,10,430,"eDice","ok",3,0.446511627906977,3,0.870999999999981,FALSE
"alsuhibani_2022_pads_s1",2,202,10,430,"Correlation","ok",6,0.204651162790698,6,0.119000000000028,FALSE
"alsuhibani_2022_pads_s1",2,202,10,430,"ACE","ok",7,0.22093023255814,5,194.15,FALSE
"alsuhibani_2022_pads_s1",2,202,10,430,"Original Relationality","ok",4,0.402325581395349,4,4.65599999999995,FALSE
"alsuhibani_2022_pads_s1",2,202,10,430,"Recursive Relationality","ok",4,0.306976744186047,4,4.78300000000002,FALSE
"alsuhibani_2022_pads_s1",2,202,10,430,"Ensemble","ok",4,0.293023255813953,4,0.235000000000014,FALSE
"alsuhibani_2022_pads_s1",3,303,10,430,"eJaccard","ok",3,0.455813953488372,3,0.397000000000048,FALSE
"alsuhibani_2022_pads_s1",3,303,10,430,"Podani","ok",5,0.22093023255814,5,17.3339999999999,FALSE
"alsuhibani_2022_pads_s1",3,303,10,430,"Euclidean","ok",4,0.376744186046512,4,0.516000000000076,FALSE
"alsuhibani_2022_pads_s1",3,303,10,430,"Cosine","ok",3,0.541860465116279,3,0.183999999999969,FALSE
"alsuhibani_2022_pads_s1",3,303,10,430,"eDice","ok",3,0.446511627906977,3,0.994000000000028,FALSE
"alsuhibani_2022_pads_s1",3,303,10,430,"Correlation","ok",6,0.293023255813953,4,0.123000000000047,FALSE
"alsuhibani_2022_pads_s1",3,303,10,430,"ACE","ok",7,0.276744186046512,5,193.361,FALSE
"alsuhibani_2022_pads_s1",3,303,10,430,"Original Relationality","ok",4,0.413953488372093,4,6.92999999999995,FALSE
"alsuhibani_2022_pads_s1",3,303,10,430,"Recursive Relationality","ok",5,0.216279069767442,5,5.55700000000002,FALSE
"alsuhibani_2022_pads_s1",3,303,10,430,"Ensemble","ok",4,0.288372093023256,4,0.245000000000005,FALSE
"alsyouf_2024_facilitating_conditions",1,101,6,429,"eJaccard","ok",4,0.333333333333333,4,0.367999999999938,FALSE
"alsyouf_2024_facilitating_conditions",1,101,6,429,"Podani","ok",4,0.370629370629371,4,5.08800000000019,FALSE
"alsyouf_2024_facilitating_conditions",1,101,6,429,"Euclidean","ok",3,0.447552447552448,3,0.350999999999658,FALSE
"alsyouf_2024_facilitating_conditions",1,101,6,429,"Cosine","ok",4,0.321678321678322,4,0.130000000000109,FALSE
"alsyouf_2024_facilitating_conditions",1,101,6,429,"eDice","ok",4,0.393939393939394,4,1.04399999999987,FALSE
"alsyouf_2024_facilitating_conditions",1,101,6,429,"Correlation","ok",5,0.363636363636364,5,0.0720000000001164,FALSE
"alsyouf_2024_facilitating_conditions",1,101,6,429,"ACE","ok",7,0.337995337995338,5,242.506,FALSE
"alsyouf_2024_facilitating_conditions",1,101,6,429,"Original Relationality","ok",3,0.435897435897436,3,6.06700000000001,FALSE
"alsyouf_2024_facilitating_conditions",1,101,6,429,"Recursive Relationality","ok",4,0.333333333333333,4,1.52400000000034,FALSE
"alsyouf_2024_facilitating_conditions",1,101,6,429,"Ensemble","ok",4,0.282051282051282,4,0.179000000000087,FALSE
"alsyouf_2024_facilitating_conditions",2,202,6,429,"eJaccard","ok",4,0.293706293706294,4,0.422999999999774,FALSE
"alsyouf_2024_facilitating_conditions",2,202,6,429,"Podani","ok",4,0.382284382284382,3,6.71900000000005,FALSE
"alsyouf_2024_facilitating_conditions",2,202,6,429,"Euclidean","ok",3,0.484848484848485,3,0.332000000000335,FALSE
"alsyouf_2024_facilitating_conditions",2,202,6,429,"Cosine","ok",5,0.321678321678322,5,0.157999999999447,FALSE
"alsyouf_2024_facilitating_conditions",2,202,6,429,"eDice","ok",4,0.393939393939394,4,0.302999999999884,FALSE
"alsyouf_2024_facilitating_conditions",2,202,6,429,"Correlation","ok",5,0.351981351981352,5,0.104000000000269,FALSE
"alsyouf_2024_facilitating_conditions",2,202,6,429,"ACE","ok",7,0.335664335664336,5,168.833,FALSE
"alsyouf_2024_facilitating_conditions",2,202,6,429,"Original Relationality","ok",3,0.445221445221445,3,3.67900000000009,FALSE
"alsyouf_2024_facilitating_conditions",2,202,6,429,"Recursive Relationality","ok",4,0.358974358974359,4,0.755000000000109,FALSE
"alsyouf_2024_facilitating_conditions",2,202,6,429,"Ensemble","ok",3,0.368298368298368,3,0.153000000000247,FALSE
"alsyouf_2024_facilitating_conditions",3,303,6,429,"eJaccard","ok",4,0.291375291375291,4,0.509999999999998,FALSE
"alsyouf_2024_facilitating_conditions",3,303,6,429,"Podani","ok",4,0.386946386946387,3,3.619,FALSE
"alsyouf_2024_facilitating_conditions",3,303,6,429,"Euclidean","ok",3,0.468531468531469,3,0.309000000000005,FALSE
"alsyouf_2024_facilitating_conditions",3,303,6,429,"Cosine","ok",5,0.428904428904429,3,0.0989999999999966,FALSE
"alsyouf_2024_facilitating_conditions",3,303,6,429,"eDice","ok",4,0.435897435897436,4,0.213999999999999,FALSE
"alsyouf_2024_facilitating_conditions",3,303,6,429,"Correlation","ok",4,0.361305361305361,4,0.0820000000000007,FALSE
"alsyouf_2024_facilitating_conditions",3,303,6,429,"ACE","ok",7,0.337995337995338,6,233.933,FALSE
"alsyouf_2024_facilitating_conditions",3,303,6,429,"Original Relationality","ok",3,0.452214452214452,3,6.09100000000001,FALSE
"alsyouf_2024_facilitating_conditions",3,303,6,429,"Recursive Relationality","ok",5,0.263403263403263,5,1.25799999999998,FALSE
"alsyouf_2024_facilitating_conditions",3,303,6,429,"Ensemble","ok",3,0.375291375291375,3,0.215000000000032,FALSE
"assessment_time_fournier_2025_pmpuq",1,101,15,395,"eJaccard","ok",3,0.422784810126582,3,0.407000000000039,FALSE
"assessment_time_fournier_2025_pmpuq",1,101,15,395,"Podani","ok",3,0.455696202531646,3,28.412,FALSE
"assessment_time_fournier_2025_pmpuq",1,101,15,395,"Euclidean","ok",4,0.437974683544304,4,0.34699999999998,FALSE
"assessment_time_fournier_2025_pmpuq",1,101,15,395,"Cosine","ok",37,0.359493670886076,4,0.119000000000028,FALSE
"assessment_time_fournier_2025_pmpuq",1,101,15,395,"eDice","ok",3,0.450632911392405,3,0.309000000000026,FALSE
"assessment_time_fournier_2025_pmpuq",1,101,15,395,"Correlation","ok",4,0.356962025316456,4,0.144999999999982,FALSE
"assessment_time_fournier_2025_pmpuq",1,101,15,395,"ACE","ok",4,0.324050632911392,4,175.423,FALSE
"assessment_time_fournier_2025_pmpuq",1,101,15,395,"Original Relationality","ok",3,0.50379746835443,3,7.15600000000001,FALSE
"assessment_time_fournier_2025_pmpuq",1,101,15,395,"Recursive Relationality","ok",4,0.308860759493671,4,16.88,FALSE
"assessment_time_fournier_2025_pmpuq",1,101,15,395,"Ensemble","ok",3,0.382278481012658,3,0.197999999999979,FALSE
"assessment_time_fournier_2025_pmpuq",2,202,15,395,"eJaccard","ok",3,0.362025316455696,3,0.235000000000014,FALSE
"assessment_time_fournier_2025_pmpuq",2,202,15,395,"Podani","ok",3,0.455696202531646,3,24.468,FALSE
"assessment_time_fournier_2025_pmpuq",2,202,15,395,"Euclidean","ok",4,0.415189873417722,4,0.253000000000043,FALSE
"assessment_time_fournier_2025_pmpuq",2,202,15,395,"Cosine","ok",38,0.382278481012658,4,0.641999999999939,FALSE
"assessment_time_fournier_2025_pmpuq",2,202,15,395,"eDice","ok",3,0.384810126582278,3,0.240999999999985,FALSE
"assessment_time_fournier_2025_pmpuq",2,202,15,395,"Correlation","ok",4,0.354430379746835,3,0.679000000000087,FALSE
"assessment_time_fournier_2025_pmpuq",2,202,15,395,"ACE","ok",3,0.362025316455696,3,177.355,FALSE
"assessment_time_fournier_2025_pmpuq",2,202,15,395,"Original Relationality","ok",3,0.491139240506329,3,6.5139999999999,FALSE
"assessment_time_fournier_2025_pmpuq",2,202,15,395,"Recursive Relationality","ok",4,0.351898734177215,4,19.707,FALSE
"assessment_time_fournier_2025_pmpuq",2,202,15,395,"Ensemble","ok",3,0.455696202531646,3,0.70900000000006,FALSE
"assessment_time_fournier_2025_pmpuq",3,303,15,395,"eJaccard","ok",3,0.40506329113924,3,0.251999999999953,FALSE
"assessment_time_fournier_2025_pmpuq",3,303,15,395,"Podani","ok",3,0.475949367088608,3,27.598,FALSE
"assessment_time_fournier_2025_pmpuq",3,303,15,395,"Euclidean","ok",5,0.420253164556962,5,0.314000000000078,FALSE
"assessment_time_fournier_2025_pmpuq",3,303,15,395,"Cosine","ok",38,0.349367088607595,4,0.145999999999958,FALSE
"assessment_time_fournier_2025_pmpuq",3,303,15,395,"eDice","ok",3,0.384810126582278,3,0.240999999999985,FALSE
"assessment_time_fournier_2025_pmpuq",3,303,15,395,"Correlation","ok",4,0.362025316455696,4,0.163999999999987,FALSE
"assessment_time_fournier_2025_pmpuq",3,303,15,395,"ACE","ok",4,0.326582278481013,4,183.615,FALSE
"assessment_time_fournier_2025_pmpuq",3,303,15,395,"Original Relationality","ok",3,0.49873417721519,3,6.51900000000001,FALSE
"assessment_time_fournier_2025_pmpuq",3,303,15,395,"Recursive Relationality","ok",4,0.349367088607595,4,19.9,FALSE
"assessment_time_fournier_2025_pmpuq",3,303,15,395,"Ensemble","ok",3,0.362025316455696,3,0.185000000000173,FALSE
"assessment_time_fournier_2025_upps",1,101,20,398,"eJaccard","ok",3,0.437185929648241,3,0.419999999999845,FALSE
"assessment_time_fournier_2025_upps",1,101,20,398,"Podani","ok",3,0.484924623115578,3,45.192,FALSE
"assessment_time_fournier_2025_upps",1,101,20,398,"Euclidean","ok",2,0.625628140703518,2,0.223000000000184,FALSE
"assessment_time_fournier_2025_upps",1,101,20,398,"Cosine","ok",3,0.457286432160804,3,0.0989999999999327,FALSE
"assessment_time_fournier_2025_upps",1,101,20,398,"eDice","ok",3,0.467336683417085,3,0.254999999999882,FALSE
"assessment_time_fournier_2025_upps",1,101,20,398,"Correlation","ok",4,0.326633165829146,4,0.0890000000001692,FALSE
"assessment_time_fournier_2025_upps",1,101,20,398,"ACE","ok",4,0.462311557788945,4,184.261,FALSE
"assessment_time_fournier_2025_upps",1,101,20,398,"Original Relationality","ok",3,0.484924623115578,3,7.81999999999994,FALSE
"assessment_time_fournier_2025_upps",1,101,20,398,"Recursive Relationality","ok",3,0.374371859296482,3,61.607,FALSE
"assessment_time_fournier_2025_upps",1,101,20,398,"Ensemble","ok",3,0.351758793969849,3,0.145999999999958,FALSE
"assessment_time_fournier_2025_upps",2,202,20,398,"eJaccard","ok",3,0.437185929648241,3,0.308999999999969,FALSE
"assessment_time_fournier_2025_upps",2,202,20,398,"Podani","ok",3,0.5678391959799,3,45.1469999999999,FALSE
"assessment_time_fournier_2025_upps",2,202,20,398,"Euclidean","ok",2,0.585427135678392,2,0.20900000000006,FALSE
"assessment_time_fournier_2025_upps",2,202,20,398,"Cosine","ok",3,0.437185929648241,3,0.13799999999992,FALSE
"assessment_time_fournier_2025_upps",2,202,20,398,"eDice","ok",3,0.447236180904523,3,0.243999999999915,FALSE
"assessment_time_fournier_2025_upps",2,202,20,398,"Correlation","ok",3,0.349246231155779,3,0.132000000000062,FALSE
"assessment_time_fournier_2025_upps",2,202,20,398,"ACE","ok",4,0.35678391959799,4,184.684,FALSE
"assessment_time_fournier_2025_upps",2,202,20,398,"Original Relationality","ok",3,0.507537688442211,3,7.86300000000006,FALSE
"assessment_time_fournier_2025_upps",2,202,20,398,"Recursive Relationality","ok",3,0.35678391959799,3,60.8300000000002,FALSE
"assessment_time_fournier_2025_upps",2,202,20,398,"Ensemble","ok",3,0.346733668341709,3,0.142999999999802,FALSE
"assessment_time_fournier_2025_upps",3,303,20,398,"eJaccard","ok",3,0.452261306532663,3,0.303000000000111,FALSE
"assessment_time_fournier_2025_upps",3,303,20,398,"Podani","ok",3,0.462311557788945,3,44.9770000000001,FALSE
"assessment_time_fournier_2025_upps",3,303,20,398,"Euclidean","ok",3,0.517587939698492,3,0.239999999999782,FALSE
"assessment_time_fournier_2025_upps",3,303,20,398,"Cosine","ok",3,0.437185929648241,3,0.115999999999985,FALSE
"assessment_time_fournier_2025_upps",3,303,20,398,"eDice","ok",3,0.414572864321608,3,0.338000000000193,FALSE
"assessment_time_fournier_2025_upps",3,303,20,398,"Correlation","ok",4,0.321608040201005,4,0.0940000000000509,FALSE
"assessment_time_fournier_2025_upps",3,303,20,398,"ACE","ok",3,0.464824120603015,3,191.363,FALSE
"assessment_time_fournier_2025_upps",3,303,20,398,"Original Relationality","ok",3,0.484924623115578,3,7.88799999999992,FALSE
"assessment_time_fournier_2025_upps",3,303,20,398,"Recursive Relationality","ok",3,0.349246231155779,3,56.4949999999999,FALSE
"assessment_time_fournier_2025_upps",3,303,20,398,"Ensemble","ok",3,0.417085427135678,3,0.153000000000247,FALSE
"autism_blotner_2025_s2_aq",1,101,10,525,"eJaccard","ok",4,0.361904761904762,4,0.474999999999909,FALSE
"autism_blotner_2025_s2_aq",1,101,10,525,"Podani","ok",4,0.323809523809524,4,12.9859999999999,FALSE
"autism_blotner_2025_s2_aq",1,101,10,525,"Euclidean","ok",3,0.502857142857143,3,0.34900000000016,FALSE
"autism_blotner_2025_s2_aq",1,101,10,525,"Cosine","ok",4,0.335238095238095,4,0.132999999999811,FALSE
"autism_blotner_2025_s2_aq",1,101,10,525,"eDice","ok",4,0.318095238095238,4,0.413000000000011,FALSE
"autism_blotner_2025_s2_aq",1,101,10,525,"Correlation","ok",5,0.32,5,0.0979999999999563,FALSE
"autism_blotner_2025_s2_aq",1,101,10,525,"ACE","ok",5,0.304761904761905,4,168.172,FALSE
"autism_blotner_2025_s2_aq",1,101,10,525,"Original Relationality","ok",3,0.525714285714286,3,5.61299999999983,FALSE
"autism_blotner_2025_s2_aq",1,101,10,525,"Recursive Relationality","ok",4,0.348571428571429,4,4.36099999999988,FALSE
"autism_blotner_2025_s2_aq",1,101,10,525,"Ensemble","ok",3,0.346666666666667,3,0.152000000000044,FALSE
"beh_boredom_bieleke2022",2,202,19,635,"eJaccard","ok",3,0.511811023622047,2,1.411,FALSE
"beh_boredom_bieleke2022",2,202,19,635,"Podani","ok",3,0.477165354330709,3,104.062,FALSE
"beh_boredom_bieleke2022",2,202,19,635,"Euclidean","ok",3,0.461417322834646,3,1.63,FALSE
"beh_boredom_bieleke2022",2,202,19,635,"Cosine","ok",66,0.401574803149606,3,0.50800000000001,FALSE
"beh_boredom_bieleke2022",2,202,19,635,"eDice","ok",3,0.428346456692913,3,2.161,FALSE
"beh_boredom_bieleke2022",2,202,19,635,"Correlation","ok",3,0.459842519685039,3,3.16399999999999,FALSE
"beh_boredom_bieleke2022",2,202,19,635,"ACE","ok",4,0.464566929133858,3,500.754,FALSE
"beh_boredom_bieleke2022",2,202,19,635,"Original Relationality","ok",3,0.393700787401575,3,22.026,FALSE
"beh_boredom_bieleke2022",2,202,19,635,"Recursive Relationality","ok",4,0.404724409448819,4,130.234,FALSE
"beh_boredom_bieleke2022",2,202,19,635,"Ensemble","ok",3,0.444094488188976,3,0.581000000000017,FALSE
"beh_boredom_bieleke2022",3,303,19,635,"eJaccard","ok",3,0.464566929133858,3,1.15099999999995,FALSE
"beh_boredom_bieleke2022",3,303,19,635,"Podani","ok",3,0.502362204724409,3,103.791,FALSE
"beh_boredom_bieleke2022",3,303,19,635,"Euclidean","ok",3,0.464566929133858,3,0.631999999999948,FALSE
"beh_boredom_bieleke2022",3,303,19,635,"Cosine","ok",68,0.374803149606299,4,0.312000000000012,FALSE
"beh_boredom_bieleke2022",3,303,19,635,"eDice","ok",3,0.481889763779528,2,0.63900000000001,FALSE
"beh_boredom_bieleke2022",3,303,19,635,"Correlation","ok",3,0.459842519685039,3,0.433999999999969,FALSE
"beh_boredom_bieleke2022",3,303,19,635,"ACE","ok",3,0.496062992125984,3,373.943,FALSE
"beh_boredom_bieleke2022",3,303,19,635,"Original Relationality","ok",3,0.563779527559055,2,21.143,FALSE
"beh_boredom_bieleke2022",3,303,19,635,"Recursive Relationality","ok",3,0.423622047244094,3,84.2369999999999,FALSE
"beh_boredom_bieleke2022",3,303,19,635,"Ensemble","ok",3,0.409448818897638,3,0.365000000000009,FALSE
"chen2022b_socsupport",1,101,12,382,"eJaccard","ok",4,0.465968586387435,4,0.279999999999973,FALSE
"chen2022b_socsupport",1,101,12,382,"Podani","ok",5,0.240837696335079,5,14.912,FALSE
"chen2022b_socsupport",1,101,12,382,"Euclidean","ok",3,0.429319371727749,3,0.222999999999956,FALSE
"chen2022b_socsupport",1,101,12,382,"Cosine","ok",6,0.269633507853403,5,0.125,FALSE
"chen2022b_socsupport",1,101,12,382,"eDice","ok",3,0.43455497382199,3,0.259000000000015,FALSE
"chen2022b_socsupport",1,101,12,382,"Correlation","ok",7,0.267015706806283,6,0.0539999999999736,FALSE
"chen2022b_socsupport",1,101,12,382,"ACE","ok",8,0.193717277486911,7,155.614,FALSE
"chen2022b_socsupport",1,101,12,382,"Original Relationality","ok",3,0.416230366492147,3,4.02700000000004,FALSE
"chen2022b_socsupport",1,101,12,382,"Recursive Relationality","ok",6,0.201570680628272,6,6.02999999999997,FALSE
"chen2022b_socsupport",1,101,12,382,"Ensemble","ok",5,0.256544502617801,5,0.149999999999977,FALSE
"chen2022b_socsupport",2,202,12,382,"eJaccard","ok",4,0.471204188481675,3,0.201000000000022,FALSE
"chen2022b_socsupport",2,202,12,382,"Podani","ok",5,0.240837696335079,5,11.797,FALSE
"chen2022b_socsupport",2,202,12,382,"Euclidean","ok",4,0.350785340314136,4,0.688999999999965,FALSE
"chen2022b_socsupport",2,202,12,382,"Cosine","ok",6,0.298429319371728,5,0.0860000000000127,FALSE
"chen2022b_socsupport",2,202,12,382,"eDice","ok",3,0.465968586387435,3,0.190999999999917,FALSE
"chen2022b_socsupport",2,202,12,382,"Correlation","ok",7,0.178010471204188,7,0.0410000000000537,FALSE
"chen2022b_socsupport",2,202,12,382,"ACE","ok",7,0.219895287958115,6,154.601,FALSE
"chen2022b_socsupport",2,202,12,382,"Original Relationality","ok",3,0.43455497382199,3,5.83200000000011,FALSE
"chen2022b_socsupport",2,202,12,382,"Recursive Relationality","ok",6,0.259162303664921,6,8.51499999999987,FALSE
"chen2022b_socsupport",2,202,12,382,"Ensemble","ok",5,0.253926701570681,5,0.172000000000025,FALSE
"chen2022b_socsupport",3,303,12,382,"eJaccard","ok",3,0.463350785340314,3,0.259000000000015,FALSE
"chen2022b_socsupport",3,303,12,382,"Podani","ok",5,0.243455497382199,5,14.624,FALSE
"chen2022b_socsupport",3,303,12,382,"Euclidean","ok",4,0.421465968586387,4,0.241999999999962,FALSE
"chen2022b_socsupport",3,303,12,382,"Cosine","ok",6,0.285340314136126,4,0.649000000000115,FALSE
"chen2022b_socsupport",3,303,12,382,"eDice","ok",3,0.418848167539267,3,0.214999999999918,FALSE
"chen2022b_socsupport",3,303,12,382,"Correlation","ok",6,0.235602094240838,6,0.0550000000000637,FALSE
"chen2022b_socsupport",3,303,12,382,"ACE","ok",8,0.222513089005236,7,166.74,FALSE
"chen2022b_socsupport",3,303,12,382,"Original Relationality","ok",4,0.424083769633508,4,5.59399999999982,FALSE
"chen2022b_socsupport",3,303,12,382,"Recursive Relationality","ok",5,0.225130890052356,5,8.33400000000006,FALSE
"chen2022b_socsupport",3,303,12,382,"Ensemble","ok",5,0.259162303664921,5,0.198000000000093,FALSE
"christiannationalism_davis2021",1,101,6,1229,"eJaccard","ok",4,0.313262815296989,4,4.91900000000032,FALSE
"christiannationalism_davis2021",1,101,6,1229,"Podani","ok",5,0.294548413344182,5,44.0819999999999,FALSE
"christiannationalism_davis2021",1,101,6,1229,"Euclidean","ok",4,0.291293734743694,4,5.5630000000001,FALSE
"christiannationalism_davis2021",1,101,6,1229,"Cosine","ok",3,0.396257119609439,3,2.36300000000028,FALSE
"christiannationalism_davis2021",1,101,6,1229,"eDice","ok",3,0.399511798209927,3,2.88400000000001,FALSE
"christiannationalism_davis2021",1,101,6,1229,"Correlation","ok",7,0.250610252237592,6,1.52600000000029,FALSE
"christiannationalism_davis2021",1,101,6,1229,"ACE","ok",8,0.212367778681855,6,1469.02,FALSE
"christiannationalism_davis2021",1,101,6,1229,"Original Relationality","ok",5,0.2620016273393,5,31.7880000000005,FALSE
"christiannationalism_davis2021",1,101,6,1229,"Recursive Relationality","ok",4,0.292107404393816,4,7.32499999999982,FALSE
"christiannationalism_davis2021",1,101,6,1229,"Ensemble","ok",4,0.305939788445891,4,1.43199999999979,FALSE
"christiannationalism_davis2021",2,202,6,1229,"eJaccard","ok",4,0.344995931651749,4,3.75799999999981,FALSE
"christiannationalism_davis2021",2,202,6,1229,"Podani","ok",5,0.313262815296989,5,44.96,FALSE
"christiannationalism_davis2021",2,202,6,1229,"Euclidean","ok",6,0.273393002441009,6,3.16400000000067,FALSE
"christiannationalism_davis2021",2,202,6,1229,"Cosine","ok",4,0.295362082994304,4,2.13299999999981,FALSE
"christiannationalism_davis2021",2,202,6,1229,"eDice","ok",4,0.318958502847844,4,4.20499999999993,FALSE
"christiannationalism_davis2021",2,202,6,1229,"Correlation","ok",8,0.231895850284784,6,0.52599999999984,FALSE
"christiannationalism_davis2021",2,202,6,1229,"ACE","ok",8,0.187144019528072,7,1526.399,FALSE
"christiannationalism_davis2021",2,202,6,1229,"Original Relationality","ok",4,0.306753458096013,4,48.8450000000003,FALSE
"christiannationalism_davis2021",2,202,6,1229,"Recursive Relationality","ok",4,0.358014646053702,4,7.96699999999964,FALSE
"christiannationalism_davis2021",2,202,6,1229,"Ensemble","ok",5,0.286411716842962,5,1.12899999999991,FALSE
"christiannationalism_davis2021",3,303,6,1229,"eJaccard","ok",4,0.344995931651749,4,3.16,FALSE
"christiannationalism_davis2021",3,303,6,1229,"Podani","ok",7,0.237591537835639,7,27.356,FALSE
"christiannationalism_davis2021",3,303,6,1229,"Euclidean","ok",5,0.339300244100895,5,2.306,FALSE
"christiannationalism_davis2021",3,303,6,1229,"Cosine","ok",4,0.294548413344182,4,1.061,FALSE
"christiannationalism_davis2021",3,303,6,1229,"eDice","ok",3,0.378356387306753,3,2.989,FALSE
"christiannationalism_davis2021",3,303,6,1229,"Correlation","ok",8,0.199349064279902,7,0.656000000000006,FALSE
"christiannationalism_davis2021",3,303,6,1229,"ACE","ok",8,0.19446704637917,7,886.015,FALSE
"christiannationalism_davis2021",3,303,6,1229,"Original Relationality","ok",4,0.327908868999186,4,27.978,FALSE
"christiannationalism_davis2021",3,303,6,1229,"Recursive Relationality","ok",5,0.3173311635476,5,5.86000000000001,FALSE
"christiannationalism_davis2021",3,303,6,1229,"Ensemble","ok",5,0.270138323840521,5,1.01800000000003,FALSE
"consideration_future_consequences",2,202,12,2000,"eJaccard","ok",3,0.4135,3,7.506,FALSE
"consideration_future_consequences",2,202,12,2000,"Podani","ok",3,0.422,3,273.525,FALSE
"consideration_future_consequences",2,202,12,2000,"Euclidean","ok",4,0.3345,4,6.38200000000001,FALSE
"consideration_future_consequences",2,202,12,2000,"Cosine","ok",3,0.338,3,2.78500000000003,FALSE
"consideration_future_consequences",2,202,12,2000,"eDice","ok",3,0.3755,3,7.24299999999999,FALSE
"consideration_future_consequences",2,202,12,2000,"Correlation","ok",3,0.354,3,2.98500000000001,FALSE
"consideration_future_consequences",2,202,12,2000,"ACE","ok",3,0.4555,3,2502.905,FALSE
"consideration_future_consequences",2,202,12,2000,"Original Relationality","ok",3,0.475,3,91.3940000000002,FALSE
"consideration_future_consequences",2,202,12,2000,"Recursive Relationality","ok",3,0.382,3,125.692,FALSE
"consideration_future_consequences",2,202,12,2000,"Ensemble","ok",3,0.376,3,3.375,FALSE
"conspiracy_asd__conspiracy_gcbs",1,101,15,422,"eJaccard","ok",3,0.395734597156398,3,0.810999999999922,FALSE
"conspiracy_asd__conspiracy_gcbs",1,101,15,422,"Podani","ok",4,0.386255924170616,4,31.271,FALSE
"conspiracy_asd__conspiracy_gcbs",1,101,15,422,"Euclidean","ok",4,0.312796208530806,4,0.344000000000051,FALSE
"conspiracy_asd__conspiracy_gcbs",1,101,15,422,"Cosine","ok",14,0.436018957345972,3,0.134999999999991,FALSE
"conspiracy_asd__conspiracy_gcbs",1,101,15,422,"eDice","ok",3,0.393364928909953,3,0.298999999999978,FALSE
"conspiracy_asd__conspiracy_gcbs",1,101,15,422,"Correlation","ok",4,0.296208530805687,4,0.08400000000006,FALSE
"conspiracy_asd__conspiracy_gcbs",1,101,15,422,"ACE","ok",5,0.324644549763033,5,201.347,FALSE
"conspiracy_asd__conspiracy_gcbs",1,101,15,422,"Original Relationality","ok",4,0.436018957345972,4,8.19100000000003,FALSE
"conspiracy_asd__conspiracy_gcbs",1,101,15,422,"Recursive Relationality","ok",4,0.267772511848341,4,18.3299999999999,FALSE
"conspiracy_asd__conspiracy_gcbs",1,101,15,422,"Ensemble","ok",4,0.324644549763033,4,0.217000000000098,FALSE
"conspiracy_asd__conspiracy_gcbs",2,202,15,422,"eJaccard","ok",4,0.322274881516588,4,0.308999999999969,FALSE
"conspiracy_asd__conspiracy_gcbs",2,202,15,422,"Podani","ok",4,0.369668246445498,4,37.6869999999999,FALSE
"conspiracy_asd__conspiracy_gcbs",2,202,15,422,"Euclidean","ok",4,0.31042654028436,4,0.309000000000196,FALSE
"conspiracy_asd__conspiracy_gcbs",2,202,15,422,"Cosine","ok",11,0.350710900473934,3,0.130999999999858,FALSE
"conspiracy_asd__conspiracy_gcbs",2,202,15,422,"eDice","ok",3,0.414691943127962,3,0.287000000000262,FALSE
"conspiracy_asd__conspiracy_gcbs",2,202,15,422,"Correlation","ok",5,0.336492890995261,5,0.0989999999997053,FALSE
"conspiracy_asd__conspiracy_gcbs",2,202,15,422,"ACE","ok",5,0.298578199052133,5,180.422,FALSE
"conspiracy_asd__conspiracy_gcbs",2,202,15,422,"Original Relationality","ok",3,0.462085308056872,3,5.14499999999998,FALSE
"conspiracy_asd__conspiracy_gcbs",2,202,15,422,"Recursive Relationality","ok",3,0.383886255924171,3,15.0440000000003,FALSE
"conspiracy_asd__conspiracy_gcbs",2,202,15,422,"Ensemble","ok",3,0.419431279620853,3,0.160999999999603,FALSE
"conspiracy_asd__conspiracy_gcbs",3,303,15,422,"eJaccard","ok",3,0.381516587677725,3,0.243999999999687,FALSE
"conspiracy_asd__conspiracy_gcbs",3,303,15,422,"Podani","ok",4,0.372037914691943,4,20.8580000000002,FALSE
"conspiracy_asd__conspiracy_gcbs",3,303,15,422,"Euclidean","ok",4,0.31042654028436,4,0.239999999999782,FALSE
"conspiracy_asd__conspiracy_gcbs",3,303,15,422,"Cosine","ok",11,0.355450236966825,3,0.0950000000002547,FALSE
"conspiracy_asd__conspiracy_gcbs",3,303,15,422,"eDice","ok",3,0.407582938388626,3,0.182999999999993,FALSE
"conspiracy_asd__conspiracy_gcbs",3,303,15,422,"Correlation","ok",5,0.28436018957346,5,0.0579999999999927,FALSE
"conspiracy_asd__conspiracy_gcbs",3,303,15,422,"ACE","ok",5,0.298578199052133,5,186.03,FALSE
"conspiracy_asd__conspiracy_gcbs",3,303,15,422,"Original Relationality","ok",3,0.469194312796209,3,7.67500000000018,FALSE
"conspiracy_asd__conspiracy_gcbs",3,303,15,422,"Recursive Relationality","ok",4,0.400473933649289,4,19.9669999999996,FALSE
"conspiracy_asd__conspiracy_gcbs",3,303,15,422,"Ensemble","ok",3,0.388625592417062,3,0.189000000000306,FALSE
"daiku_2021_dirty_dozen",1,101,12,303,"eJaccard","ok",3,0.399339933993399,3,0.215,FALSE
"daiku_2021_dirty_dozen",1,101,12,303,"Podani","ok",4,0.468646864686469,4,5.844,FALSE
"daiku_2021_dirty_dozen",1,101,12,303,"Euclidean","ok",3,0.491749174917492,3,0.513999999999999,FALSE
"daiku_2021_dirty_dozen",1,101,12,303,"Cosine","ok",4,0.316831683168317,4,0.0590000000000011,FALSE
"daiku_2021_dirty_dozen",1,101,12,303,"eDice","ok",3,0.33993399339934,3,0.114999999999998,FALSE
"daiku_2021_dirty_dozen",1,101,12,303,"Correlation","ok",4,0.306930693069307,4,0.0519999999999996,FALSE
"daiku_2021_dirty_dozen",1,101,12,303,"ACE","ok",6,0.260726072607261,6,52.31,FALSE
"daiku_2021_dirty_dozen",1,101,12,303,"Original Relationality","ok",3,0.425742574257426,3,1.946,FALSE
"daiku_2021_dirty_dozen",1,101,12,303,"Recursive Relationality","ok",4,0.326732673267327,4,3.205,FALSE
"daiku_2021_dirty_dozen",1,101,12,303,"Ensemble","ok",3,0.442244224422442,3,0.0829999999999984,FALSE
"daiku_2021_dirty_dozen",2,202,12,303,"eJaccard","ok",3,0.372937293729373,3,0.186000000000604,FALSE
"daiku_2021_dirty_dozen",2,202,12,303,"Podani","ok",3,0.547854785478548,3,13.0119999999997,FALSE
"daiku_2021_dirty_dozen",2,202,12,303,"Euclidean","ok",4,0.429042904290429,4,0.172999999999774,FALSE
"daiku_2021_dirty_dozen",2,202,12,303,"Cosine","ok",3,0.343234323432343,3,0.0830000000005384,FALSE
"daiku_2021_dirty_dozen",2,202,12,303,"eDice","ok",3,0.396039603960396,3,0.951000000000022,FALSE
"daiku_2021_dirty_dozen",2,202,12,303,"Correlation","ok",5,0.336633663366337,5,0.0529999999998836,FALSE
"daiku_2021_dirty_dozen",2,202,12,303,"ACE","ok",6,0.224422442244224,6,105.808,FALSE
"daiku_2021_dirty_dozen",2,202,12,303,"Original Relationality","ok",3,0.425742574257426,3,3.1929999999993,FALSE
"daiku_2021_dirty_dozen",2,202,12,303,"Recursive Relationality","ok",4,0.303630363036304,4,3.48600000000079,FALSE
"daiku_2021_dirty_dozen",2,202,12,303,"Ensemble","ok",4,0.465346534653465,4,0.0929999999998472,FALSE
"daiku_2021_dirty_dozen",3,303,12,303,"eJaccard","ok",4,0.363036303630363,4,0.21100000000024,FALSE
"daiku_2021_dirty_dozen",3,303,12,303,"Podani","ok",4,0.458745874587459,4,8.26800000000003,FALSE
"daiku_2021_dirty_dozen",3,303,12,303,"Euclidean","ok",4,0.425742574257426,4,0.117999999999483,FALSE
"daiku_2021_dirty_dozen",3,303,12,303,"Cosine","ok",4,0.297029702970297,4,0.0519999999996799,FALSE
"daiku_2021_dirty_dozen",3,303,12,303,"eDice","ok",3,0.402640264026403,3,0.744000000000597,FALSE
"daiku_2021_dirty_dozen",3,303,12,303,"Correlation","ok",4,0.399339933993399,4,0.0419999999994616,FALSE
"daiku_2021_dirty_dozen",3,303,12,303,"ACE","ok",5,0.346534653465347,5,89.4369999999999,FALSE
"daiku_2021_dirty_dozen",3,303,12,303,"Original Relationality","ok",4,0.405940594059406,4,2.46400000000085,FALSE
"daiku_2021_dirty_dozen",3,303,12,303,"Recursive Relationality","ok",5,0.254125412541254,5,3.34399999999914,FALSE
"daiku_2021_dirty_dozen",3,303,12,303,"Ensemble","ok",3,0.468646864686469,3,0.0910000000003492,FALSE
"dong_2024_ccaiq",3,303,13,328,"eJaccard","ok",3,0.475609756097561,3,0.353999999999999,FALSE
"dong_2024_ccaiq",3,303,13,328,"Podani","ok",3,0.365853658536585,3,11.597,FALSE
"dong_2024_ccaiq",3,303,13,328,"Euclidean","ok",4,0.356707317073171,4,0.205999999999996,FALSE
"dong_2024_ccaiq",3,303,13,328,"Cosine","ok",10,0.396341463414634,4,0.514000000000003,FALSE
"dong_2024_ccaiq",3,303,13,328,"eDice","ok",3,0.429878048780488,3,0.170000000000002,FALSE
"dong_2024_ccaiq",3,303,13,328,"Correlation","ok",4,0.460365853658537,3,0.551000000000002,FALSE
"dong_2024_ccaiq",3,303,13,328,"ACE","ok",3,0.417682926829268,3,161.32,FALSE
"dong_2024_ccaiq",3,303,13,328,"Original Relationality","ok",4,0.304878048780488,4,5.05200000000002,FALSE
"dong_2024_ccaiq",3,303,13,328,"Recursive Relationality","ok",3,0.445121951219512,3,7.54300000000001,FALSE
"dong_2024_ccaiq",3,303,13,328,"Ensemble","ok",3,0.417682926829268,3,0.123999999999995,FALSE
"dong_2024_engagement",1,101,15,322,"eJaccard","ok",4,0.357142857142857,4,0.762999999999998,FALSE
"dong_2024_engagement",1,101,15,322,"Podani","ok",4,0.425465838509317,4,13.773,FALSE
"dong_2024_engagement",1,101,15,322,"Euclidean","ok",4,0.481366459627329,3,0.173000000000002,FALSE
"dong_2024_engagement",1,101,15,322,"Cosine","ok",8,0.416149068322981,3,0.0840000000000032,FALSE
"dong_2024_engagement",1,101,15,322,"eDice","ok",3,0.456521739130435,3,0.119,FALSE
"dong_2024_engagement",1,101,15,322,"Correlation","ok",4,0.291925465838509,4,0.070999999999998,FALSE
"dong_2024_engagement",1,101,15,322,"ACE","ok",4,0.31055900621118,4,119.09,FALSE
"dong_2024_engagement",1,101,15,322,"Original Relationality","ok",4,0.332298136645963,4,23.166,FALSE
"dong_2024_engagement",1,101,15,322,"Recursive Relationality","ok",4,0.350931677018634,4,24.973,FALSE
"dong_2024_engagement",1,101,15,322,"Ensemble","ok",4,0.307453416149068,4,0.120999999999981,FALSE
"dong_2024_engagement",2,202,15,322,"eJaccard","ok",4,0.347826086956522,4,0.677999999999997,FALSE
"dong_2024_engagement",2,202,15,322,"Podani","ok",4,0.350931677018634,4,18.923,FALSE
"dong_2024_engagement",2,202,15,322,"Euclidean","ok",4,0.397515527950311,3,0.258000000000038,FALSE
"dong_2024_engagement",2,202,15,322,"Cosine","ok",9,0.322981366459627,4,0.132999999999981,FALSE
"dong_2024_engagement",2,202,15,322,"eDice","ok",3,0.450310559006211,3,0.144999999999982,FALSE
"dong_2024_engagement",2,202,15,322,"Correlation","ok",4,0.332298136645963,4,0.0610000000000355,FALSE
"dong_2024_engagement",2,202,15,322,"ACE","ok",4,0.341614906832298,4,104.522,FALSE
"dong_2024_engagement",2,202,15,322,"Original Relationality","ok",4,0.288819875776398,4,3.23899999999998,FALSE
"dong_2024_engagement",2,202,15,322,"Recursive Relationality","ok",4,0.335403726708075,4,12.002,FALSE
"dong_2024_engagement",2,202,15,322,"Ensemble","ok",4,0.322981366459627,4,0.11099999999999,FALSE
"dong_2024_engagement",3,303,15,322,"eJaccard","ok",3,0.487577639751553,3,0.197999999999979,FALSE
"dong_2024_engagement",3,303,15,322,"Podani","ok",4,0.43167701863354,4,18.379,FALSE
"dong_2024_engagement",3,303,15,322,"Euclidean","ok",4,0.453416149068323,3,0.156000000000006,FALSE
"dong_2024_engagement",3,303,15,322,"Cosine","ok",9,0.31055900621118,4,0.0799999999999841,FALSE
"dong_2024_engagement",3,303,15,322,"eDice","ok",3,0.453416149068323,3,0.185999999999979,FALSE
"dong_2024_engagement",3,303,15,322,"Correlation","ok",4,0.316770186335404,4,0.05600000000004,FALSE
"dong_2024_engagement",3,303,15,322,"ACE","ok",4,0.341614906832298,4,116.837,FALSE
"dong_2024_engagement",3,303,15,322,"Original Relationality","ok",4,0.270186335403727,4,4.47000000000003,FALSE
"dong_2024_engagement",3,303,15,322,"Recursive Relationality","ok",4,0.37888198757764,4,13.6429999999999,FALSE
"dong_2024_engagement",3,303,15,322,"Ensemble","ok",4,0.322981366459627,4,0.0970000000000937,FALSE
"dopmeijer_2022_performance_pressure",3,303,12,2000,"eJaccard","ok",3,0.471,3,10.238,FALSE
"dopmeijer_2022_performance_pressure",3,303,12,2000,"Podani","ok",5,0.332,5,469.692,FALSE
"dopmeijer_2022_performance_pressure",3,303,12,2000,"Euclidean","ok",3,0.456,3,8.63900000000001,FALSE
"dopmeijer_2022_performance_pressure",3,303,12,2000,"Cosine","ok",4,0.3165,4,5.89700000000005,FALSE
"dopmeijer_2022_performance_pressure",3,303,12,2000,"eDice","ok",3,0.465,3,11.279,FALSE
"dopmeijer_2022_performance_pressure",3,303,12,2000,"Correlation","ok",5,0.2605,5,3.03399999999999,FALSE
"dopmeijer_2022_performance_pressure",3,303,12,2000,"ACE","ok",9,0.265,6,4378.64,FALSE
"dopmeijer_2022_performance_pressure",3,303,12,2000,"Original Relationality","ok",3,0.4505,3,131.172,FALSE
"dopmeijer_2022_performance_pressure",3,303,12,2000,"Recursive Relationality","ok",4,0.3315,4,168.027,FALSE
"dopmeijer_2022_performance_pressure",3,303,12,2000,"Ensemble","ok",5,0.2675,5,5.53200000000015,FALSE
"dou2025_area",1,101,12,583,"eJaccard","ok",3,0.39451114922813,3,1.027,FALSE
"dou2025_area",1,101,12,583,"Podani","ok",3,0.524871355060034,3,22.715,FALSE
"dou2025_area",1,101,12,583,"Euclidean","ok",3,0.454545454545455,3,0.698,FALSE
"dou2025_area",1,101,12,583,"Cosine","ok",5,0.358490566037736,3,0.472000000000001,FALSE
"dou2025_area",1,101,12,583,"eDice","ok",3,0.343053173241852,3,0.588000000000001,FALSE
"dou2025_area",1,101,12,583,"Correlation","ok",4,0.315608919382504,4,0.427,FALSE
"dou2025_area",1,101,12,583,"ACE","ok",8,0.322469982847341,4,202.034,FALSE
"dou2025_area",1,101,12,583,"Original Relationality","ok",3,0.411663807890223,3,7.31199999999998,FALSE
"dou2025_area",1,101,12,583,"Recursive Relationality","ok",4,0.334476843910806,4,10.36,FALSE
"dou2025_area",1,101,12,583,"Ensemble","ok",4,0.332761578044597,4,0.226999999999975,FALSE
"dou2025_area",2,202,12,583,"eJaccard","ok",3,0.39451114922813,3,0.39100000000002,FALSE
"dou2025_area",2,202,12,583,"Podani","ok",4,0.497427101200686,4,22.424,FALSE
"dou2025_area",2,202,12,583,"Euclidean","ok",3,0.454545454545455,3,0.793000000000006,FALSE
"dou2025_area",2,202,12,583,"Cosine","ok",5,0.337907375643225,3,0.171999999999969,FALSE
"dou2025_area",2,202,12,583,"eDice","ok",3,0.365351629502573,3,0.87700000000001,FALSE
"dou2025_area",2,202,12,583,"Correlation","ok",4,0.307032590051458,4,0.12700000000001,FALSE
"dou2025_area",2,202,12,583,"ACE","ok",8,0.379073756432247,4,204.682,FALSE
"dou2025_area",2,202,12,583,"Original Relationality","ok",3,0.385934819897084,3,7.84100000000001,FALSE
"dou2025_area",2,202,12,583,"Recursive Relationality","ok",4,0.320754716981132,4,10.3589999999999,FALSE
"dou2025_area",2,202,12,583,"Ensemble","ok",4,0.300171526586621,4,0.228000000000065,FALSE
"dou2025_area",3,303,12,583,"eJaccard","ok",3,0.385934819897084,3,0.34699999999998,FALSE
"dou2025_area",3,303,12,583,"Podani","ok",3,0.497427101200686,3,22.811,FALSE
"dou2025_area",3,303,12,583,"Euclidean","ok",3,0.454545454545455,3,0.33299999999997,FALSE
"dou2025_area",3,303,12,583,"Cosine","ok",5,0.344768439108062,3,0.172000000000025,FALSE
"dou2025_area",3,303,12,583,"eDice","ok",3,0.343053173241852,3,0.533999999999992,FALSE
"dou2025_area",3,303,12,583,"Correlation","ok",4,0.317324185248714,4,0.519000000000005,FALSE
"dou2025_area",3,303,12,583,"ACE","ok",8,0.320754716981132,4,208.688,FALSE
"dou2025_area",3,303,12,583,"Original Relationality","ok",3,0.401372212692967,3,7.75099999999998,FALSE
"dou2025_area",3,303,12,583,"Recursive Relationality","ok",4,0.300171526586621,4,10.5110000000001,FALSE
"dou2025_area",3,303,12,583,"Ensemble","ok",3,0.375643224699828,3,0.259000000000015,FALSE
"feardriving_fisher2021",2,202,25,766,"eJaccard","ok",3,0.557441253263708,2,2.06099999999999,FALSE
"feardriving_fisher2021",2,202,25,766,"Podani","ok",3,0.539164490861619,3,349.707,FALSE
"feardriving_fisher2021",2,202,25,766,"Euclidean","ok",3,0.532637075718016,3,1.82099999999997,FALSE
"feardriving_fisher2021",2,202,25,766,"Cosine","ok",204,0.236292428198433,4,1.03100000000001,FALSE
"feardriving_fisher2021",2,202,25,766,"eDice","ok",2,0.610966057441253,2,1.65000000000003,FALSE
"feardriving_fisher2021",2,202,25,766,"Correlation","ok",4,0.459530026109661,3,0.892999999999972,FALSE
"feardriving_fisher2021",2,202,25,766,"ACE","ok",4,0.366840731070496,4,532.756,FALSE
"feardriving_fisher2021",2,202,25,766,"Original Relationality","ok",3,0.449086161879896,3,39.1160000000001,FALSE
"feardriving_fisher2021",2,202,25,766,"Recursive Relationality","ok",4,0.348563968668407,4,433.485,FALSE
"feardriving_fisher2021",2,202,25,766,"Ensemble","ok",3,0.345953002610966,3,0.769999999999982,FALSE
"feardriving_fisher2021",3,303,25,766,"eJaccard","ok",3,0.567885117493473,2,1.17599999999993,FALSE
"feardriving_fisher2021",3,303,25,766,"Podani","ok",3,0.563968668407311,2,290.097,FALSE
"feardriving_fisher2021",3,303,25,766,"Euclidean","ok",2,0.548302872062663,2,0.784000000000106,FALSE
"feardriving_fisher2021",3,303,25,766,"Cosine","ok",205,0.310704960835509,3,0.322999999999865,FALSE
"feardriving_fisher2021",3,303,25,766,"eDice","ok",2,0.60443864229765,2,1.36700000000019,FALSE
"feardriving_fisher2021",3,303,25,766,"Correlation","ok",5,0.370757180156658,3,0.226000000000113,FALSE
"feardriving_fisher2021",3,303,25,766,"ACE","ok",4,0.392950391644909,4,627.474,FALSE
"feardriving_fisher2021",3,303,25,766,"Original Relationality","ok",3,0.456919060052219,3,38.547,FALSE
"feardriving_fisher2021",3,303,25,766,"Recursive Relationality","ok",4,0.348563968668407,4,537.596,FALSE
"feardriving_fisher2021",3,303,25,766,"Ensemble","ok",3,0.373368146214099,3,0.70699999999988,FALSE
"fivpei_perrig_2023_imi",1,101,7,1545,"eJaccard","ok",3,0.456957928802589,3,5.35699999999997,FALSE
"fivpei_perrig_2023_imi",1,101,7,1545,"Podani","ok",4,0.411650485436893,4,68.1609999999999,FALSE
"fivpei_perrig_2023_imi",1,101,7,1545,"Euclidean","ok",3,0.653074433656958,3,4.55400000000009,FALSE
"fivpei_perrig_2023_imi",1,101,7,1545,"Cosine","ok",144,0.353398058252427,3,1.92499999999995,FALSE
"fivpei_perrig_2023_imi",1,101,7,1545,"eDice","ok",3,0.446601941747573,3,4.84000000000003,FALSE
"fivpei_perrig_2023_imi",1,101,7,1545,"Correlation","ok",5,0.558576051779935,2,3.44499999999994,FALSE
"fivpei_perrig_2023_imi",1,101,7,1545,"ACE","ok",4,0.486731391585761,3,2531.278,FALSE
"fivpei_perrig_2023_imi",1,101,7,1545,"Original Relationality","ok",4,0.363106796116505,4,85.4249999999997,FALSE
"fivpei_perrig_2023_imi",1,101,7,1545,"Recursive Relationality","ok",3,0.398705501618123,3,19.8250000000003,FALSE
"fivpei_perrig_2023_imi",1,101,7,1545,"Ensemble","ok",2,0.515857605177994,2,3.22199999999975,FALSE
"frikha_2023_pe_ms",1,101,9,308,"eJaccard","ok",3,0.418831168831169,3,0.19399999999996,FALSE
"frikha_2023_pe_ms",1,101,9,308,"Podani","ok",4,0.292207792207792,4,8.54599999999982,FALSE
"frikha_2023_pe_ms",1,101,9,308,"Euclidean","ok",5,0.272727272727273,4,0.19800000000032,FALSE
"frikha_2023_pe_ms",1,101,9,308,"Cosine","ok",5,0.386363636363636,3,0.0789999999997235,FALSE
"frikha_2023_pe_ms",1,101,9,308,"eDice","ok",3,0.422077922077922,3,0.126000000000204,FALSE
"frikha_2023_pe_ms",1,101,9,308,"Correlation","ok",3,0.477272727272727,2,0.0579999999999927,FALSE
"frikha_2023_pe_ms",1,101,9,308,"ACE","ok",5,0.444805194805195,4,105.643,FALSE
"frikha_2023_pe_ms",1,101,9,308,"Original Relationality","ok",4,0.363636363636364,4,2.77099999999973,FALSE
"frikha_2023_pe_ms",1,101,9,308,"Recursive Relationality","ok",3,0.412337662337662,3,2.49600000000009,FALSE
"frikha_2023_pe_ms",1,101,9,308,"Ensemble","ok",3,0.493506493506494,3,0.0999999999999091,FALSE
"frikha_2023_pe_ms",2,202,9,308,"eJaccard","ok",3,0.415584415584416,3,0.191000000000258,FALSE
"frikha_2023_pe_ms",2,202,9,308,"Podani","ok",3,0.428571428571429,3,6.09299999999985,FALSE
"frikha_2023_pe_ms",2,202,9,308,"Euclidean","ok",4,0.288961038961039,4,0.280999999999949,FALSE
"frikha_2023_pe_ms",2,202,9,308,"Cosine","ok",5,0.405844155844156,3,0.0670000000000073,FALSE
"frikha_2023_pe_ms",2,202,9,308,"eDice","ok",2,0.532467532467532,2,0.188000000000102,FALSE
"frikha_2023_pe_ms",2,202,9,308,"Correlation","ok",3,0.480519480519481,3,0.0549999999998363,FALSE
"frikha_2023_pe_ms",2,202,9,308,"ACE","ok",4,0.438311688311688,3,101.548,FALSE
"frikha_2023_pe_ms",2,202,9,308,"Original Relationality","ok",4,0.305194805194805,4,2.79499999999962,FALSE
"frikha_2023_pe_ms",2,202,9,308,"Recursive Relationality","ok",3,0.506493506493506,3,1.54700000000003,FALSE
"frikha_2023_pe_ms",2,202,9,308,"Ensemble","ok",3,0.503246753246753,2,0.0570000000002437,FALSE
"frikha_2023_pe_ms",3,303,9,308,"eJaccard","ok",3,0.415584415584416,3,0.18100000000004,FALSE
"frikha_2023_pe_ms",3,303,9,308,"Podani","ok",4,0.415584415584416,4,6.00999999999976,FALSE
"frikha_2023_pe_ms",3,303,9,308,"Euclidean","ok",5,0.305194805194805,4,0.184999999999945,FALSE
"frikha_2023_pe_ms",3,303,9,308,"Cosine","ok",5,0.396103896103896,3,0.0520000000001346,FALSE
"frikha_2023_pe_ms",3,303,9,308,"eDice","ok",2,0.529220779220779,2,0.0970000000002074,FALSE
"frikha_2023_pe_ms",3,303,9,308,"Correlation","ok",4,0.480519480519481,3,0.0499999999997272,FALSE
"frikha_2023_pe_ms",3,303,9,308,"ACE","ok",5,0.441558441558442,4,91.2060000000001,FALSE
"frikha_2023_pe_ms",3,303,9,308,"Original Relationality","ok",3,0.496753246753247,3,3.32299999999987,FALSE
"frikha_2023_pe_ms",3,303,9,308,"Recursive Relationality","ok",3,0.418831168831169,3,1.96199999999999,FALSE
"frikha_2023_pe_ms",3,303,9,308,"Ensemble","ok",3,0.516233766233766,2,0.0889999999999418,FALSE
"fukuda_2021_info_reliability",1,101,8,898,"eJaccard","ok",4,0.389755011135857,4,2.55999999999995,FALSE
"fukuda_2021_info_reliability",1,101,8,898,"Podani","ok",4,0.28619153674833,4,36.8240000000001,FALSE
"fukuda_2021_info_reliability",1,101,8,898,"Euclidean","ok",4,0.380846325167038,4,2.01899999999978,FALSE
"fukuda_2021_info_reliability",1,101,8,898,"Cosine","ok",4,0.321826280623608,4,1.15100000000029,FALSE
"fukuda_2021_info_reliability",1,101,8,898,"eDice","ok",3,0.384187082405345,3,2.40099999999984,FALSE
"fukuda_2021_info_reliability",1,101,8,898,"Correlation","ok",6,0.28173719376392,5,0.336999999999989,FALSE
"fukuda_2021_info_reliability",1,101,8,898,"ACE","ok",6,0.234966592427617,5,909.838,FALSE
"fukuda_2021_info_reliability",1,101,8,898,"Original Relationality","ok",3,0.435412026726058,3,28.8219999999997,FALSE
"fukuda_2021_info_reliability",1,101,8,898,"Recursive Relationality","ok",4,0.288418708240535,4,9.89700000000039,FALSE
"fukuda_2021_info_reliability",1,101,8,898,"Ensemble","ok",4,0.280623608017817,4,1.38400000000001,FALSE
"fukuda_2021_info_reliability",2,202,8,898,"eJaccard","ok",4,0.318485523385301,4,2.05299999999988,FALSE
"fukuda_2021_info_reliability",2,202,8,898,"Podani","ok",6,0.241648106904232,5,36.6559999999999,FALSE
"fukuda_2021_info_reliability",2,202,8,898,"Euclidean","ok",4,0.402004454342984,4,2.08200000000033,FALSE
"fukuda_2021_info_reliability",2,202,8,898,"Cosine","ok",4,0.310690423162583,4,0.723999999999705,FALSE
"fukuda_2021_info_reliability",2,202,8,898,"eDice","ok",3,0.43652561247216,3,2.9369999999999,FALSE
"fukuda_2021_info_reliability",2,202,8,898,"Correlation","ok",6,0.255011135857461,5,0.344000000000051,FALSE
"fukuda_2021_info_reliability",2,202,8,898,"ACE","ok",6,0.262806236080178,5,793.312,FALSE
"fukuda_2021_info_reliability",2,202,8,898,"Original Relationality","ok",4,0.347438752783964,4,32.6369999999997,FALSE
"fukuda_2021_info_reliability",2,202,8,898,"Recursive Relationality","ok",4,0.38641425389755,4,11.5860000000002,FALSE
"fukuda_2021_info_reliability",2,202,8,898,"Ensemble","ok",4,0.2728285077951,4,0.791000000000167,FALSE
"fukuda_2021_info_reliability",3,303,8,898,"eJaccard","ok",4,0.287305122494432,4,2.29299999999967,FALSE
"fukuda_2021_info_reliability",3,303,8,898,"Podani","ok",5,0.302895322939866,5,47.2190000000001,FALSE
"fukuda_2021_info_reliability",3,303,8,898,"Euclidean","ok",4,0.406458797327394,4,1.70100000000002,FALSE
"fukuda_2021_info_reliability",3,303,8,898,"Cosine","ok",4,0.321826280623608,4,1.45100000000002,FALSE
"fukuda_2021_info_reliability",3,303,8,898,"eDice","ok",3,0.432071269487751,3,1.88600000000042,FALSE
"fukuda_2021_info_reliability",3,303,8,898,"Correlation","ok",6,0.2728285077951,5,0.378999999999905,FALSE
"fukuda_2021_info_reliability",3,303,8,898,"ACE","ok",7,0.247216035634744,6,822.379,FALSE
"fukuda_2021_info_reliability",3,303,8,898,"Original Relationality","ok",3,0.38641425389755,3,18.8519999999999,FALSE
"fukuda_2021_info_reliability",3,303,8,898,"Recursive Relationality","ok",4,0.275055679287305,4,7.8760000000002,FALSE
"fukuda_2021_info_reliability",3,303,8,898,"Ensemble","ok",4,0.258351893095768,4,0.551000000000386,FALSE
"gillman_2023_pss",1,101,10,396,"eJaccard","ok",3,0.348484848484849,3,0.300000000000182,FALSE
"gillman_2023_pss",1,101,10,396,"Podani","ok",4,0.411616161616162,4,13.3199999999997,FALSE
"gillman_2023_pss",1,101,10,396,"Euclidean","ok",4,0.44949494949495,3,0.358999999999924,FALSE
"gillman_2023_pss",1,101,10,396,"Cosine","ok",3,0.421717171717172,3,0.119000000000142,FALSE
"gillman_2023_pss",1,101,10,396,"eDice","ok",4,0.361111111111111,4,0.30600000000004,FALSE
"gillman_2023_pss",1,101,10,396,"Correlation","ok",4,0.305555555555556,4,0.0999999999999091,FALSE
"gillman_2023_pss",1,101,10,396,"ACE","ok",6,0.340909090909091,4,206.188,FALSE
"gillman_2023_pss",1,101,10,396,"Original Relationality","ok",3,0.454545454545455,3,6.26800000000003,FALSE
"gillman_2023_pss",1,101,10,396,"Recursive Relationality","ok",4,0.330808080808081,4,4.56800000000021,FALSE
"gillman_2023_pss",1,101,10,396,"Ensemble","ok",4,0.340909090909091,4,0.126000000000204,FALSE
"gillman_2023_pss",2,202,10,396,"eJaccard","ok",3,0.338383838383838,3,0.346000000000458,FALSE
"gillman_2023_pss",2,202,10,396,"Podani","ok",4,0.401515151515151,4,15.6480000000001,FALSE
"gillman_2023_pss",2,202,10,396,"Euclidean","ok",4,0.44949494949495,3,0.326999999999316,FALSE
"gillman_2023_pss",2,202,10,396,"Cosine","ok",3,0.419191919191919,3,0.1200000000008,FALSE
"gillman_2023_pss",2,202,10,396,"eDice","ok",3,0.358585858585859,3,0.320999999999913,FALSE
"gillman_2023_pss",2,202,10,396,"Correlation","ok",4,0.308080808080808,4,0.106999999999971,FALSE
"gillman_2023_pss",2,202,10,396,"ACE","ok",6,0.295454545454545,4,185.429999999999,FALSE
"gillman_2023_pss",2,202,10,396,"Original Relationality","ok",3,0.421717171717172,3,5.53700000000026,FALSE
"gillman_2023_pss",2,202,10,396,"Recursive Relationality","ok",4,0.28030303030303,4,4.35300000000007,FALSE
"gillman_2023_pss",2,202,10,396,"Ensemble","ok",3,0.527777777777778,3,0.735999999999876,FALSE
"gillman_2023_pss",3,303,10,396,"eJaccard","ok",3,0.345959595959596,3,0.26299999999992,FALSE
"gillman_2023_pss",3,303,10,396,"Podani","ok",4,0.401515151515151,4,10.7399999999998,FALSE
"gillman_2023_pss",3,303,10,396,"Euclidean","ok",4,0.416666666666667,3,0.304000000000087,FALSE
"gillman_2023_pss",3,303,10,396,"Cosine","ok",3,0.421717171717172,3,0.113999999999578,FALSE
"gillman_2023_pss",3,303,10,396,"eDice","ok",3,0.361111111111111,3,0.354000000000269,FALSE
"gillman_2023_pss",3,303,10,396,"Correlation","ok",4,0.303030303030303,4,0.0839999999998327,FALSE
"gillman_2023_pss",3,303,10,396,"ACE","ok",6,0.310606060606061,4,202.493,FALSE
"gillman_2023_pss",3,303,10,396,"Original Relationality","ok",3,0.431818181818182,3,4.70600000000013,FALSE
"gillman_2023_pss",3,303,10,396,"Recursive Relationality","ok",4,0.361111111111111,4,4.57600000000002,FALSE
"gillman_2023_pss",3,303,10,396,"Ensemble","ok",4,0.371212121212121,4,0.151999999999134,FALSE
"goksel_2026_embarrassment_puremorality",1,101,8,482,"eJaccard","ok",3,0.483402489626556,3,0.429000000000087,FALSE
"goksel_2026_embarrassment_puremorality",1,101,8,482,"Podani","ok",5,0.238589211618257,5,15.2959999999998,FALSE
"goksel_2026_embarrassment_puremorality",1,101,8,482,"Euclidean","ok",4,0.29253112033195,4,0.441000000000258,FALSE
"goksel_2026_embarrassment_puremorality",1,101,8,482,"Cosine","ok",42,0.365145228215768,3,0.197000000000116,FALSE
"goksel_2026_embarrassment_puremorality",1,101,8,482,"eDice","ok",3,0.464730290456432,3,0.402000000000044,FALSE
"goksel_2026_embarrassment_puremorality",1,101,8,482,"Correlation","ok",5,0.288381742738589,5,0.0960000000000036,FALSE
"goksel_2026_embarrassment_puremorality",1,101,8,482,"ACE","ok",4,0.441908713692946,3,257.139,FALSE
"goksel_2026_embarrassment_puremorality",1,101,8,482,"Original Relationality","ok",3,0.390041493775934,3,8.62900000000036,FALSE
"goksel_2026_embarrassment_puremorality",1,101,8,482,"Recursive Relationality","ok",5,0.479253112033195,3,2.93099999999959,FALSE
"goksel_2026_embarrassment_puremorality",1,101,8,482,"Ensemble","ok",3,0.360995850622407,3,0.325000000000273,FALSE
"goksel_2026_embarrassment_puremorality",2,202,8,482,"eJaccard","ok",3,0.466804979253112,3,0.979000000000269,FALSE
"goksel_2026_embarrassment_puremorality",2,202,8,482,"Podani","ok",6,0.29253112033195,6,12.5809999999997,FALSE
"goksel_2026_embarrassment_puremorality",2,202,8,482,"Euclidean","ok",3,0.394190871369295,3,0.273999999999887,FALSE
"goksel_2026_embarrassment_puremorality",2,202,8,482,"Cosine","ok",42,0.365145228215768,3,0.120000000000346,FALSE
"goksel_2026_embarrassment_puremorality",2,202,8,482,"eDice","ok",3,0.439834024896266,3,0.311999999999898,FALSE
"goksel_2026_embarrassment_puremorality",2,202,8,482,"Correlation","ok",6,0.317427385892116,5,0.0540000000000873,FALSE
"goksel_2026_embarrassment_puremorality",2,202,8,482,"ACE","ok",3,0.470954356846473,3,181.326,FALSE
"goksel_2026_embarrassment_puremorality",2,202,8,482,"Original Relationality","ok",4,0.336099585062241,4,5.21399999999994,FALSE
"goksel_2026_embarrassment_puremorality",2,202,8,482,"Recursive Relationality","ok",3,0.45643153526971,3,2.03899999999976,FALSE
"goksel_2026_embarrassment_puremorality",2,202,8,482,"Ensemble","ok",5,0.33195020746888,5,0.240000000000236,FALSE
"goksel_2026_embarrassment_puremorality",3,303,8,482,"eJaccard","ok",3,0.464730290456432,3,0.770999999999731,FALSE
"goksel_2026_embarrassment_puremorality",3,303,8,482,"Podani","ok",5,0.269709543568465,5,8.12000000000035,FALSE
"goksel_2026_embarrassment_puremorality",3,303,8,482,"Euclidean","ok",4,0.280082987551867,4,0.378999999999905,FALSE
"goksel_2026_embarrassment_puremorality",3,303,8,482,"Cosine","ok",42,0.365145228215768,3,0.132000000000062,FALSE
"goksel_2026_embarrassment_puremorality",3,303,8,482,"eDice","ok",3,0.425311203319502,3,0.277999999999793,FALSE
"goksel_2026_embarrassment_puremorality",3,303,8,482,"Correlation","ok",4,0.408713692946058,4,0.055000000000291,FALSE
"goksel_2026_embarrassment_puremorality",3,303,8,482,"ACE","ok",3,0.489626556016597,3,209.542,FALSE
"goksel_2026_embarrassment_puremorality",3,303,8,482,"Original Relationality","ok",3,0.394190871369295,3,8.83500000000004,FALSE
"goksel_2026_embarrassment_puremorality",3,303,8,482,"Recursive Relationality","ok",4,0.479253112033195,3,2.92099999999982,FALSE
"goksel_2026_embarrassment_puremorality",3,303,8,482,"Ensemble","ok",3,0.369294605809129,3,0.295999999999822,FALSE
"grit_brummerhoffman_2021",1,101,8,1797,"eJaccard","ok",3,0.413466889259878,3,7.15299999999991,FALSE
"grit_brummerhoffman_2021",1,101,8,1797,"Podani","ok",3,0.432943795214246,3,103.061,FALSE
"grit_brummerhoffman_2021",1,101,8,1797,"Euclidean","ok",4,0.317195325542571,4,7.35900000000004,FALSE
"grit_brummerhoffman_2021",1,101,8,1797,"Cosine","ok",4,0.335002782415136,4,3.11599999999999,FALSE
"grit_brummerhoffman_2021",1,101,8,1797,"eDice","ok",3,0.398441847523651,3,6.10500000000002,FALSE
"grit_brummerhoffman_2021",1,101,8,1797,"Correlation","ok",6,0.223706176961603,6,1.15800000000002,FALSE
"grit_brummerhoffman_2021",1,101,8,1797,"ACE","ok",7,0.282693377851976,7,1954.025,FALSE
"grit_brummerhoffman_2021",1,101,8,1797,"Original Relationality","ok",4,0.400667779632721,4,68.5239999999999,FALSE
"grit_brummerhoffman_2021",1,101,8,1797,"Recursive Relationality","ok",4,0.325542570951586,4,26.248,FALSE
"grit_brummerhoffman_2021",1,101,8,1797,"Ensemble","ok",3,0.429048414023372,3,3.1869999999999,FALSE
"hao_2025_self_efficacy",1,101,6,620,"eJaccard","ok",4,0.432258064516129,4,1.55599999999993,FALSE
"hao_2025_self_efficacy",1,101,6,620,"Podani","ok",7,0.219354838709677,6,7.59900000000005,FALSE
"hao_2025_self_efficacy",1,101,6,620,"Euclidean","ok",3,0.485483870967742,3,0.558999999999969,FALSE
"hao_2025_self_efficacy",1,101,6,620,"Cosine","ok",4,0.27258064516129,4,0.247000000000071,FALSE
"hao_2025_self_efficacy",1,101,6,620,"eDice","ok",3,0.370967741935484,3,1.2299999999999,FALSE
"hao_2025_self_efficacy",1,101,6,620,"Correlation","ok",8,0.185483870967742,8,0.0990000000000464,FALSE
"hao_2025_self_efficacy",1,101,6,620,"ACE","ok",19,0.156451612903226,9,430.893,FALSE
"hao_2025_self_efficacy",1,101,6,620,"Original Relationality","ok",5,0.290322580645161,5,13.8969999999999,FALSE
"hao_2025_self_efficacy",1,101,6,620,"Recursive Relationality","ok",4,0.3,4,2.38000000000011,FALSE
"hao_2025_self_efficacy",1,101,6,620,"Ensemble","ok",4,0.293548387096774,4,0.414999999999964,FALSE
"hao_2025_self_efficacy",2,202,6,620,"eJaccard","ok",4,0.412903225806452,4,0.978000000000065,FALSE
"hao_2025_self_efficacy",2,202,6,620,"Podani","ok",7,0.258064516129032,7,10.3609999999999,FALSE
"hao_2025_self_efficacy",2,202,6,620,"Euclidean","ok",3,0.545161290322581,3,0.7650000000001,FALSE
"hao_2025_self_efficacy",2,202,6,620,"Cosine","ok",4,0.262903225806452,4,0.978000000000065,FALSE
"hao_2025_self_efficacy",2,202,6,620,"eDice","ok",3,0.366129032258065,3,0.714999999999918,FALSE
"hao_2025_self_efficacy",2,202,6,620,"Correlation","ok",8,0.187096774193548,8,0.147999999999911,FALSE
"hao_2025_self_efficacy",2,202,6,620,"ACE","ok",18,0.219354838709677,7,349.55,FALSE
"hao_2025_self_efficacy",2,202,6,620,"Original Relationality","ok",6,0.229032258064516,6,8.43200000000002,FALSE
"hao_2025_self_efficacy",2,202,6,620,"Recursive Relationality","ok",6,0.266129032258065,6,1.78099999999995,FALSE
"hao_2025_self_efficacy",2,202,6,620,"Ensemble","ok",5,0.293548387096774,5,0.30399999999986,FALSE
"hao_2025_self_efficacy",3,303,6,620,"eJaccard","ok",4,0.324193548387097,4,0.658999999999878,FALSE
"hao_2025_self_efficacy",3,303,6,620,"Podani","ok",6,0.256451612903226,6,12.586,FALSE
"hao_2025_self_efficacy",3,303,6,620,"Euclidean","ok",3,0.503225806451613,3,0.504000000000133,FALSE
"hao_2025_self_efficacy",3,303,6,620,"Cosine","ok",4,0.279032258064516,4,0.239999999999782,FALSE
"hao_2025_self_efficacy",3,303,6,620,"eDice","ok",4,0.343548387096774,4,1.14400000000001,FALSE
"hao_2025_self_efficacy",3,303,6,620,"Correlation","ok",9,0.180645161290323,8,0.102000000000089,FALSE
"hao_2025_self_efficacy",3,303,6,620,"ACE","ok",19,0.174193548387097,8,403.412,FALSE
"hao_2025_self_efficacy",3,303,6,620,"Original Relationality","ok",6,0.235483870967742,5,12.655,FALSE
"hao_2025_self_efficacy",3,303,6,620,"Recursive Relationality","ok",4,0.287096774193548,4,3.04999999999995,FALSE
"hao_2025_self_efficacy",3,303,6,620,"Ensemble","ok",5,0.290322580645161,5,0.365000000000236,FALSE
"herrera_2018_se_d_items",1,101,8,405,"eJaccard","ok",3,0.469135802469136,3,0.298999999999978,FALSE
"herrera_2018_se_d_items",1,101,8,405,"Podani","ok",3,0.481481481481481,3,8.79600000000028,FALSE
"herrera_2018_se_d_items",1,101,8,405,"Euclidean","ok",5,0.259259259259259,5,0.251999999999953,FALSE
"herrera_2018_se_d_items",1,101,8,405,"Cosine","ok",4,0.385185185185185,4,0.148999999999887,FALSE
"herrera_2018_se_d_items",1,101,8,405,"eDice","ok",3,0.533333333333333,3,0.259000000000015,FALSE
"herrera_2018_se_d_items",1,101,8,405,"Correlation","ok",5,0.316049382716049,5,0.0830000000000837,FALSE
"herrera_2018_se_d_items",1,101,8,405,"ACE","ok",4,0.330864197530864,4,182.765,FALSE
"herrera_2018_se_d_items",1,101,8,405,"Original Relationality","ok",3,0.51358024691358,3,3.62100000000009,FALSE
"herrera_2018_se_d_items",1,101,8,405,"Recursive Relationality","ok",4,0.34320987654321,4,1.48199999999997,FALSE
"herrera_2018_se_d_items",1,101,8,405,"Ensemble","ok",3,0.437037037037037,3,0.119999999999891,FALSE
"herrera_2018_se_d_items",2,202,8,405,"eJaccard","ok",3,0.437037037037037,3,0.264999999999873,FALSE
"herrera_2018_se_d_items",2,202,8,405,"Podani","ok",3,0.397530864197531,3,10.5549999999998,FALSE
"herrera_2018_se_d_items",2,202,8,405,"Euclidean","ok",3,0.407407407407407,3,0.356999999999971,FALSE
"herrera_2018_se_d_items",2,202,8,405,"Cosine","ok",4,0.390123456790123,3,0.135000000000218,FALSE
"herrera_2018_se_d_items",2,202,8,405,"eDice","ok",2,0.550617283950617,2,0.284000000000106,FALSE
"herrera_2018_se_d_items",2,202,8,405,"Correlation","ok",4,0.333333333333333,4,0.0859999999997854,FALSE
"herrera_2018_se_d_items",2,202,8,405,"ACE","ok",5,0.281481481481481,5,200.074,FALSE
"herrera_2018_se_d_items",2,202,8,405,"Original Relationality","ok",4,0.320987654320988,4,4.55499999999984,FALSE
"herrera_2018_se_d_items",2,202,8,405,"Recursive Relationality","ok",3,0.459259259259259,3,1.52700000000004,FALSE
"herrera_2018_se_d_items",2,202,8,405,"Ensemble","ok",3,0.602469135802469,2,0.148000000000138,FALSE
"herrera_2018_se_d_items",3,303,8,405,"eJaccard","ok",4,0.501234567901235,3,0.240999999999985,FALSE
"herrera_2018_se_d_items",3,303,8,405,"Podani","ok",4,0.4,3,5.74099999999999,FALSE
"herrera_2018_se_d_items",3,303,8,405,"Euclidean","ok",3,0.409876543209877,3,0.264999999999873,FALSE
"herrera_2018_se_d_items",3,303,8,405,"Cosine","ok",4,0.377777777777778,4,0.144999999999982,FALSE
"herrera_2018_se_d_items",3,303,8,405,"eDice","ok",3,0.516049382716049,3,0.960000000000036,FALSE
"herrera_2018_se_d_items",3,303,8,405,"Correlation","ok",5,0.298765432098765,5,0.0630000000001019,FALSE
"herrera_2018_se_d_items",3,303,8,405,"ACE","ok",5,0.375308641975309,4,126.448,FALSE
"herrera_2018_se_d_items",3,303,8,405,"Original Relationality","ok",4,0.340740740740741,4,3.98500000000013,FALSE
"herrera_2018_se_d_items",3,303,8,405,"Recursive Relationality","ok",3,0.461728395061728,3,1.56799999999976,FALSE
"herrera_2018_se_d_items",3,303,8,405,"Ensemble","ok",3,0.441975308641975,3,0.139000000000124,FALSE
"imos_1994",1,101,6,363,"eJaccard","ok",4,0.330578512396694,4,0.812000000000012,FALSE
"imos_1994",1,101,6,363,"Podani","ok",5,0.325068870523416,5,4.87700000000007,FALSE
"imos_1994",1,101,6,363,"Euclidean","ok",5,0.223140495867769,5,0.305999999999926,FALSE
"imos_1994",1,101,6,363,"Cosine","ok",4,0.31129476584022,4,0.09699999999998,FALSE
"imos_1994",1,101,6,363,"eDice","ok",4,0.316804407713499,4,0.241000000000099,FALSE
"imos_1994",1,101,6,363,"Correlation","ok",8,0.209366391184573,8,0.0519999999999072,FALSE
"imos_1994",1,101,6,363,"ACE","ok",10,0.173553719008264,8,135.114,FALSE
"imos_1994",1,101,6,363,"Original Relationality","ok",3,0.352617079889807,3,4.71699999999998,FALSE
"imos_1994",1,101,6,363,"Recursive Relationality","ok",5,0.267217630853994,5,0.911000000000058,FALSE
"imos_1994",1,101,6,363,"Ensemble","ok",5,0.269972451790634,5,0.113999999999919,FALSE
"imos_1994",2,202,6,363,"eJaccard","ok",5,0.242424242424242,5,0.26400000000001,FALSE
"imos_1994",2,202,6,363,"Podani","ok",5,0.305785123966942,5,3.52800000000002,FALSE
"imos_1994",2,202,6,363,"Euclidean","ok",5,0.242424242424242,5,0.230999999999995,FALSE
"imos_1994",2,202,6,363,"Cosine","ok",5,0.283746556473829,5,0.108999999999924,FALSE
"imos_1994",2,202,6,363,"eDice","ok",4,0.319559228650138,4,0.256000000000085,FALSE
"imos_1994",2,202,6,363,"Correlation","ok",8,0.209366391184573,8,0.0789999999999509,FALSE
"imos_1994",2,202,6,363,"ACE","ok",9,0.184573002754821,8,146.268,FALSE
"imos_1994",2,202,6,363,"Original Relationality","ok",4,0.347107438016529,4,4.49400000000003,FALSE
"imos_1994",2,202,6,363,"Recursive Relationality","ok",4,0.316804407713499,4,0.792999999999893,FALSE
"imos_1994",2,202,6,363,"Ensemble","ok",4,0.349862258953168,4,0.122000000000071,FALSE
"imos_1994",3,303,6,363,"eJaccard","ok",5,0.272727272727273,5,0.218000000000075,FALSE
"imos_1994",3,303,6,363,"Podani","ok",5,0.319559228650138,5,3.548,FALSE
"imos_1994",3,303,6,363,"Euclidean","ok",5,0.242424242424242,5,0.259999999999991,FALSE
"imos_1994",3,303,6,363,"Cosine","ok",5,0.31404958677686,5,0.115999999999985,FALSE
"imos_1994",3,303,6,363,"eDice","ok",4,0.330578512396694,4,0.177999999999997,FALSE
"imos_1994",3,303,6,363,"Correlation","ok",8,0.203856749311295,8,0.0489999999999782,FALSE
"imos_1994",3,303,6,363,"ACE","ok",9,0.176308539944904,8,145.462,FALSE
"imos_1994",3,303,6,363,"Original Relationality","ok",4,0.338842975206612,4,4.673,FALSE
"imos_1994",3,303,6,363,"Recursive Relationality","ok",5,0.25068870523416,5,0.875999999999976,FALSE
"imos_1994",3,303,6,363,"Ensemble","ok",5,0.239669421487603,5,0.11099999999999,FALSE
"imos_1997",1,101,6,441,"eJaccard","ok",3,0.496598639455782,3,0.601000000000113,FALSE
"imos_1997",1,101,6,441,"Podani","ok",5,0.303854875283447,5,5.35100000000011,FALSE
"imos_1997",1,101,6,441,"Euclidean","ok",5,0.251700680272109,5,0.375,FALSE
"imos_1997",1,101,6,441,"Cosine","ok",5,0.385487528344671,4,0.134000000000015,FALSE
"imos_1997",1,101,6,441,"eDice","ok",3,0.489795918367347,3,0.281999999999698,FALSE
"imos_1997",1,101,6,441,"Correlation","ok",7,0.206349206349206,7,0.829999999999927,FALSE
"imos_1997",1,101,6,441,"ACE","ok",8,0.247165532879819,8,214.769,FALSE
"imos_1997",1,101,6,441,"Original Relationality","ok",4,0.349206349206349,4,6.45299999999997,FALSE
"imos_1997",1,101,6,441,"Recursive Relationality","ok",5,0.249433106575964,5,1.12300000000005,FALSE
"imos_1997",1,101,6,441,"Ensemble","ok",4,0.433106575963719,4,0.177000000000135,FALSE
"imos_1997",2,202,6,441,"eJaccard","ok",3,0.487528344671202,3,1.00300000000016,FALSE
"imos_1997",2,202,6,441,"Podani","ok",5,0.324263038548753,5,5.13900000000012,FALSE
"imos_1997",2,202,6,441,"Euclidean","ok",6,0.210884353741497,6,0.420000000000073,FALSE
"imos_1997",2,202,6,441,"Cosine","ok",4,0.410430839002268,4,0.151999999999589,FALSE
"imos_1997",2,202,6,441,"eDice","ok",3,0.476190476190476,3,0.288000000000011,FALSE
"imos_1997",2,202,6,441,"Correlation","ok",7,0.201814058956916,7,0.0869999999999891,FALSE
"imos_1997",2,202,6,441,"ACE","ok",8,0.192743764172336,8,218.247,FALSE
"imos_1997",2,202,6,441,"Original Relationality","ok",4,0.331065759637188,4,6.41800000000012,FALSE
"imos_1997",2,202,6,441,"Recursive Relationality","ok",3,0.410430839002268,3,1.22299999999996,FALSE
"imos_1997",2,202,6,441,"Ensemble","ok",3,0.430839002267574,3,0.197999999999865,FALSE
"imos_1997",3,303,6,441,"eJaccard","ok",3,0.487528344671202,3,0.31899999999996,FALSE
"imos_1997",3,303,6,441,"Podani","ok",4,0.385487528344671,4,5.24400000000014,FALSE
"imos_1997",3,303,6,441,"Euclidean","ok",6,0.210884353741497,6,0.364999999999782,FALSE
"imos_1997",3,303,6,441,"Cosine","ok",5,0.385487528344671,4,0.188000000000102,FALSE
"imos_1997",3,303,6,441,"eDice","ok",3,0.489795918367347,3,0.338999999999942,FALSE
"imos_1997",3,303,6,441,"Correlation","ok",6,0.222222222222222,5,0.0749999999998181,FALSE
"imos_1997",3,303,6,441,"ACE","ok",8,0.195011337868481,8,226.729,FALSE
"imos_1997",3,303,6,441,"Original Relationality","ok",4,0.390022675736961,4,6.27500000000009,FALSE
"imos_1997",3,303,6,441,"Recursive Relationality","ok",4,0.392290249433107,4,1.30099999999993,FALSE
"imos_1997",3,303,6,441,"Ensemble","ok",4,0.414965986394558,4,0.179000000000087,FALSE
"imos_2001",1,101,6,441,"eJaccard","ok",4,0.426303854875283,4,0.333000000000027,FALSE
"imos_2001",1,101,6,441,"Podani","ok",4,0.276643990929705,4,7.24299999999999,FALSE
"imos_2001",1,101,6,441,"Euclidean","ok",4,0.380952380952381,4,0.995999999999981,FALSE
"imos_2001",1,101,6,441,"Cosine","ok",4,0.376417233560091,4,0.158000000000015,FALSE
"imos_2001",1,101,6,441,"eDice","ok",3,0.501133786848073,3,0.322999999999979,FALSE
"imos_2001",1,101,6,441,"Correlation","ok",5,0.260770975056689,5,0.0920000000000414,FALSE
"imos_2001",1,101,6,441,"ACE","ok",8,0.229024943310658,6,207.197,FALSE
"imos_2001",1,101,6,441,"Original Relationality","ok",3,0.390022675736961,3,6.45300000000003,FALSE
"imos_2001",1,101,6,441,"Recursive Relationality","ok",4,0.324263038548753,4,1.25400000000002,FALSE
"imos_2001",1,101,6,441,"Ensemble","ok",4,0.321995464852608,4,0.192999999999984,FALSE
"imos_2001",2,202,6,441,"eJaccard","ok",4,0.426303854875283,4,0.386999999999944,FALSE
"imos_2001",2,202,6,441,"Podani","ok",4,0.27437641723356,4,5.03600000000006,FALSE
"imos_2001",2,202,6,441,"Euclidean","ok",3,0.360544217687075,3,1.03399999999999,FALSE
"imos_2001",2,202,6,441,"Cosine","ok",4,0.36734693877551,4,0.63799999999992,FALSE
"imos_2001",2,202,6,441,"eDice","ok",3,0.501133786848073,3,0.270000000000095,FALSE
"imos_2001",2,202,6,441,"Correlation","ok",5,0.260770975056689,5,0.0989999999999327,FALSE
"imos_2001",2,202,6,441,"ACE","ok",8,0.249433106575964,6,217.459,FALSE
"imos_2001",2,202,6,441,"Original Relationality","ok",3,0.394557823129252,3,6.37399999999991,FALSE
"imos_2001",2,202,6,441,"Recursive Relationality","ok",4,0.326530612244898,4,1.14200000000005,FALSE
"imos_2001",2,202,6,441,"Ensemble","ok",4,0.333333333333333,4,0.17999999999995,FALSE
"imos_2001",3,303,6,441,"eJaccard","ok",4,0.417233560090703,4,0.34699999999998,FALSE
"imos_2001",3,303,6,441,"Podani","ok",4,0.287981859410431,4,5.22200000000009,FALSE
"imos_2001",3,303,6,441,"Euclidean","ok",4,0.287981859410431,4,0.421999999999912,FALSE
"imos_2001",3,303,6,441,"Cosine","ok",4,0.401360544217687,4,0.161000000000058,FALSE
"imos_2001",3,303,6,441,"eDice","ok",3,0.510204081632653,3,0.293999999999983,FALSE
"imos_2001",3,303,6,441,"Correlation","ok",6,0.226757369614512,6,0.0850000000000364,FALSE
"imos_2001",3,303,6,441,"ACE","ok",8,0.233560090702948,6,218.129,FALSE
"imos_2001",3,303,6,441,"Original Relationality","ok",3,0.401360544217687,3,6.38499999999999,FALSE
"imos_2001",3,303,6,441,"Recursive Relationality","ok",4,0.365079365079365,4,1.69499999999994,FALSE
"imos_2001",3,303,6,441,"Ensemble","ok",4,0.349206349206349,4,0.197000000000003,FALSE
"imos_2003",1,101,6,442,"eJaccard","ok",4,0.357466063348416,4,1.23099999999977,FALSE
"imos_2003",1,101,6,442,"Podani","ok",4,0.404977375565611,4,7.04600000000028,FALSE
"imos_2003",1,101,6,442,"Euclidean","ok",5,0.262443438914027,5,0.346000000000004,FALSE
"imos_2003",1,101,6,442,"Cosine","ok",4,0.305429864253394,4,0.829999999999927,FALSE
"imos_2003",1,101,6,442,"eDice","ok",4,0.366515837104072,4,0.282000000000153,FALSE
"imos_2003",1,101,6,442,"Correlation","ok",7,0.31447963800905,5,0.118999999999687,FALSE
"imos_2003",1,101,6,442,"ACE","ok",12,0.309954751131222,5,217.631,FALSE
"imos_2003",1,101,6,442,"Original Relationality","ok",4,0.321266968325792,4,5.7199999999998,FALSE
"imos_2003",1,101,6,442,"Recursive Relationality","ok",4,0.278280542986425,4,1.24400000000014,FALSE
"imos_2003",1,101,6,442,"Ensemble","ok",4,0.309954751131222,4,0.201999999999771,FALSE
"imos_2003",2,202,6,442,"eJaccard","ok",4,0.357466063348416,4,0.197999999999865,FALSE
"imos_2003",2,202,6,442,"Podani","ok",3,0.418552036199095,3,4.02399999999989,FALSE
"imos_2003",2,202,6,442,"Euclidean","ok",5,0.262443438914027,5,0.264000000000124,FALSE
"imos_2003",2,202,6,442,"Cosine","ok",4,0.305429864253394,4,0.0979999999999563,FALSE
"imos_2003",2,202,6,442,"eDice","ok",4,0.366515837104072,4,0.256000000000313,FALSE
"imos_2003",2,202,6,442,"Correlation","ok",7,0.309954751131222,5,0.0599999999999454,FALSE
"imos_2003",2,202,6,442,"ACE","ok",12,0.309954751131222,5,155.994,FALSE
"imos_2003",2,202,6,442,"Original Relationality","ok",4,0.32579185520362,4,4.07199999999966,FALSE
"imos_2003",2,202,6,442,"Recursive Relationality","ok",4,0.282805429864253,4,0.785000000000309,FALSE
"imos_2003",2,202,6,442,"Ensemble","ok",4,0.312217194570136,4,0.135999999999967,FALSE
"imos_2003",3,303,6,442,"eJaccard","ok",4,0.355203619909502,4,0.306999999999789,FALSE
"imos_2003",3,303,6,442,"Podani","ok",4,0.334841628959276,4,5.1550000000002,FALSE
"imos_2003",3,303,6,442,"Euclidean","ok",5,0.262443438914027,5,0.373999999999796,FALSE
"imos_2003",3,303,6,442,"Cosine","ok",4,0.346153846153846,4,0.133000000000266,FALSE
"imos_2003",3,303,6,442,"eDice","ok",4,0.366515837104072,4,0.315000000000055,FALSE
"imos_2003",3,303,6,442,"Correlation","ok",7,0.309954751131222,5,0.103000000000065,FALSE
"imos_2003",3,303,6,442,"ACE","ok",13,0.31447963800905,5,224.401,FALSE
"imos_2003",3,303,6,442,"Original Relationality","ok",4,0.323529411764706,4,6.44300000000021,FALSE
"imos_2003",3,303,6,442,"Recursive Relationality","ok",4,0.280542986425339,4,1.85399999999981,FALSE
"imos_2003",3,303,6,442,"Ensemble","ok",4,0.309954751131222,4,0.174000000000433,FALSE
"imos_2007",1,101,6,505,"eJaccard","ok",3,0.487128712871287,3,0.289999999999964,FALSE
"imos_2007",1,101,6,505,"Podani","ok",4,0.328712871287129,4,5.55400000000009,FALSE
"imos_2007",1,101,6,505,"Euclidean","ok",5,0.306930693069307,5,0.31899999999996,FALSE
"imos_2007",1,101,6,505,"Cosine","ok",6,0.312871287128713,5,0.151000000000067,FALSE
"imos_2007",1,101,6,505,"eDice","ok",3,0.459405940594059,3,0.292999999999893,FALSE
"imos_2007",1,101,6,505,"Correlation","ok",9,0.306930693069307,4,0.0920000000000982,FALSE
"imos_2007",1,101,6,505,"ACE","ok",15,0.273267326732673,4,260.297,FALSE
"imos_2007",1,101,6,505,"Original Relationality","ok",3,0.441584158415842,3,5.12199999999984,FALSE
"imos_2007",1,101,6,505,"Recursive Relationality","ok",4,0.330693069306931,4,0.963000000000193,FALSE
"imos_2007",1,101,6,505,"Ensemble","ok",3,0.457425742574257,3,0.173999999999978,FALSE
"imos_2007",2,202,6,505,"eJaccard","ok",3,0.487128712871287,3,0.25,FALSE
"imos_2007",2,202,6,505,"Podani","ok",4,0.358415841584158,4,4.971,FALSE
"imos_2007",2,202,6,505,"Euclidean","ok",5,0.304950495049505,5,0.305000000000291,FALSE
"imos_2007",2,202,6,505,"Cosine","ok",6,0.312871287128713,5,0.156999999999698,FALSE
"imos_2007",2,202,6,505,"eDice","ok",3,0.398019801980198,3,0.248000000000047,FALSE
"imos_2007",2,202,6,505,"Correlation","ok",9,0.271287128712871,4,0.0940000000000509,FALSE
"imos_2007",2,202,6,505,"ACE","ok",15,0.273267326732673,4,274.279,FALSE
"imos_2007",2,202,6,505,"Original Relationality","ok",3,0.425742574257426,3,7.1880000000001,FALSE
"imos_2007",2,202,6,505,"Recursive Relationality","ok",4,0.374257425742574,4,1.07299999999987,FALSE
"imos_2007",2,202,6,505,"Ensemble","ok",3,0.465346534653465,3,0.264000000000124,FALSE
"imos_2007",3,303,6,505,"eJaccard","ok",3,0.485148514851485,3,1.13200000000006,FALSE
"imos_2007",3,303,6,505,"Podani","ok",4,0.314851485148515,4,9.04499999999962,FALSE
"imos_2007",3,303,6,505,"Euclidean","ok",5,0.304950495049505,5,0.428000000000338,FALSE
"imos_2007",3,303,6,505,"Cosine","ok",6,0.312871287128713,5,0.170999999999822,FALSE
"imos_2007",3,303,6,505,"eDice","ok",3,0.392079207920792,3,1.53200000000015,FALSE
"imos_2007",3,303,6,505,"Correlation","ok",9,0.275247524752475,4,0.106999999999971,FALSE
"imos_2007",3,303,6,505,"ACE","ok",15,0.273267326732673,4,284.77,FALSE
"imos_2007",3,303,6,505,"Original Relationality","ok",3,0.425742574257426,3,7.66899999999987,FALSE
"imos_2007",3,303,6,505,"Recursive Relationality","ok",4,0.332673267326733,4,1.3760000000002,FALSE
"imos_2007",3,303,6,505,"Ensemble","ok",3,0.463366336633663,3,0.253999999999905,FALSE
"imos_2012",1,101,6,527,"eJaccard","ok",3,0.432637571157495,3,0.44399999999996,FALSE
"imos_2012",1,101,6,527,"Podani","ok",4,0.404174573055028,4,9.85599999999977,FALSE
"imos_2012",1,101,6,527,"Euclidean","ok",5,0.278937381404175,5,0.456000000000131,FALSE
"imos_2012",1,101,6,527,"Cosine","ok",5,0.413662239089184,4,0.224999999999909,FALSE
"imos_2012",1,101,6,527,"eDice","ok",3,0.444022770398482,3,0.5,FALSE
"imos_2012",1,101,6,527,"Correlation","ok",4,0.362428842504744,4,0.172000000000025,FALSE
"imos_2012",1,101,6,527,"ACE","ok",6,0.345351043643264,4,305.643,FALSE
"imos_2012",1,101,6,527,"Original Relationality","ok",3,0.445920303605313,3,5.73100000000022,FALSE
"imos_2012",1,101,6,527,"Recursive Relationality","ok",4,0.402277039848197,4,1.16199999999981,FALSE
"imos_2012",1,101,6,527,"Ensemble","ok",3,0.421252371916509,3,0.199999999999818,FALSE
"imos_2012",2,202,6,527,"eJaccard","ok",3,0.432637571157495,3,0.985999999999876,FALSE
"imos_2012",2,202,6,527,"Podani","ok",4,0.309297912713473,4,5.73799999999983,FALSE
"imos_2012",2,202,6,527,"Euclidean","ok",5,0.278937381404175,5,0.342000000000098,FALSE
"imos_2012",2,202,6,527,"Cosine","ok",5,0.413662239089184,4,0.128000000000156,FALSE
"imos_2012",2,202,6,527,"eDice","ok",3,0.445920303605313,3,0.344000000000051,FALSE
"imos_2012",2,202,6,527,"Correlation","ok",4,0.362428842504744,4,0.760999999999967,FALSE
"imos_2012",2,202,6,527,"ACE","ok",6,0.345351043643264,4,232.234,FALSE
"imos_2012",2,202,6,527,"Original Relationality","ok",3,0.434535104364326,3,9.26899999999978,FALSE
"imos_2012",2,202,6,527,"Recursive Relationality","ok",4,0.362428842504744,4,1.8090000000002,FALSE
"imos_2012",2,202,6,527,"Ensemble","ok",4,0.362428842504744,4,0.320000000000164,FALSE
"imos_2012",3,303,6,527,"eJaccard","ok",3,0.459203036053131,3,0.453999999999724,FALSE
"imos_2012",3,303,6,527,"Podani","ok",4,0.351043643263757,4,9.9670000000001,FALSE
"imos_2012",3,303,6,527,"Euclidean","ok",5,0.265654648956357,5,1.24699999999984,FALSE
"imos_2012",3,303,6,527,"Cosine","ok",5,0.396584440227704,4,0.182000000000244,FALSE
"imos_2012",3,303,6,527,"eDice","ok",2,0.554079696394687,2,1.32499999999982,FALSE
"imos_2012",3,303,6,527,"Correlation","ok",4,0.362428842504744,4,0.152000000000044,FALSE
"imos_2012",3,303,6,527,"ACE","ok",6,0.345351043643264,4,295.104,FALSE
"imos_2012",3,303,6,527,"Original Relationality","ok",3,0.445920303605313,3,9.69499999999971,FALSE
"imos_2012",3,303,6,527,"Recursive Relationality","ok",4,0.366223908918406,4,2.36300000000028,FALSE
"imos_2012",3,303,6,527,"Ensemble","ok",3,0.417457305502846,3,0.25,FALSE
"imos_2015",1,101,6,551,"eJaccard","ok",3,0.392014519056261,3,0.631000000000313,FALSE
"imos_2015",1,101,6,551,"Podani","ok",3,0.455535390199637,3,8.79100000000017,FALSE
"imos_2015",1,101,6,551,"Euclidean","ok",4,0.413793103448276,4,0.594000000000051,FALSE
"imos_2015",1,101,6,551,"Cosine","ok",9,0.344827586206897,4,0.216999999999643,FALSE
"imos_2015",1,101,6,551,"eDice","ok",3,0.399274047186933,3,1.39900000000034,FALSE
"imos_2015",1,101,6,551,"Correlation","ok",6,0.41923774954628,4,0.188000000000102,FALSE
"imos_2015",1,101,6,551,"ACE","ok",7,0.343012704174229,5,327.913,FALSE
"imos_2015",1,101,6,551,"Original Relationality","ok",3,0.370235934664247,3,6.51499999999942,FALSE
"imos_2015",1,101,6,551,"Recursive Relationality","ok",4,0.326678765880218,4,2.09500000000025,FALSE
"imos_2015",1,101,6,551,"Ensemble","ok",3,0.417422867513612,3,0.3100000000004,FALSE
"imos_2015",2,202,6,551,"eJaccard","ok",3,0.392014519056261,3,1.14800000000014,FALSE
"imos_2015",2,202,6,551,"Podani","ok",3,0.362976406533575,3,5.91799999999967,FALSE
"imos_2015",2,202,6,551,"Euclidean","ok",4,0.294010889292196,4,0.418999999999869,FALSE
"imos_2015",2,202,6,551,"Cosine","ok",9,0.344827586206897,4,0.819000000000415,FALSE
"imos_2015",2,202,6,551,"eDice","ok",3,0.397459165154265,3,0.331000000000131,FALSE
"imos_2015",2,202,6,551,"Correlation","ok",7,0.353901996370236,5,0.125,FALSE
"imos_2015",2,202,6,551,"ACE","ok",7,0.343012704174229,5,273.46,FALSE
"imos_2015",2,202,6,551,"Original Relationality","ok",3,0.379310344827586,3,7.05799999999999,FALSE
"imos_2015",2,202,6,551,"Recursive Relationality","ok",4,0.35934664246824,4,1.28999999999996,FALSE
"imos_2015",2,202,6,551,"Ensemble","ok",3,0.362976406533575,3,0.295999999999367,FALSE
"imos_2015",3,303,6,551,"eJaccard","ok",3,0.392014519056261,3,0.444000000000415,FALSE
"imos_2015",3,303,6,551,"Podani","ok",3,0.366606170598911,3,6.65299999999934,FALSE
"imos_2015",3,303,6,551,"Euclidean","ok",4,0.315789473684211,4,0.456000000000131,FALSE
"imos_2015",3,303,6,551,"Cosine","ok",9,0.344827586206897,4,0.137000000000626,FALSE
"imos_2015",3,303,6,551,"eDice","ok",3,0.397459165154265,3,0.376999999999498,FALSE
"imos_2015",3,303,6,551,"Correlation","ok",6,0.424682395644283,4,0.83600000000024,FALSE
"imos_2015",3,303,6,551,"ACE","ok",7,0.343012704174229,5,262.374,FALSE
"imos_2015",3,303,6,551,"Original Relationality","ok",3,0.370235934664247,3,7.89199999999983,FALSE
"imos_2015",3,303,6,551,"Recursive Relationality","ok",5,0.333938294010889,5,2.33100000000013,FALSE
"imos_2015",3,303,6,551,"Ensemble","ok",3,0.408348457350272,3,0.261999999999716,FALSE
"karajko2025_ai_benefit",1,101,10,367,"eJaccard","ok",4,0.444141689373297,4,0.277000000000044,FALSE
"karajko2025_ai_benefit",1,101,10,367,"Podani","ok",5,0.26158038147139,5,9.95100000000002,FALSE
"karajko2025_ai_benefit",1,101,10,367,"Euclidean","ok",4,0.318801089918256,4,0.231999999999971,FALSE
"karajko2025_ai_benefit",1,101,10,367,"Cosine","ok",6,0.329700272479564,4,0.123000000000047,FALSE
"karajko2025_ai_benefit",1,101,10,367,"eDice","ok",3,0.498637602179836,3,0.20699999999988,FALSE
"karajko2025_ai_benefit",1,101,10,367,"Correlation","ok",7,0.247956403269755,7,0.0709999999999127,FALSE
"karajko2025_ai_benefit",1,101,10,367,"ACE","ok",9,0.196185286103542,7,160.125,FALSE
"karajko2025_ai_benefit",1,101,10,367,"Original Relationality","ok",3,0.506811989100817,3,5.15000000000009,FALSE
"karajko2025_ai_benefit",1,101,10,367,"Recursive Relationality","ok",4,0.362397820163488,4,4.32500000000027,FALSE
"karajko2025_ai_benefit",1,101,10,367,"Ensemble","ok",4,0.299727520435967,4,0.133000000000266,FALSE
"karajko2025_ai_benefit",2,202,10,367,"eJaccard","ok",4,0.444141689373297,4,0.449999999999818,FALSE
"karajko2025_ai_benefit",2,202,10,367,"Podani","ok",4,0.337874659400545,4,9.88400000000001,FALSE
"karajko2025_ai_benefit",2,202,10,367,"Euclidean","ok",4,0.318801089918256,4,0.226999999999862,FALSE
"karajko2025_ai_benefit",2,202,10,367,"Cosine","ok",5,0.346049046321526,4,0.766000000000076,FALSE
"karajko2025_ai_benefit",2,202,10,367,"eDice","ok",3,0.523160762942779,2,0.220000000000255,FALSE
"karajko2025_ai_benefit",2,202,10,367,"Correlation","ok",8,0.212534059945504,6,0.0529999999998836,FALSE
"karajko2025_ai_benefit",2,202,10,367,"ACE","ok",10,0.17983651226158,8,155.545,FALSE
"karajko2025_ai_benefit",2,202,10,367,"Original Relationality","ok",3,0.46866485013624,3,5.15099999999984,FALSE
"karajko2025_ai_benefit",2,202,10,367,"Recursive Relationality","ok",4,0.329700272479564,4,3.62899999999991,FALSE
"karajko2025_ai_benefit",2,202,10,367,"Ensemble","ok",4,0.307901907356948,4,0.140000000000327,FALSE
"karajko2025_ai_benefit",3,303,10,367,"eJaccard","ok",3,0.457765667574932,3,0.524999999999636,FALSE
"karajko2025_ai_benefit",3,303,10,367,"Podani","ok",5,0.245231607629428,5,10.4450000000002,FALSE
"karajko2025_ai_benefit",3,303,10,367,"Euclidean","ok",3,0.348773841961853,3,0.242999999999938,FALSE
"karajko2025_ai_benefit",3,303,10,367,"Cosine","ok",6,0.310626702997275,5,0.123000000000047,FALSE
"karajko2025_ai_benefit",3,303,10,367,"eDice","ok",3,0.498637602179836,3,0.195999999999913,FALSE
"karajko2025_ai_benefit",3,303,10,367,"Correlation","ok",7,0.209809264305177,7,0.0500000000001819,FALSE
"karajko2025_ai_benefit",3,303,10,367,"ACE","ok",10,0.182561307901907,8,124.731,FALSE
"karajko2025_ai_benefit",3,303,10,367,"Original Relationality","ok",3,0.465940054495913,3,3.30600000000004,FALSE
"karajko2025_ai_benefit",3,303,10,367,"Recursive Relationality","ok",4,0.343324250681199,4,3.20699999999988,FALSE
"karajko2025_ai_benefit",3,303,10,367,"Ensemble","ok",3,0.427792915531335,3,0.1550000000002,FALSE
"karajko2025_ai_governance",1,101,6,309,"eJaccard","ok",3,0.501618122977346,3,0.177000000000021,FALSE
"karajko2025_ai_governance",1,101,6,309,"Podani","ok",4,0.320388349514563,4,3.69200000000001,FALSE
"karajko2025_ai_governance",1,101,6,309,"Euclidean","ok",4,0.359223300970874,4,0.169999999999959,FALSE
"karajko2025_ai_governance",1,101,6,309,"Cosine","ok",20,0.326860841423948,3,0.08299999999997,FALSE
"karajko2025_ai_governance",1,101,6,309,"eDice","ok",4,0.453074433656958,3,0.134999999999991,FALSE
"karajko2025_ai_governance",1,101,6,309,"Correlation","ok",6,0.249190938511327,5,0.0380000000000109,FALSE
"karajko2025_ai_governance",1,101,6,309,"ACE","ok",6,0.213592233009709,6,100.042,FALSE
"karajko2025_ai_governance",1,101,6,309,"Original Relationality","ok",4,0.381877022653722,4,3.3760000000002,FALSE
"karajko2025_ai_governance",1,101,6,309,"Recursive Relationality","ok",4,0.307443365695793,4,0.667999999999893,FALSE
"karajko2025_ai_governance",1,101,6,309,"Ensemble","ok",4,0.372168284789644,4,0.1099999999999,FALSE
"karajko2025_ai_governance",2,202,6,309,"eJaccard","ok",3,0.423948220064725,3,0.177999999999884,FALSE
"karajko2025_ai_governance",2,202,6,309,"Podani","ok",4,0.407766990291262,4,3.66300000000001,FALSE
"karajko2025_ai_governance",2,202,6,309,"Euclidean","ok",4,0.330097087378641,4,0.20900000000006,FALSE
"karajko2025_ai_governance",2,202,6,309,"Cosine","ok",20,0.326860841423948,3,0.0799999999999272,FALSE
"karajko2025_ai_governance",2,202,6,309,"eDice","ok",3,0.411003236245955,3,0.167000000000144,FALSE
"karajko2025_ai_governance",2,202,6,309,"Correlation","ok",7,0.245954692556634,5,0.0389999999999873,FALSE
"karajko2025_ai_governance",2,202,6,309,"ACE","ok",7,0.226537216828479,6,95.893,FALSE
"karajko2025_ai_governance",2,202,6,309,"Original Relationality","ok",4,0.394822006472492,4,1.94299999999998,FALSE
"karajko2025_ai_governance",2,202,6,309,"Recursive Relationality","ok",4,0.288025889967638,4,0.38799999999992,FALSE
"karajko2025_ai_governance",2,202,6,309,"Ensemble","ok",4,0.355987055016181,4,0.0779999999999745,FALSE
"karajko2025_ai_governance",3,303,6,309,"eJaccard","ok",3,0.427184466019417,3,0.639999999999873,FALSE
"karajko2025_ai_governance",3,303,6,309,"Podani","ok",4,0.310679611650485,4,1.93100000000004,FALSE
"karajko2025_ai_governance",3,303,6,309,"Euclidean","ok",4,0.326860841423948,4,0.132000000000062,FALSE
"karajko2025_ai_governance",3,303,6,309,"Cosine","ok",20,0.323624595469256,4,0.0549999999998363,FALSE
"karajko2025_ai_governance",3,303,6,309,"eDice","ok",3,0.401294498381877,3,0.102000000000089,FALSE
"karajko2025_ai_governance",3,303,6,309,"Correlation","ok",6,0.245954692556634,5,0.0260000000000673,FALSE
"karajko2025_ai_governance",3,303,6,309,"ACE","ok",6,0.213592233009709,6,96.528,FALSE
"karajko2025_ai_governance",3,303,6,309,"Original Relationality","ok",4,0.40453074433657,4,3.18299999999999,FALSE
"karajko2025_ai_governance",3,303,6,309,"Recursive Relationality","ok",4,0.336569579288026,4,0.624000000000024,FALSE
"karajko2025_ai_governance",3,303,6,309,"Ensemble","ok",5,0.268608414239482,5,0.108999999999924,FALSE
"liu_2025_learning_motivation",3,303,16,311,"eJaccard","ok",4,0.418006430868167,4,0.289000000000001,FALSE
"liu_2025_learning_motivation",3,303,16,311,"Podani","ok",2,0.578778135048232,2,19.255,FALSE
"liu_2025_learning_motivation",3,303,16,311,"Euclidean","ok",3,0.546623794212219,3,0.224000000000004,FALSE
"liu_2025_learning_motivation",3,303,16,311,"Cosine","ok",28,0.353697749196141,3,0.105999999999995,FALSE
"liu_2025_learning_motivation",3,303,16,311,"eDice","ok",4,0.382636655948553,4,0.614999999999995,FALSE
"liu_2025_learning_motivation",3,303,16,311,"Correlation","ok",4,0.398713826366559,3,0.543999999999997,FALSE
"liu_2025_learning_motivation",3,303,16,311,"ACE","ok",4,0.405144694533762,3,147.759,FALSE
"liu_2025_learning_motivation",3,303,16,311,"Original Relationality","ok",3,0.466237942122186,3,5.53399999999999,FALSE
"liu_2025_learning_motivation",3,303,16,311,"Recursive Relationality","ok",3,0.418006430868167,3,16.235,FALSE
"liu_2025_learning_motivation",3,303,16,311,"Ensemble","ok",3,0.459807073954984,3,0.144999999999982,FALSE
"lorenz_2016_optimism2",1,101,10,321,"eJaccard","ok",4,0.457943925233645,4,0.20799999999997,FALSE
"lorenz_2016_optimism2",1,101,10,321,"Podani","ok",3,0.473520249221184,3,5.42500000000007,FALSE
"lorenz_2016_optimism2",1,101,10,321,"Euclidean","ok",4,0.43613707165109,4,0.162999999999897,FALSE
"lorenz_2016_optimism2",1,101,10,321,"Cosine","ok",7,0.333333333333333,3,0.0590000000000828,FALSE
"lorenz_2016_optimism2",1,101,10,321,"eDice","ok",3,0.467289719626168,3,0.145999999999958,FALSE
"lorenz_2016_optimism2",1,101,10,321,"Correlation","ok",4,0.358255451713396,4,0.0410000000000537,FALSE
"lorenz_2016_optimism2",1,101,10,321,"ACE","ok",5,0.230529595015576,5,75.4069999999999,FALSE
"lorenz_2016_optimism2",1,101,10,321,"Original Relationality","ok",4,0.439252336448598,4,2.37700000000007,FALSE
"lorenz_2016_optimism2",1,101,10,321,"Recursive Relationality","ok",3,0.401869158878505,3,1.89199999999994,FALSE
"lorenz_2016_optimism2",1,101,10,321,"Ensemble","ok",3,0.411214953271028,3,0.0819999999999936,FALSE
"lorenz_2016_optimism2",2,202,10,321,"eJaccard","ok",4,0.448598130841121,4,0.130999999999972,FALSE
"lorenz_2016_optimism2",2,202,10,321,"Podani","ok",3,0.429906542056075,3,7.255,FALSE
"lorenz_2016_optimism2",2,202,10,321,"Euclidean","ok",4,0.442367601246106,4,0.131999999999948,FALSE
"lorenz_2016_optimism2",2,202,10,321,"Cosine","ok",6,0.32398753894081,3,0.0660000000000309,FALSE
"lorenz_2016_optimism2",2,202,10,321,"eDice","ok",4,0.389408099688474,4,0.18100000000004,FALSE
"lorenz_2016_optimism2",2,202,10,321,"Correlation","ok",5,0.302180685358255,5,0.0339999999999918,FALSE
"lorenz_2016_optimism2",2,202,10,321,"ACE","ok",5,0.283489096573209,5,113.185,FALSE
"lorenz_2016_optimism2",2,202,10,321,"Original Relationality","ok",4,0.439252336448598,4,4.03000000000009,FALSE
"lorenz_2016_optimism2",2,202,10,321,"Recursive Relationality","ok",3,0.361370716510903,3,2.67599999999993,FALSE
"lorenz_2016_optimism2",2,202,10,321,"Ensemble","ok",3,0.364485981308411,3,0.106999999999971,FALSE
"lorenz_2016_optimism2",3,303,10,321,"eJaccard","ok",4,0.429906542056075,4,0.20799999999997,FALSE
"lorenz_2016_optimism2",3,303,10,321,"Podani","ok",3,0.482866043613707,3,8.72300000000007,FALSE
"lorenz_2016_optimism2",3,303,10,321,"Euclidean","ok",3,0.467289719626168,3,0.144000000000005,FALSE
"lorenz_2016_optimism2",3,303,10,321,"Cosine","ok",7,0.367601246105919,4,0.630999999999972,FALSE
"lorenz_2016_optimism2",3,303,10,321,"eDice","ok",3,0.429906542056075,3,0.184999999999945,FALSE
"lorenz_2016_optimism2",3,303,10,321,"Correlation","ok",4,0.261682242990654,4,0.0490000000000919,FALSE
"lorenz_2016_optimism2",3,303,10,321,"ACE","ok",5,0.242990654205607,5,125.538,FALSE
"lorenz_2016_optimism2",3,303,10,321,"Original Relationality","ok",4,0.467289719626168,4,4.00800000000004,FALSE
"lorenz_2016_optimism2",3,303,10,321,"Recursive Relationality","ok",3,0.358255451713396,3,3.12199999999984,FALSE
"lorenz_2016_optimism2",3,303,10,321,"Ensemble","ok",4,0.289719626168224,4,0.101000000000113,FALSE
"merlo2025_eet",2,202,29,1052,"eJaccard","ok",2,0.536121673003802,2,3.434,FALSE
"merlo2025_eet",2,202,29,1052,"Podani","ok",3,0.519961977186312,3,723.419,FALSE
"merlo2025_eet",2,202,29,1052,"Euclidean","ok",3,0.473384030418251,3,2.07400000000007,FALSE
"merlo2025_eet",2,202,29,1052,"Cosine","ok",176,0.268060836501901,4,1.87099999999998,FALSE
"merlo2025_eet",2,202,29,1052,"eDice","ok",2,0.548479087452472,2,2.58499999999992,FALSE
"merlo2025_eet",2,202,29,1052,"Correlation","ok",5,0.276615969581749,4,2.05000000000007,FALSE
"merlo2025_eet",2,202,29,1052,"ACE","ok",6,0.25,6,1228.645,FALSE
"merlo2025_eet",2,202,29,1052,"Original Relationality","ok",3,0.520912547528517,2,83.6530000000002,FALSE
"merlo2025_eet",2,202,29,1052,"Recursive Relationality","ok",4,0.384980988593156,4,1692.982,FALSE
"merlo2025_eet",2,202,29,1052,"Ensemble","ok",3,0.39828897338403,3,1.38999999999987,FALSE
"namprb_siwiak_2024_gcbs",1,101,15,391,"eJaccard","ok",3,0.411764705882353,3,0.371999999999844,FALSE
"namprb_siwiak_2024_gcbs",1,101,15,391,"Podani","ok",5,0.332480818414322,5,24.1100000000001,FALSE
"namprb_siwiak_2024_gcbs",1,101,15,391,"Euclidean","ok",4,0.350383631713555,4,0.394999999999982,FALSE
"namprb_siwiak_2024_gcbs",1,101,15,391,"Cosine","ok",5,0.355498721227621,3,0.173000000000002,FALSE
"namprb_siwiak_2024_gcbs",1,101,15,391,"eDice","ok",3,0.457800511508951,3,0.292999999999893,FALSE
"namprb_siwiak_2024_gcbs",1,101,15,391,"Correlation","ok",5,0.263427109974425,5,0.0850000000000364,FALSE
"namprb_siwiak_2024_gcbs",1,101,15,391,"ACE","ok",5,0.378516624040921,4,174.021,FALSE
"namprb_siwiak_2024_gcbs",1,101,15,391,"Original Relationality","ok",4,0.447570332480818,3,7.31000000000017,FALSE
"namprb_siwiak_2024_gcbs",1,101,15,391,"Recursive Relationality","ok",5,0.240409207161125,5,19.4849999999999,FALSE
"namprb_siwiak_2024_gcbs",1,101,15,391,"Ensemble","ok",4,0.286445012787724,4,0.170000000000073,FALSE
"namprb_siwiak_2024_gcbs",2,202,15,391,"eJaccard","ok",3,0.442455242966752,3,0.335999999999785,FALSE
"namprb_siwiak_2024_gcbs",2,202,15,391,"Podani","ok",5,0.370843989769821,5,24.24,FALSE
"namprb_siwiak_2024_gcbs",2,202,15,391,"Euclidean","ok",3,0.424552429667519,3,0.25200000000018,FALSE
"namprb_siwiak_2024_gcbs",2,202,15,391,"Cosine","ok",6,0.363171355498721,3,0.111999999999853,FALSE
"namprb_siwiak_2024_gcbs",2,202,15,391,"eDice","ok",2,0.519181585677749,2,0.779999999999973,FALSE
"namprb_siwiak_2024_gcbs",2,202,15,391,"Correlation","ok",6,0.225063938618926,6,0.0900000000001455,FALSE
"namprb_siwiak_2024_gcbs",2,202,15,391,"ACE","ok",5,0.332480818414322,4,175.871,FALSE
"namprb_siwiak_2024_gcbs",2,202,15,391,"Original Relationality","ok",3,0.445012787723785,3,5.12700000000018,FALSE
"namprb_siwiak_2024_gcbs",2,202,15,391,"Recursive Relationality","ok",4,0.268542199488491,4,12.2299999999998,FALSE
"namprb_siwiak_2024_gcbs",2,202,15,391,"Ensemble","ok",5,0.253196930946292,5,0.18300000000022,FALSE
"namprb_siwiak_2024_gcbs",3,303,15,391,"eJaccard","ok",3,0.468030690537084,3,0.291000000000167,FALSE
"namprb_siwiak_2024_gcbs",3,303,15,391,"Podani","ok",4,0.388746803069054,4,18.5909999999999,FALSE
"namprb_siwiak_2024_gcbs",3,303,15,391,"Euclidean","ok",3,0.424552429667519,3,0.201000000000022,FALSE
"namprb_siwiak_2024_gcbs",3,303,15,391,"Cosine","ok",6,0.360613810741688,3,0.553000000000111,FALSE
"namprb_siwiak_2024_gcbs",3,303,15,391,"eDice","ok",3,0.450127877237852,3,0.149999999999864,FALSE
"namprb_siwiak_2024_gcbs",3,303,15,391,"Correlation","ok",5,0.355498721227621,5,0.0579999999999927,FALSE
"namprb_siwiak_2024_gcbs",3,303,15,391,"ACE","ok",5,0.378516624040921,4,128.172,FALSE
"namprb_siwiak_2024_gcbs",3,303,15,391,"Original Relationality","ok",3,0.432225063938619,3,7.49800000000005,FALSE
"namprb_siwiak_2024_gcbs",3,303,15,391,"Recursive Relationality","ok",4,0.281329923273657,4,16.431,FALSE
"namprb_siwiak_2024_gcbs",3,303,15,391,"Ensemble","ok",3,0.381074168797954,3,0.191000000000031,FALSE
"nas_rogoza_2024_study2_ngs",1,101,13,321,"eJaccard","ok",3,0.520249221183801,2,0.180000000000007,FALSE
"nas_rogoza_2024_study2_ngs",1,101,13,321,"Podani","ok",4,0.339563862928349,4,18.656,FALSE
"nas_rogoza_2024_study2_ngs",1,101,13,321,"Euclidean","ok",3,0.361370716510903,3,0.240000000000009,FALSE
"nas_rogoza_2024_study2_ngs",1,101,13,321,"Cosine","ok",62,0.252336448598131,5,0.107000000000028,FALSE
"nas_rogoza_2024_study2_ngs",1,101,13,321,"eDice","ok",3,0.479750778816199,3,0.764999999999986,FALSE
"nas_rogoza_2024_study2_ngs",1,101,13,321,"Correlation","ok",5,0.308411214953271,4,0.0539999999999736,FALSE
"nas_rogoza_2024_study2_ngs",1,101,13,321,"ACE","ok",7,0.183800623052959,7,113.552,FALSE
"nas_rogoza_2024_study2_ngs",1,101,13,321,"Original Relationality","ok",3,0.473520249221184,3,5.20100000000002,FALSE
"nas_rogoza_2024_study2_ngs",1,101,13,321,"Recursive Relationality","ok",4,0.29595015576324,4,7.72299999999996,FALSE
"nas_rogoza_2024_study2_ngs",1,101,13,321,"Ensemble","ok",4,0.29595015576324,4,0.156999999999982,FALSE
"nas_rogoza_2024_study2_ngs",2,202,13,321,"eJaccard","ok",3,0.520249221183801,2,0.165999999999997,FALSE
"nas_rogoza_2024_study2_ngs",2,202,13,321,"Podani","ok",5,0.280373831775701,5,17.839,FALSE
"nas_rogoza_2024_study2_ngs",2,202,13,321,"Euclidean","ok",3,0.485981308411215,3,0.170000000000016,FALSE
"nas_rogoza_2024_study2_ngs",2,202,13,321,"Cosine","ok",64,0.271028037383178,4,0.103999999999985,FALSE
"nas_rogoza_2024_study2_ngs",2,202,13,321,"eDice","ok",3,0.510903426791277,3,0.148000000000025,FALSE
"nas_rogoza_2024_study2_ngs",2,202,13,321,"Correlation","ok",5,0.261682242990654,5,0.0559999999999832,FALSE
"nas_rogoza_2024_study2_ngs",2,202,13,321,"ACE","ok",6,0.230529595015576,6,112.267,FALSE
"nas_rogoza_2024_study2_ngs",2,202,13,321,"Original Relationality","ok",3,0.501557632398754,3,4.125,FALSE
"nas_rogoza_2024_study2_ngs",2,202,13,321,"Recursive Relationality","ok",4,0.305295950155763,4,8.02800000000002,FALSE
"nas_rogoza_2024_study2_ngs",2,202,13,321,"Ensemble","ok",4,0.355140186915888,4,0.118000000000052,FALSE
"nas_rogoza_2024_study2_ngs",3,303,13,321,"eJaccard","ok",3,0.514018691588785,2,0.173999999999978,FALSE
"nas_rogoza_2024_study2_ngs",3,303,13,321,"Podani","ok",4,0.339563862928349,4,12.2420000000001,FALSE
"nas_rogoza_2024_study2_ngs",3,303,13,321,"Euclidean","ok",3,0.373831775700935,3,0.212999999999965,FALSE
"nas_rogoza_2024_study2_ngs",3,303,13,321,"Cosine","ok",61,0.2398753894081,4,0.0879999999999654,FALSE
"nas_rogoza_2024_study2_ngs",3,303,13,321,"eDice","ok",2,0.545171339563863,2,0.171000000000049,FALSE
"nas_rogoza_2024_study2_ngs",3,303,13,321,"Correlation","ok",7,0.264797507788162,6,0.0430000000000064,FALSE
"nas_rogoza_2024_study2_ngs",3,303,13,321,"ACE","ok",6,0.236760124610592,6,120.279,FALSE
"nas_rogoza_2024_study2_ngs",3,303,13,321,"Original Relationality","ok",3,0.473520249221184,3,4.09199999999998,FALSE
"nas_rogoza_2024_study2_ngs",3,303,13,321,"Recursive Relationality","ok",4,0.302180685358255,4,8,FALSE
"nas_rogoza_2024_study2_ngs",3,303,13,321,"Ensemble","ok",4,0.271028037383178,4,0.120999999999981,FALSE
"odachi_2022_fear_covid19",1,101,7,408,"eJaccard","ok",3,0.477941176470588,3,0.345000000000255,FALSE
"odachi_2022_fear_covid19",1,101,7,408,"Podani","ok",5,0.340686274509804,5,7.97099999999955,FALSE
"odachi_2022_fear_covid19",1,101,7,408,"Euclidean","ok",5,0.399509803921569,5,0.304000000000087,FALSE
"odachi_2022_fear_covid19",1,101,7,408,"Cosine","ok",6,0.29656862745098,4,0.131000000000313,FALSE
"odachi_2022_fear_covid19",1,101,7,408,"eDice","ok",3,0.443627450980392,3,0.318999999999505,FALSE
"odachi_2022_fear_covid19",1,101,7,408,"Correlation","ok",4,0.360294117647059,4,0.155999999999949,FALSE
"odachi_2022_fear_covid19",1,101,7,408,"ACE","ok",3,0.394607843137255,3,201.674,FALSE
"odachi_2022_fear_covid19",1,101,7,408,"Original Relationality","ok",4,0.32843137254902,4,3.54500000000007,FALSE
"odachi_2022_fear_covid19",1,101,7,408,"Recursive Relationality","ok",4,0.333333333333333,4,0.945999999999913,FALSE
"odachi_2022_fear_covid19",1,101,7,408,"Ensemble","ok",3,0.397058823529412,3,0.121000000000095,FALSE
"odachi_2022_fear_covid19",2,202,7,408,"eJaccard","ok",3,0.526960784313726,2,0.240999999999985,FALSE
"odachi_2022_fear_covid19",2,202,7,408,"Podani","ok",4,0.362745098039216,4,4.29200000000037,FALSE
"odachi_2022_fear_covid19",2,202,7,408,"Euclidean","ok",4,0.338235294117647,4,0.220999999999549,FALSE
"odachi_2022_fear_covid19",2,202,7,408,"Cosine","ok",6,0.301470588235294,4,0.0929999999998472,FALSE
"odachi_2022_fear_covid19",2,202,7,408,"eDice","ok",3,0.504901960784314,2,0.181000000000495,FALSE
"odachi_2022_fear_covid19",2,202,7,408,"Correlation","ok",4,0.350490196078431,4,0.0739999999996144,FALSE
"odachi_2022_fear_covid19",2,202,7,408,"ACE","ok",3,0.394607843137255,3,183.877,FALSE
"odachi_2022_fear_covid19",2,202,7,408,"Original Relationality","ok",4,0.28921568627451,4,6.15599999999995,FALSE
"odachi_2022_fear_covid19",2,202,7,408,"Recursive Relationality","ok",3,0.426470588235294,3,1.69700000000012,FALSE
"odachi_2022_fear_covid19",2,202,7,408,"Ensemble","ok",3,0.394607843137255,3,0.216999999999643,FALSE
"odachi_2022_fear_covid19",3,303,7,408,"eJaccard","ok",3,0.465686274509804,3,0.335000000000036,FALSE
"odachi_2022_fear_covid19",3,303,7,408,"Podani","ok",4,0.379901960784314,4,5.46600000000035,FALSE
"odachi_2022_fear_covid19",3,303,7,408,"Euclidean","ok",5,0.316176470588235,5,0.246999999999389,FALSE
"odachi_2022_fear_covid19",3,303,7,408,"Cosine","ok",5,0.379901960784314,3,0.789999999999964,FALSE
"odachi_2022_fear_covid19",3,303,7,408,"eDice","ok",3,0.519607843137255,2,0.199000000000524,FALSE
"odachi_2022_fear_covid19",3,303,7,408,"Correlation","ok",4,0.345588235294118,4,0.100999999999658,FALSE
"odachi_2022_fear_covid19",3,303,7,408,"ACE","ok",3,0.394607843137255,3,166.023,FALSE
"odachi_2022_fear_covid19",3,303,7,408,"Original Relationality","ok",5,0.291666666666667,5,5.77599999999984,FALSE
"odachi_2022_fear_covid19",3,303,7,408,"Recursive Relationality","ok",4,0.352941176470588,4,1.39699999999993,FALSE
"odachi_2022_fear_covid19",3,303,7,408,"Ensemble","ok",3,0.384803921568627,3,0.167000000000371,FALSE
"ozkurt_2026_continuance_intention",1,101,6,346,"eJaccard","ok",3,0.476878612716763,3,0.312999999999995,FALSE
"ozkurt_2026_continuance_intention",1,101,6,346,"Podani","ok",4,0.320809248554913,4,2.472,FALSE
"ozkurt_2026_continuance_intention",1,101,6,346,"Euclidean","ok",5,0.34393063583815,5,0.170000000000002,FALSE
"ozkurt_2026_continuance_intention",1,101,6,346,"Cosine","ok",5,0.323699421965318,4,0.0609999999999999,FALSE
"ozkurt_2026_continuance_intention",1,101,6,346,"eDice","ok",3,0.442196531791907,3,0.198,FALSE
"ozkurt_2026_continuance_intention",1,101,6,346,"Correlation","ok",6,0.274566473988439,6,0.0529999999999973,FALSE
"ozkurt_2026_continuance_intention",1,101,6,346,"ACE","ok",4,0.312138728323699,4,112.19,FALSE
"ozkurt_2026_continuance_intention",1,101,6,346,"Original Relationality","ok",4,0.332369942196532,4,4.45399999999998,FALSE
"ozkurt_2026_continuance_intention",1,101,6,346,"Recursive Relationality","ok",4,0.358381502890173,4,1.285,FALSE
"ozkurt_2026_continuance_intention",1,101,6,346,"Ensemble","ok",4,0.320809248554913,4,0.969000000000023,FALSE
"ozkurt_2026_continuance_intention",2,202,6,346,"eJaccard","ok",3,0.482658959537572,3,0.268000000000001,FALSE
"ozkurt_2026_continuance_intention",2,202,6,346,"Podani","ok",5,0.274566473988439,5,4.49099999999999,FALSE
"ozkurt_2026_continuance_intention",2,202,6,346,"Euclidean","ok",4,0.364161849710983,4,0.246000000000009,FALSE
"ozkurt_2026_continuance_intention",2,202,6,346,"Cosine","ok",6,0.341040462427746,3,0.127999999999986,FALSE
"ozkurt_2026_continuance_intention",2,202,6,346,"eDice","ok",3,0.442196531791907,3,0.229000000000013,FALSE
"ozkurt_2026_continuance_intention",2,202,6,346,"Correlation","ok",5,0.286127167630058,5,0.687999999999988,FALSE
"ozkurt_2026_continuance_intention",2,202,6,346,"ACE","ok",5,0.260115606936416,5,129.365,FALSE
"ozkurt_2026_continuance_intention",2,202,6,346,"Original Relationality","ok",3,0.355491329479769,3,4.15800000000002,FALSE
"ozkurt_2026_continuance_intention",2,202,6,346,"Recursive Relationality","ok",3,0.433526011560694,3,0.921999999999969,FALSE
"ozkurt_2026_continuance_intention",2,202,6,346,"Ensemble","ok",3,0.404624277456647,3,0.126000000000033,FALSE
"ozkurt_2026_continuance_intention",3,303,6,346,"eJaccard","ok",3,0.479768786127168,3,0.218999999999994,FALSE
"ozkurt_2026_continuance_intention",3,303,6,346,"Podani","ok",4,0.335260115606936,4,3.279,FALSE
"ozkurt_2026_continuance_intention",3,303,6,346,"Euclidean","ok",5,0.309248554913295,5,0.201999999999998,FALSE
"ozkurt_2026_continuance_intention",3,303,6,346,"Cosine","ok",6,0.326589595375723,4,0.0950000000000273,FALSE
"ozkurt_2026_continuance_intention",3,303,6,346,"eDice","ok",4,0.407514450867052,3,0.206000000000017,FALSE
"ozkurt_2026_continuance_intention",3,303,6,346,"Correlation","ok",6,0.291907514450867,5,0.0609999999999786,FALSE
"ozkurt_2026_continuance_intention",3,303,6,346,"ACE","ok",5,0.297687861271676,4,126.064,FALSE
"ozkurt_2026_continuance_intention",3,303,6,346,"Original Relationality","ok",4,0.309248554913295,4,3.84199999999998,FALSE
"ozkurt_2026_continuance_intention",3,303,6,346,"Recursive Relationality","ok",3,0.445086705202312,3,0.670000000000016,FALSE
"ozkurt_2026_continuance_intention",3,303,6,346,"Ensemble","ok",4,0.30635838150289,4,0.120999999999981,FALSE
"ozkurt_2026_paces_enjoyment",1,101,8,202,"eJaccard","ok",3,0.415841584158416,3,0.0609999999996944,FALSE
"ozkurt_2026_paces_enjoyment",1,101,8,202,"Podani","ok",5,0.277227722772277,5,1.88200000000006,FALSE
"ozkurt_2026_paces_enjoyment",1,101,8,202,"Euclidean","ok",4,0.316831683168317,4,0.0630000000001019,FALSE
"ozkurt_2026_paces_enjoyment",1,101,8,202,"Cosine","ok",49,0.292079207920792,3,0.0320000000001528,FALSE
"ozkurt_2026_paces_enjoyment",1,101,8,202,"eDice","ok",3,0.450495049504951,3,0.0610000000001492,FALSE
"ozkurt_2026_paces_enjoyment",1,101,8,202,"Correlation","ok",8,0.178217821782178,8,0.0199999999999818,FALSE
"ozkurt_2026_paces_enjoyment",1,101,8,202,"ACE","ok",9,0.267326732673267,7,45.3229999999999,FALSE
"ozkurt_2026_paces_enjoyment",1,101,8,202,"Original Relationality","ok",4,0.346534653465347,4,1.41300000000001,FALSE
"ozkurt_2026_paces_enjoyment",1,101,8,202,"Recursive Relationality","ok",4,0.277227722772277,4,0.552000000000135,FALSE
"ozkurt_2026_paces_enjoyment",1,101,8,202,"Ensemble","ok",5,0.252475247524752,5,0.0659999999998035,FALSE
"ozkurt_2026_paces_enjoyment",2,202,8,202,"eJaccard","ok",3,0.450495049504951,3,0.0540000000000873,FALSE
"ozkurt_2026_paces_enjoyment",2,202,8,202,"Podani","ok",6,0.222772277227723,6,1.90000000000009,FALSE
"ozkurt_2026_paces_enjoyment",2,202,8,202,"Euclidean","ok",4,0.361386138613861,3,0.0879999999997381,FALSE
"ozkurt_2026_paces_enjoyment",2,202,8,202,"Cosine","ok",49,0.297029702970297,3,0.0410000000001673,FALSE
"ozkurt_2026_paces_enjoyment",2,202,8,202,"eDice","ok",4,0.440594059405941,4,0.0979999999999563,FALSE
"ozkurt_2026_paces_enjoyment",2,202,8,202,"Correlation","ok",8,0.173267326732673,7,0.0199999999999818,FALSE
"ozkurt_2026_paces_enjoyment",2,202,8,202,"ACE","ok",9,0.252475247524752,7,45.8330000000001,FALSE
"ozkurt_2026_paces_enjoyment",2,202,8,202,"Original Relationality","ok",5,0.366336633663366,5,2.23500000000013,FALSE
"ozkurt_2026_paces_enjoyment",2,202,8,202,"Recursive Relationality","ok",5,0.257425742574257,5,0.55199999999968,FALSE
"ozkurt_2026_paces_enjoyment",2,202,8,202,"Ensemble","ok",6,0.193069306930693,6,0.0479999999997744,FALSE
"ozkurt_2026_paces_enjoyment",3,303,8,202,"eJaccard","ok",3,0.445544554455446,3,0.0769999999997708,FALSE
"ozkurt_2026_paces_enjoyment",3,303,8,202,"Podani","ok",6,0.232673267326733,6,1.875,FALSE
"ozkurt_2026_paces_enjoyment",3,303,8,202,"Euclidean","ok",3,0.356435643564356,3,0.0770000000002256,FALSE
"ozkurt_2026_paces_enjoyment",3,303,8,202,"Cosine","ok",49,0.262376237623762,3,0.031999999999698,FALSE
"ozkurt_2026_paces_enjoyment",3,303,8,202,"eDice","ok",4,0.450495049504951,4,0.0650000000000546,FALSE
"ozkurt_2026_paces_enjoyment",3,303,8,202,"Correlation","ok",9,0.143564356435644,9,0.0199999999999818,FALSE
"ozkurt_2026_paces_enjoyment",3,303,8,202,"ACE","ok",9,0.247524752475248,8,46.0129999999999,FALSE
"ozkurt_2026_paces_enjoyment",3,303,8,202,"Original Relationality","ok",4,0.400990099009901,4,1.43700000000035,FALSE
"ozkurt_2026_paces_enjoyment",3,303,8,202,"Recursive Relationality","ok",5,0.267326732673267,5,0.779999999999745,FALSE
"ozkurt_2026_paces_enjoyment",3,303,8,202,"Ensemble","ok",5,0.277227722772277,5,0.0579999999999927,FALSE
"pavic_2022_vaccine_conspiracy",1,101,7,399,"eJaccard","ok",3,0.43609022556391,3,0.304999999999836,FALSE
"pavic_2022_vaccine_conspiracy",1,101,7,399,"Podani","ok",5,0.238095238095238,5,4.30200000000013,FALSE
"pavic_2022_vaccine_conspiracy",1,101,7,399,"Euclidean","ok",4,0.426065162907268,4,0.240999999999985,FALSE
"pavic_2022_vaccine_conspiracy",1,101,7,399,"Cosine","ok",58,0.31328320802005,4,0.0960000000000036,FALSE
"pavic_2022_vaccine_conspiracy",1,101,7,399,"eDice","ok",4,0.43859649122807,4,0.197999999999865,FALSE
"pavic_2022_vaccine_conspiracy",1,101,7,399,"Correlation","ok",6,0.340852130325815,6,0.043999999999869,FALSE
"pavic_2022_vaccine_conspiracy",1,101,7,399,"ACE","ok",8,0.208020050125313,8,116.493,FALSE
"pavic_2022_vaccine_conspiracy",1,101,7,399,"Original Relationality","ok",4,0.365914786967419,4,3.45700000000033,FALSE
"pavic_2022_vaccine_conspiracy",1,101,7,399,"Recursive Relationality","ok",4,0.466165413533835,4,0.978999999999814,FALSE
"pavic_2022_vaccine_conspiracy",1,101,7,399,"Ensemble","ok",4,0.370927318295739,4,0.126999999999953,FALSE
"pavic_2022_vaccine_conspiracy",2,202,7,399,"eJaccard","ok",3,0.446115288220551,3,0.19399999999996,FALSE
"pavic_2022_vaccine_conspiracy",2,202,7,399,"Podani","ok",4,0.448621553884712,4,4.18600000000015,FALSE
"pavic_2022_vaccine_conspiracy",2,202,7,399,"Euclidean","ok",5,0.385964912280702,5,0.956000000000131,FALSE
"pavic_2022_vaccine_conspiracy",2,202,7,399,"Cosine","ok",57,0.300751879699248,4,0.0709999999999127,FALSE
"pavic_2022_vaccine_conspiracy",2,202,7,399,"eDice","ok",3,0.448621553884712,3,0.217999999999847,FALSE
"pavic_2022_vaccine_conspiracy",2,202,7,399,"Correlation","ok",7,0.25062656641604,6,0.0470000000000255,FALSE
"pavic_2022_vaccine_conspiracy",2,202,7,399,"ACE","ok",9,0.210526315789474,9,116.407,FALSE
"pavic_2022_vaccine_conspiracy",2,202,7,399,"Original Relationality","ok",4,0.411027568922306,4,3.3119999999999,FALSE
"pavic_2022_vaccine_conspiracy",2,202,7,399,"Recursive Relationality","ok",5,0.345864661654135,4,0.940000000000055,FALSE
"pavic_2022_vaccine_conspiracy",2,202,7,399,"Ensemble","ok",4,0.358395989974937,4,0.132999999999811,FALSE
"pavic_2022_vaccine_conspiracy",3,303,7,399,"eJaccard","ok",3,0.426065162907268,3,0.998000000000047,FALSE
"pavic_2022_vaccine_conspiracy",3,303,7,399,"Podani","ok",4,0.43609022556391,4,4.15000000000009,FALSE
"pavic_2022_vaccine_conspiracy",3,303,7,399,"Euclidean","ok",4,0.418546365914787,4,0.288000000000011,FALSE
"pavic_2022_vaccine_conspiracy",3,303,7,399,"Cosine","ok",57,0.318295739348371,4,0.0860000000002401,FALSE
"pavic_2022_vaccine_conspiracy",3,303,7,399,"eDice","ok",3,0.446115288220551,3,0.293999999999869,FALSE
"pavic_2022_vaccine_conspiracy",3,303,7,399,"Correlation","ok",7,0.31077694235589,6,0.0599999999999454,FALSE
"pavic_2022_vaccine_conspiracy",3,303,7,399,"ACE","ok",7,0.233082706766917,7,117.574,FALSE
"pavic_2022_vaccine_conspiracy",3,303,7,399,"Original Relationality","ok",4,0.426065162907268,4,4.19700000000012,FALSE
"pavic_2022_vaccine_conspiracy",3,303,7,399,"Recursive Relationality","ok",5,0.340852130325815,5,0.924999999999727,FALSE
"pavic_2022_vaccine_conspiracy",3,303,7,399,"Ensemble","ok",4,0.413533834586466,4,0.126000000000204,FALSE
"pecino_2018_extrarole_wfb",1,101,34,432,"eJaccard","ok",3,0.356481481481481,3,0.246000000000095,FALSE
"pecino_2018_extrarole_wfb",1,101,34,432,"Podani","ok",4,0.358796296296296,4,137.519,FALSE
"pecino_2018_extrarole_wfb",1,101,34,432,"Euclidean","ok",3,0.483796296296296,3,0.394999999999982,FALSE
"pecino_2018_extrarole_wfb",1,101,34,432,"Cosine","ok",3,0.381944444444444,3,0.189000000000306,FALSE
"pecino_2018_extrarole_wfb",1,101,34,432,"eDice","ok",3,0.414351851851852,3,0.285000000000309,FALSE
"pecino_2018_extrarole_wfb",1,101,34,432,"Correlation","ok",4,0.375,4,0.230999999999767,FALSE
"pecino_2018_extrarole_wfb",1,101,34,432,"ACE","ok",7,0.349537037037037,5,209.376,FALSE
"pecino_2018_extrarole_wfb",1,101,34,432,"Original Relationality","ok",3,0.476851851851852,3,15.2159999999999,FALSE
"pecino_2018_extrarole_wfb",1,101,34,432,"Recursive Relationality","ok",5,0.319444444444444,5,530.522,FALSE
"pecino_2018_extrarole_wfb",1,101,34,432,"Ensemble","ok",3,0.490740740740741,3,0.270999999999731,FALSE
"pezzuti_2025_coolpeople_single-items",2,202,10,2000,"eJaccard","ok",3,0.4225,3,11.431,FALSE
"pezzuti_2025_coolpeople_single-items",2,202,10,2000,"Podani","ok",3,0.43,3,376.535,FALSE
"pezzuti_2025_coolpeople_single-items",2,202,10,2000,"Euclidean","ok",3,0.4445,3,18.799,FALSE
"pezzuti_2025_coolpeople_single-items",2,202,10,2000,"Cosine","ok",3,0.364,3,2.98599999999999,FALSE
"pezzuti_2025_coolpeople_single-items",2,202,10,2000,"eDice","ok",3,0.3765,3,10.041,FALSE
"pezzuti_2025_coolpeople_single-items",2,202,10,2000,"Correlation","ok",3,0.3625,3,2.95100000000002,FALSE
"pezzuti_2025_coolpeople_single-items",2,202,10,2000,"ACE","ok",3,0.381,3,4348.74,FALSE
"pezzuti_2025_coolpeople_single-items",2,202,10,2000,"Original Relationality","ok",4,0.2875,4,162.634,FALSE
"pezzuti_2025_coolpeople_single-items",2,202,10,2000,"Recursive Relationality","ok",3,0.3615,3,92.0150000000003,FALSE
"pezzuti_2025_coolpeople_single-items",2,202,10,2000,"Ensemble","ok",3,0.3925,3,4.58500000000004,FALSE
"rfq8_wozniakprus_2022",1,101,8,538,"eJaccard","ok",3,0.5,3,0.958000000000084,FALSE
"rfq8_wozniakprus_2022",1,101,8,538,"Podani","ok",5,0.280669144981413,5,18.636,FALSE
"rfq8_wozniakprus_2022",1,101,8,538,"Euclidean","ok",5,0.243494423791822,5,0.654999999999973,FALSE
"rfq8_wozniakprus_2022",1,101,8,538,"Cosine","ok",4,0.327137546468401,4,0.240000000000009,FALSE
"rfq8_wozniakprus_2022",1,101,8,538,"eDice","ok",3,0.511152416356877,3,0.626999999999953,FALSE
"rfq8_wozniakprus_2022",1,101,8,538,"Correlation","ok",7,0.204460966542751,7,0.1400000000001,FALSE
"rfq8_wozniakprus_2022",1,101,8,538,"ACE","ok",6,0.198884758364312,6,321.021,FALSE
"rfq8_wozniakprus_2022",1,101,8,538,"Original Relationality","ok",6,0.198884758364312,6,10.7909999999999,FALSE
"rfq8_wozniakprus_2022",1,101,8,538,"Recursive Relationality","ok",4,0.312267657992565,4,4.64300000000003,FALSE
"rfq8_wozniakprus_2022",1,101,8,538,"Ensemble","ok",4,0.314126394052045,4,0.253000000000156,FALSE
"rfq8_wozniakprus_2022",2,202,8,538,"eJaccard","ok",3,0.492565055762082,3,0.641999999999825,FALSE
"rfq8_wozniakprus_2022",2,202,8,538,"Podani","ok",5,0.226765799256506,5,13.7260000000001,FALSE
"rfq8_wozniakprus_2022",2,202,8,538,"Euclidean","ok",5,0.401486988847584,4,0.61200000000008,FALSE
"rfq8_wozniakprus_2022",2,202,8,538,"Cosine","ok",5,0.28996282527881,5,0.230999999999995,FALSE
"rfq8_wozniakprus_2022",2,202,8,538,"eDice","ok",4,0.425650557620818,4,0.65099999999984,FALSE
"rfq8_wozniakprus_2022",2,202,8,538,"Correlation","ok",6,0.308550185873606,6,0.150000000000091,FALSE
"rfq8_wozniakprus_2022",2,202,8,538,"ACE","ok",6,0.258364312267658,6,329.449,FALSE
"rfq8_wozniakprus_2022",2,202,8,538,"Original Relationality","ok",6,0.262081784386617,6,10.6709999999998,FALSE
"rfq8_wozniakprus_2022",2,202,8,538,"Recursive Relationality","ok",4,0.319702602230483,4,4.6579999999999,FALSE
"rfq8_wozniakprus_2022",2,202,8,538,"Ensemble","ok",4,0.310408921933086,4,0.31899999999996,FALSE
"rfq8_wozniakprus_2022",3,303,8,538,"eJaccard","ok",3,0.511152416356877,3,0.55600000000004,FALSE
"rfq8_wozniakprus_2022",3,303,8,538,"Podani","ok",5,0.234200743494424,5,13.6759999999999,FALSE
"rfq8_wozniakprus_2022",3,303,8,538,"Euclidean","ok",5,0.284386617100372,5,0.560999999999694,FALSE
"rfq8_wozniakprus_2022",3,303,8,538,"Cosine","ok",5,0.299256505576208,5,0.321000000000367,FALSE
"rfq8_wozniakprus_2022",3,303,8,538,"eDice","ok",3,0.507434944237918,3,1.34699999999975,FALSE
"rfq8_wozniakprus_2022",3,303,8,538,"Correlation","ok",6,0.215613382899628,6,0.104000000000269,FALSE
"rfq8_wozniakprus_2022",3,303,8,538,"ACE","ok",5,0.247211895910781,5,332.093,FALSE
"rfq8_wozniakprus_2022",3,303,8,538,"Original Relationality","ok",8,0.211895910780669,7,11.4389999999999,FALSE
"rfq8_wozniakprus_2022",3,303,8,538,"Recursive Relationality","ok",4,0.353159851301115,4,4.00600000000031,FALSE
"rfq8_wozniakprus_2022",3,303,8,538,"Ensemble","ok",4,0.310408921933086,4,0.335000000000036,FALSE
"rosetti2023_gad7",1,101,7,430,"eJaccard","ok",3,0.437209302325581,3,0.467999999999996,FALSE
"rosetti2023_gad7",1,101,7,430,"Podani","ok",5,0.295348837209302,4,6.825,FALSE
"rosetti2023_gad7",1,101,7,430,"Euclidean","ok",4,0.430232558139535,4,0.899999999999999,FALSE
"rosetti2023_gad7",1,101,7,430,"Cosine","ok",4,0.318604651162791,4,0.154000000000003,FALSE
"rosetti2023_gad7",1,101,7,430,"eDice","ok",3,0.427906976744186,3,0.281999999999996,FALSE
"rosetti2023_gad7",1,101,7,430,"Correlation","ok",8,0.193023255813953,8,0.519000000000005,FALSE
"rosetti2023_gad7",1,101,7,430,"ACE","ok",7,0.237209302325581,6,239.822,FALSE
"rosetti2023_gad7",1,101,7,430,"Original Relationality","ok",3,0.372093023255814,3,6.642,FALSE
"rosetti2023_gad7",1,101,7,430,"Recursive Relationality","ok",6,0.237209302325581,6,1.899,FALSE
"rosetti2023_gad7",1,101,7,430,"Ensemble","ok",4,0.293023255813953,4,0.276999999999987,FALSE
"rosetti2023_gad7",2,202,7,430,"eJaccard","ok",4,0.348837209302326,4,0.453000000000031,FALSE
"rosetti2023_gad7",2,202,7,430,"Podani","ok",6,0.218604651162791,6,7.517,FALSE
"rosetti2023_gad7",2,202,7,430,"Euclidean","ok",4,0.404651162790698,4,0.740000000000009,FALSE
"rosetti2023_gad7",2,202,7,430,"Cosine","ok",5,0.288372093023256,5,0.140999999999963,FALSE
"rosetti2023_gad7",2,202,7,430,"eDice","ok",3,0.47906976744186,3,0.370000000000005,FALSE
"rosetti2023_gad7",2,202,7,430,"Correlation","ok",7,0.183720930232558,7,0.0800000000000409,FALSE
"rosetti2023_gad7",2,202,7,430,"ACE","ok",6,0.267441860465116,6,191.164,FALSE
"rosetti2023_gad7",2,202,7,430,"Original Relationality","ok",4,0.406976744186047,4,6.17399999999998,FALSE
"rosetti2023_gad7",2,202,7,430,"Recursive Relationality","ok",4,0.330232558139535,4,2.29300000000001,FALSE
"rosetti2023_gad7",2,202,7,430,"Ensemble","ok",4,0.313953488372093,4,0.201999999999998,FALSE
"rosetti2023_gad7",3,303,7,430,"eJaccard","ok",3,0.437209302325581,3,0.434000000000083,FALSE
"rosetti2023_gad7",3,303,7,430,"Podani","ok",5,0.288372093023256,4,7.17399999999998,FALSE
"rosetti2023_gad7",3,303,7,430,"Euclidean","ok",4,0.432558139534884,4,0.451999999999998,FALSE
"rosetti2023_gad7",3,303,7,430,"Cosine","ok",4,0.367441860465116,4,0.177999999999997,FALSE
"rosetti2023_gad7",3,303,7,430,"eDice","ok",3,0.47906976744186,3,0.384999999999991,FALSE
"rosetti2023_gad7",3,303,7,430,"Correlation","ok",7,0.197674418604651,7,0.0629999999999882,FALSE
"rosetti2023_gad7",3,303,7,430,"ACE","ok",8,0.172093023255814,7,210.761,FALSE
"rosetti2023_gad7",3,303,7,430,"Original Relationality","ok",5,0.42093023255814,5,3.89400000000001,FALSE
"rosetti2023_gad7",3,303,7,430,"Recursive Relationality","ok",4,0.281395348837209,4,1.20699999999999,FALSE
"rosetti2023_gad7",3,303,7,430,"Ensemble","ok",6,0.209302325581395,6,0.158999999999992,FALSE
"rrca_mcneish_2025_exp",1,101,8,246,"eJaccard","ok",5,0.32520325203252,4,0.161000000000058,FALSE
"rrca_mcneish_2025_exp",1,101,8,246,"Podani","ok",7,0.186991869918699,6,3.1260000000002,FALSE
"rrca_mcneish_2025_exp",1,101,8,246,"Euclidean","ok",4,0.508130081300813,3,0.11200000000008,FALSE
"rrca_mcneish_2025_exp",1,101,8,246,"Cosine","ok",5,0.288617886178862,5,0.05600000000004,FALSE
"rrca_mcneish_2025_exp",1,101,8,246,"eDice","ok",4,0.357723577235772,4,0.109999999999673,FALSE
"rrca_mcneish_2025_exp",1,101,8,246,"Correlation","ok",8,0.195121951219512,7,0.0480000000002292,FALSE
"rrca_mcneish_2025_exp",1,101,8,246,"ACE","ok",12,0.239837398373984,8,68.3209999999999,FALSE
"rrca_mcneish_2025_exp",1,101,8,246,"Original Relationality","ok",5,0.292682926829268,5,2.17900000000009,FALSE
"rrca_mcneish_2025_exp",1,101,8,246,"Recursive Relationality","ok",5,0.313008130081301,5,1.63000000000011,FALSE
"rrca_mcneish_2025_exp",1,101,8,246,"Ensemble","ok",5,0.25609756097561,5,0.0679999999997563,FALSE
"rrca_mcneish_2025_exp",2,202,8,246,"eJaccard","ok",5,0.308943089430894,4,0.133000000000266,FALSE
"rrca_mcneish_2025_exp",2,202,8,246,"Podani","ok",6,0.215447154471545,6,2.8449999999998,FALSE
"rrca_mcneish_2025_exp",2,202,8,246,"Euclidean","ok",4,0.508130081300813,4,0.126999999999953,FALSE
"rrca_mcneish_2025_exp",2,202,8,246,"Cosine","ok",5,0.284552845528455,5,0.05600000000004,FALSE
"rrca_mcneish_2025_exp",2,202,8,246,"eDice","ok",3,0.410569105691057,3,0.15099999999984,FALSE
"rrca_mcneish_2025_exp",2,202,8,246,"Correlation","ok",8,0.211382113821138,7,0.0270000000000437,FALSE
"rrca_mcneish_2025_exp",2,202,8,246,"ACE","ok",11,0.231707317073171,7,62.018,FALSE
"rrca_mcneish_2025_exp",2,202,8,246,"Original Relationality","ok",6,0.207317073170732,6,2.11300000000028,FALSE
"rrca_mcneish_2025_exp",2,202,8,246,"Recursive Relationality","ok",5,0.276422764227642,5,0.842999999999847,FALSE
"rrca_mcneish_2025_exp",2,202,8,246,"Ensemble","ok",4,0.353658536585366,4,0.148000000000138,FALSE
"rrca_mcneish_2025_exp",3,303,8,246,"eJaccard","ok",5,0.317073170731707,4,0.130000000000109,FALSE
"rrca_mcneish_2025_exp",3,303,8,246,"Podani","ok",5,0.247967479674797,5,3.10699999999997,FALSE
"rrca_mcneish_2025_exp",3,303,8,246,"Euclidean","ok",3,0.51219512195122,3,0.106999999999971,FALSE
"rrca_mcneish_2025_exp",3,303,8,246,"Cosine","ok",5,0.288617886178862,5,0.0500000000001819,FALSE
"rrca_mcneish_2025_exp",3,303,8,246,"eDice","ok",3,0.430894308943089,3,0.112999999999829,FALSE
"rrca_mcneish_2025_exp",3,303,8,246,"Correlation","ok",7,0.178861788617886,7,0.0289999999999964,FALSE
"rrca_mcneish_2025_exp",3,303,8,246,"ACE","ok",12,0.211382113821138,8,71.9090000000001,FALSE
"rrca_mcneish_2025_exp",3,303,8,246,"Original Relationality","ok",5,0.288617886178862,5,2.24499999999989,FALSE
"rrca_mcneish_2025_exp",3,303,8,246,"Recursive Relationality","ok",4,0.280487804878049,4,0.804000000000087,FALSE
"rrca_mcneish_2025_exp",3,303,8,246,"Ensemble","ok",5,0.288617886178862,5,0.103999999999814,FALSE
"sabfi2_gallardo_pujol_2018_tight",1,101,6,410,"eJaccard","ok",3,0.436585365853659,3,0.288999999999987,FALSE
"sabfi2_gallardo_pujol_2018_tight",1,101,6,410,"Podani","ok",3,0.412195121951219,3,4.50700000000006,FALSE
"sabfi2_gallardo_pujol_2018_tight",1,101,6,410,"Euclidean","ok",4,0.375609756097561,4,0.278999999999996,FALSE
"sabfi2_gallardo_pujol_2018_tight",1,101,6,410,"Cosine","ok",5,0.31219512195122,5,0.134999999999991,FALSE
"sabfi2_gallardo_pujol_2018_tight",1,101,6,410,"eDice","ok",3,0.368292682926829,3,0.335000000000036,FALSE
"sabfi2_gallardo_pujol_2018_tight",1,101,6,410,"Correlation","ok",5,0.268292682926829,5,0.7199999999998,FALSE
"sabfi2_gallardo_pujol_2018_tight",1,101,6,410,"ACE","ok",6,0.258536585365854,5,182.797,FALSE
"sabfi2_gallardo_pujol_2018_tight",1,101,6,410,"Original Relationality","ok",4,0.363414634146341,4,5.79500000000007,FALSE
"sabfi2_gallardo_pujol_2018_tight",1,101,6,410,"Recursive Relationality","ok",5,0.273170731707317,5,1.05699999999979,FALSE
"sabfi2_gallardo_pujol_2018_tight",1,101,6,410,"Ensemble","ok",3,0.429268292682927,3,0.157999999999902,FALSE
"sabfi2_gallardo_pujol_2018_tight",2,202,6,410,"eJaccard","ok",3,0.439024390243902,3,0.360000000000127,FALSE
"sabfi2_gallardo_pujol_2018_tight",2,202,6,410,"Podani","ok",4,0.329268292682927,4,5.26999999999998,FALSE
"sabfi2_gallardo_pujol_2018_tight",2,202,6,410,"Euclidean","ok",4,0.395121951219512,4,0.280999999999949,FALSE
"sabfi2_gallardo_pujol_2018_tight",2,202,6,410,"Cosine","ok",4,0.360975609756098,4,0.147999999999683,FALSE
"sabfi2_gallardo_pujol_2018_tight",2,202,6,410,"eDice","ok",3,0.390243902439024,3,0.289000000000215,FALSE
"sabfi2_gallardo_pujol_2018_tight",2,202,6,410,"Correlation","ok",6,0.246341463414634,5,0.0590000000001965,FALSE
"sabfi2_gallardo_pujol_2018_tight",2,202,6,410,"ACE","ok",6,0.260975609756098,6,194.308,FALSE
"sabfi2_gallardo_pujol_2018_tight",2,202,6,410,"Original Relationality","ok",4,0.385365853658537,4,5.71499999999969,FALSE
"sabfi2_gallardo_pujol_2018_tight",2,202,6,410,"Recursive Relationality","ok",4,0.304878048780488,4,1.09700000000021,FALSE
"sabfi2_gallardo_pujol_2018_tight",2,202,6,410,"Ensemble","ok",3,0.434146341463415,3,0.161000000000058,FALSE
"sabfi2_gallardo_pujol_2018_tight",3,303,6,410,"eJaccard","ok",3,0.453658536585366,3,0.971000000000004,FALSE
"sabfi2_gallardo_pujol_2018_tight",3,303,6,410,"Podani","ok",4,0.290243902439024,4,4.44700000000012,FALSE
"sabfi2_gallardo_pujol_2018_tight",3,303,6,410,"Euclidean","ok",4,0.402439024390244,4,0.327999999999975,FALSE
"sabfi2_gallardo_pujol_2018_tight",3,303,6,410,"Cosine","ok",4,0.412195121951219,4,0.154999999999745,FALSE
"sabfi2_gallardo_pujol_2018_tight",3,303,6,410,"eDice","ok",3,0.402439024390244,3,0.291999999999916,FALSE
"sabfi2_gallardo_pujol_2018_tight",3,303,6,410,"Correlation","ok",4,0.3,4,0.0720000000001164,FALSE
"sabfi2_gallardo_pujol_2018_tight",3,303,6,410,"ACE","ok",6,0.229268292682927,6,175.566,FALSE
"sabfi2_gallardo_pujol_2018_tight",3,303,6,410,"Original Relationality","ok",5,0.209756097560976,5,5.99399999999969,FALSE
"sabfi2_gallardo_pujol_2018_tight",3,303,6,410,"Recursive Relationality","ok",4,0.319512195121951,4,1.04200000000037,FALSE
"sabfi2_gallardo_pujol_2018_tight",3,303,6,410,"Ensemble","ok",3,0.419512195121951,3,0.228999999999814,FALSE
"safiye_2023_rfq",1,101,8,817,"eJaccard","ok",3,0.450428396572827,3,0.826000000000022,FALSE
"safiye_2023_rfq",1,101,8,817,"Podani","ok",4,0.374541003671971,4,19.9409999999998,FALSE
"safiye_2023_rfq",1,101,8,817,"Euclidean","ok",4,0.332925336597307,4,1.13099999999986,FALSE
"safiye_2023_rfq",1,101,8,817,"Cosine","ok",4,0.374541003671971,4,0.381000000000313,FALSE
"safiye_2023_rfq",1,101,8,817,"eDice","ok",3,0.492044063647491,2,1.35799999999972,FALSE
"safiye_2023_rfq",1,101,8,817,"Correlation","ok",4,0.380660954712362,4,0.210000000000036,FALSE
"safiye_2023_rfq",1,101,8,817,"ACE","ok",5,0.411260709914321,4,401.279,FALSE
"safiye_2023_rfq",1,101,8,817,"Original Relationality","ok",5,0.2937576499388,5,13.8530000000001,FALSE
"safiye_2023_rfq",1,101,8,817,"Recursive Relationality","ok",3,0.433292533659731,3,5.17500000000018,FALSE
"safiye_2023_rfq",1,101,8,817,"Ensemble","ok",3,0.416156670746634,3,0.431999999999789,FALSE
"safiye_2023_rfq",2,202,8,817,"eJaccard","ok",3,0.450428396572827,3,0.827999999999975,FALSE
"safiye_2023_rfq",2,202,8,817,"Podani","ok",5,0.265605875152999,5,21.3310000000001,FALSE
"safiye_2023_rfq",2,202,8,817,"Euclidean","ok",3,0.421052631578947,3,1.86400000000003,FALSE
"safiye_2023_rfq",2,202,8,817,"Cosine","ok",4,0.331701346389229,4,0.418999999999869,FALSE
"safiye_2023_rfq",2,202,8,817,"eDice","ok",3,0.428396572827417,3,1.33300000000008,FALSE
"safiye_2023_rfq",2,202,8,817,"Correlation","ok",4,0.30110159118727,4,0.215999999999894,FALSE
"safiye_2023_rfq",2,202,8,817,"ACE","ok",5,0.501835985312117,4,403.72,FALSE
"safiye_2023_rfq",2,202,8,817,"Original Relationality","ok",4,0.305997552019584,4,13.5660000000003,FALSE
"safiye_2023_rfq",2,202,8,817,"Recursive Relationality","ok",3,0.372093023255814,3,5.91399999999976,FALSE
"safiye_2023_rfq",2,202,8,817,"Ensemble","ok",3,0.392900856793146,3,0.477000000000317,FALSE
"safiye_2023_rfq",3,303,8,817,"eJaccard","ok",3,0.450428396572827,3,0.746000000000095,FALSE
"safiye_2023_rfq",3,303,8,817,"Podani","ok",4,0.275397796817625,4,20.54,FALSE
"safiye_2023_rfq",3,303,8,817,"Euclidean","ok",4,0.317013463892289,4,1.05499999999984,FALSE
"safiye_2023_rfq",3,303,8,817,"Cosine","ok",4,0.331701346389229,4,0.520000000000437,FALSE
"safiye_2023_rfq",3,303,8,817,"eDice","ok",3,0.458996328029376,3,0.864999999999782,FALSE
"safiye_2023_rfq",3,303,8,817,"Correlation","ok",4,0.368421052631579,4,0.268000000000029,FALSE
"safiye_2023_rfq",3,303,8,817,"ACE","ok",5,0.474908200734394,4,396.089,FALSE
"safiye_2023_rfq",3,303,8,817,"Original Relationality","ok",4,0.334149326805386,4,13.7370000000001,FALSE
"safiye_2023_rfq",3,303,8,817,"Recursive Relationality","ok",4,0.334149326805386,4,5.5659999999998,FALSE
"safiye_2023_rfq",3,303,8,817,"Ensemble","ok",2,0.571603427172583,2,0.396000000000186,FALSE
"shu_2025_translation_eib",1,101,7,888,"eJaccard","ok",4,0.515765765765766,4,1.26999999999998,FALSE
"shu_2025_translation_eib",1,101,7,888,"Podani","ok",6,0.345720720720721,6,19.5650000000001,FALSE
"shu_2025_translation_eib",1,101,7,888,"Euclidean","ok",3,0.453828828828829,3,0.785999999999945,FALSE
"shu_2025_translation_eib",1,101,7,888,"Cosine","ok",4,0.345720720720721,4,0.51400000000001,FALSE
"shu_2025_translation_eib",1,101,7,888,"eDice","ok",3,0.38963963963964,3,0.932999999999993,FALSE
"shu_2025_translation_eib",1,101,7,888,"Correlation","ok",5,0.28490990990991,5,0.211999999999989,FALSE
"shu_2025_translation_eib",1,101,7,888,"ACE","ok",13,0.222972972972973,6,461.936,FALSE
"shu_2025_translation_eib",1,101,7,888,"Original Relationality","ok",4,0.394144144144144,4,14.4390000000001,FALSE
"shu_2025_translation_eib",1,101,7,888,"Recursive Relationality","ok",4,0.308558558558559,4,4.07899999999995,FALSE
"shu_2025_translation_eib",1,101,7,888,"Ensemble","ok",4,0.391891891891892,4,0.477000000000089,FALSE
"shu_2025_translation_eib",2,202,7,888,"eJaccard","ok",4,0.46509009009009,4,0.795999999999822,FALSE
"shu_2025_translation_eib",2,202,7,888,"Podani","ok",6,0.31981981981982,6,19.885,FALSE
"shu_2025_translation_eib",2,202,7,888,"Euclidean","ok",4,0.406531531531532,4,1.43700000000013,FALSE
"shu_2025_translation_eib",2,202,7,888,"Cosine","ok",4,0.350225225225225,4,0.338999999999942,FALSE
"shu_2025_translation_eib",2,202,7,888,"eDice","ok",3,0.38963963963964,3,1.09000000000015,FALSE
"shu_2025_translation_eib",2,202,7,888,"Correlation","ok",5,0.341216216216216,5,0.718999999999824,FALSE
"shu_2025_translation_eib",2,202,7,888,"ACE","ok",12,0.237612612612613,5,487.116,FALSE
"shu_2025_translation_eib",2,202,7,888,"Original Relationality","ok",5,0.382882882882883,5,15.5550000000001,FALSE
"shu_2025_translation_eib",2,202,7,888,"Recursive Relationality","ok",5,0.278153153153153,5,4.32400000000007,FALSE
"shu_2025_translation_eib",2,202,7,888,"Ensemble","ok",4,0.318693693693694,4,0.502999999999929,FALSE
"shu_2025_translation_eib",3,303,7,888,"eJaccard","ok",4,0.369369369369369,4,0.968000000000075,FALSE
"shu_2025_translation_eib",3,303,7,888,"Podani","ok",6,0.341216216216216,6,19.6840000000002,FALSE
"shu_2025_translation_eib",3,303,7,888,"Euclidean","ok",3,0.449324324324324,3,1.47399999999971,FALSE
"shu_2025_translation_eib",3,303,7,888,"Cosine","ok",4,0.34009009009009,4,0.441000000000258,FALSE
"shu_2025_translation_eib",3,303,7,888,"eDice","ok",3,0.38963963963964,3,0.994999999999891,FALSE
"shu_2025_translation_eib",3,303,7,888,"Correlation","ok",5,0.318693693693694,5,0.795999999999822,FALSE
"shu_2025_translation_eib",3,303,7,888,"ACE","ok",12,0.242117117117117,5,472.482,FALSE
"shu_2025_translation_eib",3,303,7,888,"Original Relationality","ok",4,0.399774774774775,4,14.3400000000001,FALSE
"shu_2025_translation_eib",3,303,7,888,"Recursive Relationality","ok",4,0.29954954954955,4,4.75300000000016,FALSE
"shu_2025_translation_eib",3,303,7,888,"Ensemble","ok",4,0.34009009009009,4,0.492999999999938,FALSE
"silva_2018_mbds",1,101,12,799,"eJaccard","ok",3,0.430538172715895,3,3.02500000000001,FALSE
"silva_2018_mbds",1,101,12,799,"Podani","ok",5,0.297872340425532,5,65.358,FALSE
"silva_2018_mbds",1,101,12,799,"Euclidean","ok",3,0.556946182728411,3,1.754,FALSE
"silva_2018_mbds",1,101,12,799,"Cosine","ok",4,0.269086357947434,4,0.605999999999995,FALSE
"silva_2018_mbds",1,101,12,799,"eDice","ok",3,0.405506883604506,3,1.62100000000001,FALSE
"silva_2018_mbds",1,101,12,799,"Correlation","ok",6,0.196495619524406,6,0.527999999999992,FALSE
"silva_2018_mbds",1,101,12,799,"ACE","ok",4,0.339173967459324,4,756.893,FALSE
"silva_2018_mbds",1,101,12,799,"Original Relationality","ok",4,0.466833541927409,4,28.062,FALSE
"silva_2018_mbds",1,101,12,799,"Recursive Relationality","ok",5,0.225281602002503,5,26.5170000000001,FALSE
"silva_2018_mbds",1,101,12,799,"Ensemble","ok",5,0.237797246558198,5,0.656999999999925,FALSE
"silva_2018_mbds",2,202,12,799,"eJaccard","ok",4,0.438047559449312,4,1.26499999999999,FALSE
"silva_2018_mbds",2,202,12,799,"Podani","ok",5,0.272841051314143,5,47.374,FALSE
"silva_2018_mbds",2,202,12,799,"Euclidean","ok",3,0.536921151439299,3,1.26799999999992,FALSE
"silva_2018_mbds",2,202,12,799,"Cosine","ok",3,0.366708385481852,3,0.825000000000045,FALSE
"silva_2018_mbds",2,202,12,799,"eDice","ok",3,0.438047559449312,3,0.936000000000035,FALSE
"silva_2018_mbds",2,202,12,799,"Correlation","ok",6,0.23279098873592,6,0.685999999999922,FALSE
"silva_2018_mbds",2,202,12,799,"ACE","ok",4,0.359198998748436,4,622.867,FALSE
"silva_2018_mbds",2,202,12,799,"Original Relationality","ok",4,0.46558197747184,4,23.048,FALSE
"silva_2018_mbds",2,202,12,799,"Recursive Relationality","ok",7,0.172715894868586,7,33.2139999999999,FALSE
"silva_2018_mbds",2,202,12,799,"Ensemble","ok",5,0.271589486858573,5,0.856999999999971,FALSE
"silva_2018_mbds",3,303,12,799,"eJaccard","ok",4,0.44180225281602,4,1.62899999999991,FALSE
"silva_2018_mbds",3,303,12,799,"Podani","ok",5,0.299123904881101,5,63.3210000000001,FALSE
"silva_2018_mbds",3,303,12,799,"Euclidean","ok",3,0.366708385481852,3,0.87299999999982,FALSE
"silva_2018_mbds",3,303,12,799,"Cosine","ok",4,0.376720901126408,4,0.939000000000078,FALSE
"silva_2018_mbds",3,303,12,799,"eDice","ok",3,0.438047559449312,3,0.868999999999915,FALSE
"silva_2018_mbds",3,303,12,799,"Correlation","ok",6,0.25531914893617,6,0.230000000000018,FALSE
"silva_2018_mbds",3,303,12,799,"ACE","ok",4,0.385481852315394,4,713.048,FALSE
"silva_2018_mbds",3,303,12,799,"Original Relationality","ok",4,0.3729662077597,4,25.6509999999998,FALSE
"silva_2018_mbds",3,303,12,799,"Recursive Relationality","ok",5,0.245306633291615,5,32.1750000000002,FALSE
"silva_2018_mbds",3,303,12,799,"Ensemble","ok",4,0.354192740926158,4,1.41100000000006,FALSE
"sned_bendall_2024",1,101,6,797,"eJaccard","ok",3,0.353826850690088,3,2.67200000000003,FALSE
"sned_bendall_2024",1,101,6,797,"Podani","ok",4,0.312421580928482,4,15.808,FALSE
"sned_bendall_2024",1,101,6,797,"Euclidean","ok",3,0.4366373902133,3,2.91499999999996,FALSE
"sned_bendall_2024",1,101,6,797,"Cosine","ok",7,0.331242158092848,3,0.478000000000065,FALSE
"sned_bendall_2024",1,101,6,797,"eDice","ok",3,0.404015056461731,3,1.34999999999991,FALSE
"sned_bendall_2024",1,101,6,797,"Correlation","ok",4,0.351317440401506,4,1.23900000000003,FALSE
"sned_bendall_2024",1,101,6,797,"ACE","ok",4,0.341279799247177,4,715.271999999999,FALSE
"sned_bendall_2024",1,101,6,797,"Original Relationality","ok",5,0.292346298619824,5,26.2050000000008,FALSE
"sned_bendall_2024",1,101,6,797,"Recursive Relationality","ok",3,0.474278544542033,3,4.63599999999951,FALSE
"sned_bendall_2024",1,101,6,797,"Ensemble","ok",3,0.392722710163112,3,0.671000000000276,FALSE
"sned_bendall_2024",2,202,6,797,"eJaccard","ok",3,0.370138017565872,3,2.16899999999987,FALSE
"sned_bendall_2024",2,202,6,797,"Podani","ok",5,0.247176913425345,5,21.3530000000001,FALSE
"sned_bendall_2024",2,202,6,797,"Euclidean","ok",4,0.335006273525721,4,3.02700000000004,FALSE
"sned_bendall_2024",2,202,6,797,"Cosine","ok",7,0.302383939774153,4,0.539999999999964,FALSE
"sned_bendall_2024",2,202,6,797,"eDice","ok",3,0.382685069008783,3,1.25099999999929,FALSE
"sned_bendall_2024",2,202,6,797,"Correlation","ok",5,0.321204516938519,4,1.46300000000065,FALSE
"sned_bendall_2024",2,202,6,797,"ACE","ok",5,0.313676286072773,4,679.121999999999,FALSE
"sned_bendall_2024",2,202,6,797,"Original Relationality","ok",4,0.28732747804266,4,18.8000000000002,FALSE
"sned_bendall_2024",2,202,6,797,"Recursive Relationality","ok",4,0.312421580928482,4,3.02599999999984,FALSE
"sned_bendall_2024",2,202,6,797,"Ensemble","ok",3,0.357590966122961,3,0.6200000000008,FALSE
"sned_bendall_2024",3,303,6,797,"eJaccard","ok",3,0.360100376411543,3,1.973,FALSE
"sned_bendall_2024",3,303,6,797,"Podani","ok",4,0.321204516938519,4,17.52,FALSE
"sned_bendall_2024",3,303,6,797,"Euclidean","ok",4,0.327478042659975,4,2.102,FALSE
"sned_bendall_2024",3,303,6,797,"Cosine","ok",7,0.35633626097867,3,0.937999999999988,FALSE
"sned_bendall_2024",3,303,6,797,"eDice","ok",3,0.382685069008783,3,1.57900000000001,FALSE
"sned_bendall_2024",3,303,6,797,"Correlation","ok",4,0.353826850690088,4,0.352000000000004,FALSE
"sned_bendall_2024",3,303,6,797,"ACE","ok",4,0.332496863237139,4,673.762,FALSE
"sned_bendall_2024",3,303,6,797,"Original Relationality","ok",4,0.316185696361355,4,22.823,FALSE
"sned_bendall_2024",3,303,6,797,"Recursive Relationality","ok",4,0.35633626097867,4,4.22000000000003,FALSE
"sned_bendall_2024",3,303,6,797,"Ensemble","ok",3,0.409033877038896,3,0.711000000000013,FALSE
"song_2025_sc",1,101,6,461,"eJaccard","ok",3,0.342733188720174,3,0.308999999999969,FALSE
"song_2025_sc",1,101,6,461,"Podani","ok",4,0.579175704989154,3,6.23700000000008,FALSE
"song_2025_sc",1,101,6,461,"Euclidean","ok",5,0.546637744034707,2,0.384000000000015,FALSE
"song_2025_sc",1,101,6,461,"Cosine","ok",50,0.364425162689805,4,0.147999999999911,FALSE
"song_2025_sc",1,101,6,461,"eDice","ok",3,0.360086767895879,3,0.34800000000007,FALSE
"song_2025_sc",1,101,6,461,"Correlation","ok",7,0.464208242950108,4,0.148000000000025,FALSE
"song_2025_sc",1,101,6,461,"ACE","ok",6,0.303687635574837,5,246.012,FALSE
"song_2025_sc",1,101,6,461,"Original Relationality","ok",4,0.553145336225597,2,7.10199999999986,FALSE
"song_2025_sc",1,101,6,461,"Recursive Relationality","ok",5,0.3058568329718,5,1.21600000000012,FALSE
"song_2025_sc",1,101,6,461,"Ensemble","ok",3,0.407809110629067,3,0.240999999999985,FALSE
"song_2025_sc",2,202,6,461,"eJaccard","ok",3,0.368763557483731,3,0.338999999999942,FALSE
"song_2025_sc",2,202,6,461,"Podani","ok",3,0.600867678958785,3,6.37300000000005,FALSE
"song_2025_sc",2,202,6,461,"Euclidean","ok",5,0.511930585683297,3,0.390999999999849,FALSE
"song_2025_sc",2,202,6,461,"Cosine","ok",49,0.364425162689805,4,0.150000000000091,FALSE
"song_2025_sc",2,202,6,461,"eDice","ok",3,0.362255965292842,3,0.945999999999913,FALSE
"song_2025_sc",2,202,6,461,"Correlation","ok",6,0.483731019522777,4,0.132000000000062,FALSE
"song_2025_sc",2,202,6,461,"ACE","ok",6,0.251626898047722,5,240.861,FALSE
"song_2025_sc",2,202,6,461,"Original Relationality","ok",3,0.550976138828633,2,6.93499999999995,FALSE
"song_2025_sc",2,202,6,461,"Recursive Relationality","ok",4,0.3058568329718,4,1.22399999999993,FALSE
"song_2025_sc",2,202,6,461,"Ensemble","ok",3,0.596529284164859,3,0.251999999999953,FALSE
"song_2025_sc",3,303,6,461,"eJaccard","ok",3,0.349240780911063,3,0.445999999999913,FALSE
"song_2025_sc",3,303,6,461,"Podani","ok",3,0.600867678958785,3,6,FALSE
"song_2025_sc",3,303,6,461,"Euclidean","ok",4,0.442516268980477,3,0.36200000000008,FALSE
"song_2025_sc",3,303,6,461,"Cosine","ok",52,0.366594360086768,4,0.13799999999992,FALSE
"song_2025_sc",3,303,6,461,"eDice","ok",3,0.353579175704989,3,0.358999999999924,FALSE
"song_2025_sc",3,303,6,461,"Correlation","ok",6,0.466377440347072,4,0.799999999999955,FALSE
"song_2025_sc",3,303,6,461,"ACE","ok",8,0.284164859002169,6,241.749,FALSE
"song_2025_sc",3,303,6,461,"Original Relationality","ok",2,0.587852494577007,2,5.83100000000013,FALSE
"song_2025_sc",3,303,6,461,"Recursive Relationality","ok",4,0.342733188720174,4,0.83400000000006,FALSE
"song_2025_sc",3,303,6,461,"Ensemble","ok",3,0.386117136659436,3,0.179999999999836,FALSE
"thanh_2025_green_knowledge",1,101,6,399,"eJaccard","ok",4,0.368421052631579,3,0.257000000000062,FALSE
"thanh_2025_green_knowledge",1,101,6,399,"Podani","ok",4,0.315789473684211,4,4.85599999999999,FALSE
"thanh_2025_green_knowledge",1,101,6,399,"Euclidean","ok",4,0.461152882205514,4,0.361999999999853,FALSE
"thanh_2025_green_knowledge",1,101,6,399,"Cosine","ok",5,0.273182957393484,4,0.114000000000033,FALSE
"thanh_2025_green_knowledge",1,101,6,399,"eDice","ok",4,0.325814536340852,4,0.231999999999971,FALSE
"thanh_2025_green_knowledge",1,101,6,399,"Correlation","ok",5,0.360902255639098,3,0.0690000000001874,FALSE
"thanh_2025_green_knowledge",1,101,6,399,"ACE","ok",8,0.335839598997494,3,174.929,FALSE
"thanh_2025_green_knowledge",1,101,6,399,"Original Relationality","ok",4,0.358395989974937,4,5.26800000000003,FALSE
"thanh_2025_green_knowledge",1,101,6,399,"Recursive Relationality","ok",4,0.370927318295739,4,1.50400000000013,FALSE
"thanh_2025_green_knowledge",1,101,6,399,"Ensemble","ok",3,0.365914786967419,3,0.146999999999935,FALSE
"thanh_2025_green_knowledge",2,202,6,399,"eJaccard","ok",4,0.31328320802005,4,0.344000000000051,FALSE
"thanh_2025_green_knowledge",2,202,6,399,"Podani","ok",4,0.406015037593985,4,5.2170000000001,FALSE
"thanh_2025_green_knowledge",2,202,6,399,"Euclidean","ok",4,0.446115288220551,4,0.383000000000038,FALSE
"thanh_2025_green_knowledge",2,202,6,399,"Cosine","ok",4,0.290726817042607,4,0.119999999999891,FALSE
"thanh_2025_green_knowledge",2,202,6,399,"eDice","ok",4,0.265664160401002,4,0.236000000000104,FALSE
"thanh_2025_green_knowledge",2,202,6,399,"Correlation","ok",4,0.365914786967419,4,0.0879999999999654,FALSE
"thanh_2025_green_knowledge",2,202,6,399,"ACE","ok",7,0.343358395989975,3,172.036,FALSE
"thanh_2025_green_knowledge",2,202,6,399,"Original Relationality","ok",4,0.308270676691729,4,5.27299999999991,FALSE
"thanh_2025_green_knowledge",2,202,6,399,"Recursive Relationality","ok",4,0.355889724310777,4,0.912000000000035,FALSE
"thanh_2025_green_knowledge",2,202,6,399,"Ensemble","ok",3,0.393483709273183,3,0.132000000000062,FALSE
"thanh_2025_green_knowledge",3,303,6,399,"eJaccard","ok",4,0.368421052631579,3,0.268000000000029,FALSE
"thanh_2025_green_knowledge",3,303,6,399,"Podani","ok",4,0.315789473684211,4,4.25800000000004,FALSE
"thanh_2025_green_knowledge",3,303,6,399,"Euclidean","ok",4,0.426065162907268,4,0.336000000000013,FALSE
"thanh_2025_green_knowledge",3,303,6,399,"Cosine","ok",5,0.308270676691729,4,0.111999999999853,FALSE
"thanh_2025_green_knowledge",3,303,6,399,"eDice","ok",4,0.335839598997494,4,0.236000000000104,FALSE
"thanh_2025_green_knowledge",3,303,6,399,"Correlation","ok",5,0.360902255639098,3,0.0860000000000127,FALSE
"thanh_2025_green_knowledge",3,303,6,399,"ACE","ok",8,0.335839598997494,3,173.935,FALSE
"thanh_2025_green_knowledge",3,303,6,399,"Original Relationality","ok",4,0.305764411027569,4,5.88400000000001,FALSE
"thanh_2025_green_knowledge",3,303,6,399,"Recursive Relationality","ok",4,0.338345864661654,4,1.54199999999992,FALSE
"thanh_2025_green_knowledge",3,303,6,399,"Ensemble","ok",3,0.37593984962406,3,0.134999999999991,FALSE
"tian2026_digital_competence",1,101,29,515,"eJaccard","ok",3,0.380582524271845,3,0.688000000000002,FALSE
"tian2026_digital_competence",1,101,29,515,"Podani","ok",2,0.590291262135922,2,208.652,FALSE
"tian2026_digital_competence",1,101,29,515,"Euclidean","ok",3,0.598058252427184,2,0.401999999999987,FALSE
"tian2026_digital_competence",1,101,29,515,"Cosine","ok",133,0.27378640776699,4,0.259000000000015,FALSE
"tian2026_digital_competence",1,101,29,515,"eDice","ok",3,0.413592233009709,3,1.649,FALSE
"tian2026_digital_competence",1,101,29,515,"Correlation","ok",4,0.30873786407767,4,0.581999999999994,FALSE
"tian2026_digital_competence",1,101,29,515,"ACE","ok",13,0.236893203883495,6,305.342,FALSE
"tian2026_digital_competence",1,101,29,515,"Original Relationality","ok",2,0.572815533980582,2,18.62,FALSE
"tian2026_digital_competence",1,101,29,515,"Recursive Relationality","ok",3,0.345631067961165,3,347.265,FALSE
"tian2026_digital_competence",1,101,29,515,"Ensemble","ok",3,0.419417475728155,3,0.352999999999952,FALSE
"tian2026_digital_competence",2,202,29,515,"eJaccard","ok",3,0.370873786407767,3,0.452999999999975,FALSE
"tian2026_digital_competence",2,202,29,515,"Podani","ok",2,0.590291262135922,2,207.836,FALSE
"tian2026_digital_competence",2,202,29,515,"Euclidean","ok",3,0.598058252427184,2,0.259999999999991,FALSE
"tian2026_digital_competence",2,202,29,515,"Cosine","ok",132,0.242718446601942,3,0.157000000000153,FALSE
"tian2026_digital_competence",2,202,29,515,"eDice","ok",3,0.411650485436893,3,0.293999999999869,FALSE
"tian2026_digital_competence",2,202,29,515,"Correlation","ok",5,0.285436893203883,5,0.0910000000001219,FALSE
"tian2026_digital_competence",2,202,29,515,"ACE","ok",13,0.213592233009709,6,284.563,FALSE
"tian2026_digital_competence",2,202,29,515,"Original Relationality","ok",2,0.572815533980582,2,18.336,FALSE
"tian2026_digital_competence",2,202,29,515,"Recursive Relationality","ok",3,0.345631067961165,3,346.639,FALSE
"tian2026_digital_competence",2,202,29,515,"Ensemble","ok",4,0.332038834951456,4,0.320000000000164,FALSE
"tian2026_digital_competence",3,303,29,515,"eJaccard","ok",3,0.380582524271845,3,0.455999999999676,FALSE
"tian2026_digital_competence",3,303,29,515,"Podani","ok",2,0.590291262135922,2,162.913,FALSE
"tian2026_digital_competence",3,303,29,515,"Euclidean","ok",3,0.598058252427184,2,0.340000000000146,FALSE
"tian2026_digital_competence",3,303,29,515,"Cosine","ok",132,0.246601941747573,3,0.217999999999847,FALSE
"tian2026_digital_competence",3,303,29,515,"eDice","ok",3,0.415533980582524,3,0.398000000000138,FALSE
"tian2026_digital_competence",3,303,29,515,"Correlation","ok",5,0.27378640776699,5,0.137000000000171,FALSE
"tian2026_digital_competence",3,303,29,515,"ACE","ok",13,0.203883495145631,6,331.823,FALSE
"tian2026_digital_competence",3,303,29,515,"Original Relationality","ok",2,0.572815533980582,2,17.9360000000001,FALSE
"tian2026_digital_competence",3,303,29,515,"Recursive Relationality","ok",3,0.409708737864078,3,346.156,FALSE
"tian2026_digital_competence",3,303,29,515,"Ensemble","ok",3,0.390291262135922,3,0.315000000000055,FALSE
"wang_onlineriskexp_2025_anxiety",1,101,7,756,"eJaccard","ok",3,0.492063492063492,2,1.44299999999998,FALSE
"wang_onlineriskexp_2025_anxiety",1,101,7,756,"Podani","ok",3,0.541005291005291,3,20.278,FALSE
"wang_onlineriskexp_2025_anxiety",1,101,7,756,"Euclidean","ok",4,0.55952380952381,4,0.921999999999912,FALSE
"wang_onlineriskexp_2025_anxiety",1,101,7,756,"Cosine","ok",73,0.354497354497354,3,1.4190000000001,FALSE
"wang_onlineriskexp_2025_anxiety",1,101,7,756,"eDice","ok",3,0.402116402116402,3,1.12199999999996,FALSE
"wang_onlineriskexp_2025_anxiety",1,101,7,756,"Correlation","ok",4,0.353174603174603,3,0.288000000000011,FALSE
"wang_onlineriskexp_2025_anxiety",1,101,7,756,"ACE","ok",12,0.362433862433862,3,493.817,FALSE
"wang_onlineriskexp_2025_anxiety",1,101,7,756,"Original Relationality","ok",3,0.527777777777778,3,13.623,FALSE
"wang_onlineriskexp_2025_anxiety",1,101,7,756,"Recursive Relationality","ok",4,0.330687830687831,4,3.91799999999989,FALSE
"wang_onlineriskexp_2025_anxiety",1,101,7,756,"Ensemble","ok",3,0.35978835978836,3,0.467000000000098,FALSE
"wang_onlineriskexp_2025_anxiety",2,202,7,756,"eJaccard","ok",3,0.465608465608466,3,1.30300000000011,FALSE
"wang_onlineriskexp_2025_anxiety",2,202,7,756,"Podani","ok",3,0.542328042328042,3,14.5229999999999,FALSE
"wang_onlineriskexp_2025_anxiety",2,202,7,756,"Euclidean","ok",4,0.544973544973545,4,0.746000000000095,FALSE
"wang_onlineriskexp_2025_anxiety",2,202,7,756,"Cosine","ok",73,0.354497354497354,3,0.781999999999925,FALSE
"wang_onlineriskexp_2025_anxiety",2,202,7,756,"eDice","ok",3,0.395502645502646,3,0.934999999999945,FALSE
"wang_onlineriskexp_2025_anxiety",2,202,7,756,"Correlation","ok",4,0.347883597883598,4,0.715000000000146,FALSE
"wang_onlineriskexp_2025_anxiety",2,202,7,756,"ACE","ok",12,0.353174603174603,4,502.313,FALSE
"wang_onlineriskexp_2025_anxiety",2,202,7,756,"Original Relationality","ok",4,0.481481481481481,4,12.4280000000001,FALSE
"wang_onlineriskexp_2025_anxiety",2,202,7,756,"Recursive Relationality","ok",4,0.325396825396825,4,3.69200000000001,FALSE
"wang_onlineriskexp_2025_anxiety",2,202,7,756,"Ensemble","ok",3,0.400793650793651,3,0.509999999999991,FALSE
"wang_onlineriskexp_2025_anxiety",3,303,7,756,"eJaccard","ok",3,0.494708994708995,2,1.33999999999992,FALSE
"wang_onlineriskexp_2025_anxiety",3,303,7,756,"Podani","ok",3,0.529100529100529,3,14.768,FALSE
"wang_onlineriskexp_2025_anxiety",3,303,7,756,"Euclidean","ok",4,0.542328042328042,4,0.689000000000078,FALSE
"wang_onlineriskexp_2025_anxiety",3,303,7,756,"Cosine","ok",73,0.354497354497354,3,1.49800000000005,FALSE
"wang_onlineriskexp_2025_anxiety",3,303,7,756,"eDice","ok",3,0.421957671957672,3,1.28199999999993,FALSE
"wang_onlineriskexp_2025_anxiety",3,303,7,756,"Correlation","ok",4,0.347883597883598,3,0.80600000000004,FALSE
"wang_onlineriskexp_2025_anxiety",3,303,7,756,"ACE","ok",12,0.335978835978836,3,569.957,FALSE
"wang_onlineriskexp_2025_anxiety",3,303,7,756,"Original Relationality","ok",4,0.481481481481481,4,20.4960000000001,FALSE
"wang_onlineriskexp_2025_anxiety",3,303,7,756,"Recursive Relationality","ok",3,0.402116402116402,3,4.78799999999956,FALSE
"wang_onlineriskexp_2025_anxiety",3,303,7,756,"Ensemble","ok",3,0.365079365079365,3,0.829000000000178,FALSE
"wang2022_fomo",1,101,10,308,"eJaccard","ok",3,0.470779220779221,3,0.117999999999938,FALSE
"wang2022_fomo",1,101,10,308,"Podani","ok",5,0.246753246753247,5,6.70000000000005,FALSE
"wang2022_fomo",1,101,10,308,"Euclidean","ok",3,0.464285714285714,3,0.13799999999992,FALSE
"wang2022_fomo",1,101,10,308,"Cosine","ok",7,0.405844155844156,3,0.0740000000000691,FALSE
"wang2022_fomo",1,101,10,308,"eDice","ok",2,0.529220779220779,2,0.702999999999975,FALSE
"wang2022_fomo",1,101,10,308,"Correlation","ok",5,0.331168831168831,5,0.04099999999994,FALSE
"wang2022_fomo",1,101,10,308,"ACE","ok",8,0.159090909090909,7,108.59,FALSE
"wang2022_fomo",1,101,10,308,"Original Relationality","ok",3,0.461038961038961,3,3.77999999999997,FALSE
"wang2022_fomo",1,101,10,308,"Recursive Relationality","ok",3,0.373376623376623,3,2.88599999999997,FALSE
"wang2022_fomo",1,101,10,308,"Ensemble","ok",3,0.344155844155844,3,0.111000000000104,FALSE
"wang2022_fomo",2,202,10,308,"eJaccard","ok",3,0.474025974025974,3,0.157000000000153,FALSE
"wang2022_fomo",2,202,10,308,"Podani","ok",5,0.25,5,5.28199999999993,FALSE
"wang2022_fomo",2,202,10,308,"Euclidean","ok",3,0.470779220779221,3,0.222999999999956,FALSE
"wang2022_fomo",2,202,10,308,"Cosine","ok",7,0.353896103896104,4,0.0760000000000218,FALSE
"wang2022_fomo",2,202,10,308,"eDice","ok",2,0.529220779220779,2,0.721000000000004,FALSE
"wang2022_fomo",2,202,10,308,"Correlation","ok",5,0.308441558441558,5,0.0450000000000728,FALSE
"wang2022_fomo",2,202,10,308,"ACE","ok",6,0.214285714285714,6,103.952,FALSE
"wang2022_fomo",2,202,10,308,"Original Relationality","ok",3,0.49025974025974,3,3.43000000000006,FALSE
"wang2022_fomo",2,202,10,308,"Recursive Relationality","ok",4,0.308441558441558,4,2.58899999999994,FALSE
"wang2022_fomo",2,202,10,308,"Ensemble","ok",4,0.305194805194805,4,0.105000000000018,FALSE
"wang2022_fomo",3,303,10,308,"eJaccard","ok",3,0.470779220779221,3,0.144000000000005,FALSE
"wang2022_fomo",3,303,10,308,"Podani","ok",5,0.36038961038961,5,6.81899999999996,FALSE
"wang2022_fomo",3,303,10,308,"Euclidean","ok",3,0.464285714285714,3,0.189000000000078,FALSE
"wang2022_fomo",3,303,10,308,"Cosine","ok",8,0.363636363636364,3,0.0750000000000455,FALSE
"wang2022_fomo",3,303,10,308,"eDice","ok",3,0.519480519480519,2,0.15300000000002,FALSE
"wang2022_fomo",3,303,10,308,"Correlation","ok",5,0.295454545454545,5,0.043999999999869,FALSE
"wang2022_fomo",3,303,10,308,"ACE","ok",7,0.204545454545455,6,105.919,FALSE
"wang2022_fomo",3,303,10,308,"Original Relationality","ok",3,0.474025974025974,3,3.43299999999999,FALSE
"wang2022_fomo",3,303,10,308,"Recursive Relationality","ok",4,0.308441558441558,4,2.68000000000006,FALSE
"wang2022_fomo",3,303,10,308,"Ensemble","ok",4,0.288961038961039,4,0.0939999999998236,FALSE
"xu2024_self_efficacy",1,101,7,394,"eJaccard","ok",2,0.583756345177665,2,0.315000000000055,FALSE
"xu2024_self_efficacy",1,101,7,394,"Podani","ok",6,0.238578680203046,6,8.17099999999982,FALSE
"xu2024_self_efficacy",1,101,7,394,"Euclidean","ok",4,0.378172588832487,4,0.295000000000073,FALSE
"xu2024_self_efficacy",1,101,7,394,"Cosine","ok",8,0.236040609137056,5,0.110999999999876,FALSE
"xu2024_self_efficacy",1,101,7,394,"eDice","ok",5,0.236040609137056,5,1,FALSE
"xu2024_self_efficacy",1,101,7,394,"Correlation","ok",7,0.197969543147208,7,0.0499999999997272,FALSE
"xu2024_self_efficacy",1,101,7,394,"ACE","ok",8,0.192893401015228,7,188.24,FALSE
"xu2024_self_efficacy",1,101,7,394,"Original Relationality","ok",5,0.230964467005076,5,5.54599999999982,FALSE
"xu2024_self_efficacy",1,101,7,394,"Recursive Relationality","ok",7,0.205583756345178,7,1.41300000000001,FALSE
"xu2024_self_efficacy",1,101,7,394,"Ensemble","ok",6,0.243654822335025,6,0.21100000000024,FALSE
"xu2024_self_efficacy",2,202,7,394,"eJaccard","ok",2,0.591370558375635,2,0.271000000000186,FALSE
"xu2024_self_efficacy",2,202,7,394,"Podani","ok",6,0.223350253807107,6,6.904,FALSE
"xu2024_self_efficacy",2,202,7,394,"Euclidean","ok",4,0.380710659898477,4,0.242999999999938,FALSE
"xu2024_self_efficacy",2,202,7,394,"Cosine","ok",9,0.253807106598985,5,0.0830000000000837,FALSE
"xu2024_self_efficacy",2,202,7,394,"eDice","ok",4,0.299492385786802,4,0.19399999999996,FALSE
"xu2024_self_efficacy",2,202,7,394,"Correlation","ok",9,0.197969543147208,9,0.706000000000131,FALSE
"xu2024_self_efficacy",2,202,7,394,"ACE","ok",7,0.213197969543147,6,156.252,FALSE
"xu2024_self_efficacy",2,202,7,394,"Original Relationality","ok",5,0.291878172588832,5,5.39100000000008,FALSE
"xu2024_self_efficacy",2,202,7,394,"Recursive Relationality","ok",6,0.251269035532995,6,2.14600000000019,FALSE
"xu2024_self_efficacy",2,202,7,394,"Ensemble","ok",5,0.299492385786802,5,0.152999999999793,FALSE
"xu2024_self_efficacy",3,303,7,394,"eJaccard","ok",2,0.614213197969543,2,0.284999999999854,FALSE
"xu2024_self_efficacy",3,303,7,394,"Podani","ok",7,0.210659898477157,7,40.9400000000001,FALSE
"xu2024_self_efficacy",3,303,7,394,"Euclidean","ok",5,0.380710659898477,5,0.36200000000008,FALSE
"xu2024_self_efficacy",3,303,7,394,"Cosine","ok",9,0.258883248730964,4,0.132000000000062,FALSE
"xu2024_self_efficacy",3,303,7,394,"eDice","ok",5,0.279187817258883,5,0.35799999999972,FALSE
"xu2024_self_efficacy",3,303,7,394,"Correlation","ok",8,0.190355329949239,8,0.0570000000002437,FALSE
"xu2024_self_efficacy",3,303,7,394,"ACE","ok",8,0.185279187817259,7,164.165,FALSE
"xu2024_self_efficacy",3,303,7,394,"Original Relationality","ok",6,0.241116751269036,6,5.64600000000064,FALSE
"xu2024_self_efficacy",3,303,7,394,"Recursive Relationality","ok",7,0.208121827411168,7,1.42299999999977,FALSE
"xu2024_self_efficacy",3,303,7,394,"Ensemble","ok",6,0.238578680203046,6,0.192000000000007,FALSE
