"table","replicate","seed","reading","method","predicted"
"ada_boredom_bieleke2022",1,101,"primary","Correlation",-0.121357185053655
"ada_boredom_bieleke2022",1,101,"primary","Original Relationality",-0.685261831632185
"ada_boredom_bieleke2022",1,101,"primary","ACE",-0.348785767944754
"ada_boredom_bieleke2022",1,101,"primary","Podani",-0.283330139604613
"ada_boredom_bieleke2022",1,101,"primary","Euclidean",-0.552173475764815
"ada_boredom_bieleke2022",1,101,"primary","Cosine",-0.424102761802029
"ada_boredom_bieleke2022",1,101,"primary","eJaccard",0.144045706103482
"ada_boredom_bieleke2022",1,101,"primary","eDice",-0.0622827962088313
"ada_boredom_bieleke2022",1,101,"primary","Recursive Relationality",-0.116273729499228
"ada_boredom_bieleke2022",1,101,"pct_cells","Correlation",0.972983487941245
"ada_boredom_bieleke2022",1,101,"pct_cells","Original Relationality",0.644645128572631
"ada_boredom_bieleke2022",1,101,"pct_cells","ACE",0.85959305956404
"ada_boredom_bieleke2022",1,101,"pct_cells","Podani",0.911364029489763
"ada_boredom_bieleke2022",1,101,"pct_cells","Euclidean",0.814752924491851
"ada_boredom_bieleke2022",1,101,"pct_cells","Cosine",0.647393901378839
"ada_boredom_bieleke2022",1,101,"pct_cells","eJaccard",0.813739302856715
"ada_boredom_bieleke2022",1,101,"pct_cells","eDice",0.551389966673103
"ada_boredom_bieleke2022",1,101,"pct_cells","Recursive Relationality",0.972781828366887
"ada_boredom_bieleke2022",1,101,"rk_corrected","Correlation",-0.10723821749809
"ada_boredom_bieleke2022",1,101,"rk_corrected","Original Relationality",-0.679930549843174
"ada_boredom_bieleke2022",1,101,"rk_corrected","ACE",-0.325558597492381
"ada_boredom_bieleke2022",1,101,"rk_corrected","Podani",-0.273615877760501
"ada_boredom_bieleke2022",1,101,"rk_corrected","Euclidean",-0.502012457658875
"ada_boredom_bieleke2022",1,101,"rk_corrected","Cosine",-0.380118445420064
"ada_boredom_bieleke2022",1,101,"rk_corrected","eJaccard",0.174812311506059
"ada_boredom_bieleke2022",1,101,"rk_corrected","eDice",-0.0427756422973859
"ada_boredom_bieleke2022",1,101,"rk_corrected","Recursive Relationality",-0.119550548779484
"ada_boredom_bieleke2022",1,101,"positional","Correlation",1.17398265384956
"ada_boredom_bieleke2022",1,101,"positional","Original Relationality",0.893097236384047
"ada_boredom_bieleke2022",1,101,"positional","ACE",1.01251999852148
"ada_boredom_bieleke2022",1,101,"positional","Podani",0.985844275217658
"ada_boredom_bieleke2022",1,101,"positional","Euclidean",0.974596911535539
"ada_boredom_bieleke2022",1,101,"positional","Cosine",0.801452451502748
"ada_boredom_bieleke2022",1,101,"positional","eJaccard",1.2070144261214
"ada_boredom_bieleke2022",1,101,"positional","eDice",1.01001398084192
"ada_boredom_bieleke2022",1,101,"positional","Recursive Relationality",1.11330750680899
"ada_boredom_bieleke2022",2,202,"primary","Correlation",-0.121357185053655
"ada_boredom_bieleke2022",2,202,"primary","Original Relationality",-0.685261831632185
"ada_boredom_bieleke2022",2,202,"primary","ACE",-0.348785767944754
"ada_boredom_bieleke2022",2,202,"primary","Podani",-0.283330139604613
"ada_boredom_bieleke2022",2,202,"primary","Euclidean",-0.552173475764815
"ada_boredom_bieleke2022",2,202,"primary","Cosine",-0.424102761802029
"ada_boredom_bieleke2022",2,202,"primary","eJaccard",0.144045706103482
"ada_boredom_bieleke2022",2,202,"primary","eDice",-0.0622827962088313
"ada_boredom_bieleke2022",2,202,"primary","Recursive Relationality",-0.116273729499228
"ada_boredom_bieleke2022",2,202,"pct_cells","Correlation",0.972983487941245
"ada_boredom_bieleke2022",2,202,"pct_cells","Original Relationality",0.644645128572631
"ada_boredom_bieleke2022",2,202,"pct_cells","ACE",0.85959305956404
"ada_boredom_bieleke2022",2,202,"pct_cells","Podani",0.911364029489763
"ada_boredom_bieleke2022",2,202,"pct_cells","Euclidean",0.814752924491851
"ada_boredom_bieleke2022",2,202,"pct_cells","Cosine",0.647393901378839
"ada_boredom_bieleke2022",2,202,"pct_cells","eJaccard",0.813739302856715
"ada_boredom_bieleke2022",2,202,"pct_cells","eDice",0.551389966673103
"ada_boredom_bieleke2022",2,202,"pct_cells","Recursive Relationality",0.972781828366887
"ada_boredom_bieleke2022",2,202,"rk_corrected","Correlation",-0.10723821749809
"ada_boredom_bieleke2022",2,202,"rk_corrected","Original Relationality",-0.679930549843174
"ada_boredom_bieleke2022",2,202,"rk_corrected","ACE",-0.325558597492381
"ada_boredom_bieleke2022",2,202,"rk_corrected","Podani",-0.273615877760501
"ada_boredom_bieleke2022",2,202,"rk_corrected","Euclidean",-0.502012457658875
"ada_boredom_bieleke2022",2,202,"rk_corrected","Cosine",-0.380118445420064
"ada_boredom_bieleke2022",2,202,"rk_corrected","eJaccard",0.174812311506059
"ada_boredom_bieleke2022",2,202,"rk_corrected","eDice",-0.0427756422973859
"ada_boredom_bieleke2022",2,202,"rk_corrected","Recursive Relationality",-0.119550548779484
"ada_boredom_bieleke2022",2,202,"positional","Correlation",1.17398265384956
"ada_boredom_bieleke2022",2,202,"positional","Original Relationality",0.893097236384047
"ada_boredom_bieleke2022",2,202,"positional","ACE",1.01251999852148
"ada_boredom_bieleke2022",2,202,"positional","Podani",0.985844275217658
"ada_boredom_bieleke2022",2,202,"positional","Euclidean",0.974596911535539
"ada_boredom_bieleke2022",2,202,"positional","Cosine",0.801452451502748
"ada_boredom_bieleke2022",2,202,"positional","eJaccard",1.2070144261214
"ada_boredom_bieleke2022",2,202,"positional","eDice",1.01001398084192
"ada_boredom_bieleke2022",2,202,"positional","Recursive Relationality",1.11330750680899
"ada_boredom_bieleke2022",3,303,"primary","Correlation",-0.121357185053655
"ada_boredom_bieleke2022",3,303,"primary","Original Relationality",-0.685261831632185
"ada_boredom_bieleke2022",3,303,"primary","ACE",-0.348785767944754
"ada_boredom_bieleke2022",3,303,"primary","Podani",-0.283330139604613
"ada_boredom_bieleke2022",3,303,"primary","Euclidean",-0.552173475764815
"ada_boredom_bieleke2022",3,303,"primary","Cosine",-0.424102761802029
"ada_boredom_bieleke2022",3,303,"primary","eJaccard",0.144045706103482
"ada_boredom_bieleke2022",3,303,"primary","eDice",-0.0622827962088313
"ada_boredom_bieleke2022",3,303,"primary","Recursive Relationality",-0.116273729499228
"ada_boredom_bieleke2022",3,303,"pct_cells","Correlation",0.972983487941245
"ada_boredom_bieleke2022",3,303,"pct_cells","Original Relationality",0.644645128572631
"ada_boredom_bieleke2022",3,303,"pct_cells","ACE",0.85959305956404
"ada_boredom_bieleke2022",3,303,"pct_cells","Podani",0.911364029489763
"ada_boredom_bieleke2022",3,303,"pct_cells","Euclidean",0.814752924491851
"ada_boredom_bieleke2022",3,303,"pct_cells","Cosine",0.647393901378839
"ada_boredom_bieleke2022",3,303,"pct_cells","eJaccard",0.813739302856715
"ada_boredom_bieleke2022",3,303,"pct_cells","eDice",0.551389966673103
"ada_boredom_bieleke2022",3,303,"pct_cells","Recursive Relationality",0.972781828366887
"ada_boredom_bieleke2022",3,303,"rk_corrected","Correlation",-0.10723821749809
"ada_boredom_bieleke2022",3,303,"rk_corrected","Original Relationality",-0.679930549843174
"ada_boredom_bieleke2022",3,303,"rk_corrected","ACE",-0.325558597492381
"ada_boredom_bieleke2022",3,303,"rk_corrected","Podani",-0.273615877760501
"ada_boredom_bieleke2022",3,303,"rk_corrected","Euclidean",-0.502012457658875
"ada_boredom_bieleke2022",3,303,"rk_corrected","Cosine",-0.380118445420064
"ada_boredom_bieleke2022",3,303,"rk_corrected","eJaccard",0.174812311506059
"ada_boredom_bieleke2022",3,303,"rk_corrected","eDice",-0.0427756422973859
"ada_boredom_bieleke2022",3,303,"rk_corrected","Recursive Relationality",-0.119550548779484
"ada_boredom_bieleke2022",3,303,"positional","Correlation",1.17398265384956
"ada_boredom_bieleke2022",3,303,"positional","Original Relationality",0.893097236384047
"ada_boredom_bieleke2022",3,303,"positional","ACE",1.01251999852148
"ada_boredom_bieleke2022",3,303,"positional","Podani",0.985844275217658
"ada_boredom_bieleke2022",3,303,"positional","Euclidean",0.974596911535539
"ada_boredom_bieleke2022",3,303,"positional","Cosine",0.801452451502748
"ada_boredom_bieleke2022",3,303,"positional","eJaccard",1.2070144261214
"ada_boredom_bieleke2022",3,303,"positional","eDice",1.01001398084192
"ada_boredom_bieleke2022",3,303,"positional","Recursive Relationality",1.11330750680899
"algner2022_mimi16",2,202,"primary","Correlation",0.836911711146801
"algner2022_mimi16",2,202,"primary","Original Relationality",0.599717862946354
"algner2022_mimi16",2,202,"primary","ACE",0.70966904177783
"algner2022_mimi16",2,202,"primary","Podani",0.772583980576201
"algner2022_mimi16",2,202,"primary","Euclidean",0.594480298103798
"algner2022_mimi16",2,202,"primary","Cosine",0.619714001802228
"algner2022_mimi16",2,202,"primary","eJaccard",0.697551469051776
"algner2022_mimi16",2,202,"primary","eDice",0.535843391227278
"algner2022_mimi16",2,202,"primary","Recursive Relationality",0.847298340645433
"algner2022_mimi16",2,202,"pct_cells","Correlation",0.973567058512384
"algner2022_mimi16",2,202,"pct_cells","Original Relationality",0.765789454814843
"algner2022_mimi16",2,202,"pct_cells","ACE",0.860564857402148
"algner2022_mimi16",2,202,"pct_cells","Podani",0.921770930035394
"algner2022_mimi16",2,202,"pct_cells","Euclidean",0.765174677523188
"algner2022_mimi16",2,202,"pct_cells","Cosine",0.753516712714287
"algner2022_mimi16",2,202,"pct_cells","eJaccard",0.781179185128858
"algner2022_mimi16",2,202,"pct_cells","eDice",0.612475528412605
"algner2022_mimi16",2,202,"pct_cells","Recursive Relationality",0.98329371140445
"algner2022_mimi16",2,202,"rk_corrected","Correlation",0.844178411274183
"algner2022_mimi16",2,202,"rk_corrected","Original Relationality",0.602461748142128
"algner2022_mimi16",2,202,"rk_corrected","ACE",0.721623519456225
"algner2022_mimi16",2,202,"rk_corrected","Podani",0.777583682395915
"algner2022_mimi16",2,202,"rk_corrected","Euclidean",0.620296992931202
"algner2022_mimi16",2,202,"rk_corrected","Cosine",0.642351693701283
"algner2022_mimi16",2,202,"rk_corrected","eJaccard",0.713386316360416
"algner2022_mimi16",2,202,"rk_corrected","eDice",0.545883263991012
"algner2022_mimi16",2,202,"rk_corrected","Recursive Relationality",0.84561183892443
"algner2022_mimi16",2,202,"positional","Correlation",1.89985192207492
"algner2022_mimi16",2,202,"positional","Original Relationality",2.03612905260922
"algner2022_mimi16",2,202,"positional","ACE",1.7934391941147
"algner2022_mimi16",2,202,"positional","Podani",1.498116798604
"algner2022_mimi16",2,202,"positional","Euclidean",1.58233187355856
"algner2022_mimi16",2,202,"positional","Cosine",1.34202436319387
"algner2022_mimi16",2,202,"positional","eJaccard",2.33419796761906
"algner2022_mimi16",2,202,"positional","eDice",2.65628637669996
"algner2022_mimi16",2,202,"positional","Recursive Relationality",1.74209222768474
"algner2022_mimi16",3,303,"primary","Correlation",0.836911711146801
"algner2022_mimi16",3,303,"primary","Original Relationality",0.599717862946354
"algner2022_mimi16",3,303,"primary","ACE",0.70966904177783
"algner2022_mimi16",3,303,"primary","Podani",0.772583980576201
"algner2022_mimi16",3,303,"primary","Euclidean",0.594480298103798
"algner2022_mimi16",3,303,"primary","Cosine",0.619714001802228
"algner2022_mimi16",3,303,"primary","eJaccard",0.697551469051776
"algner2022_mimi16",3,303,"primary","eDice",0.535843391227278
"algner2022_mimi16",3,303,"primary","Recursive Relationality",0.847298340645433
"algner2022_mimi16",3,303,"pct_cells","Correlation",0.973567058512384
"algner2022_mimi16",3,303,"pct_cells","Original Relationality",0.765789454814843
"algner2022_mimi16",3,303,"pct_cells","ACE",0.860564857402148
"algner2022_mimi16",3,303,"pct_cells","Podani",0.921770930035394
"algner2022_mimi16",3,303,"pct_cells","Euclidean",0.765174677523188
"algner2022_mimi16",3,303,"pct_cells","Cosine",0.753516712714287
"algner2022_mimi16",3,303,"pct_cells","eJaccard",0.781179185128858
"algner2022_mimi16",3,303,"pct_cells","eDice",0.612475528412605
"algner2022_mimi16",3,303,"pct_cells","Recursive Relationality",0.98329371140445
"algner2022_mimi16",3,303,"rk_corrected","Correlation",0.844178411274183
"algner2022_mimi16",3,303,"rk_corrected","Original Relationality",0.602461748142128
"algner2022_mimi16",3,303,"rk_corrected","ACE",0.721623519456225
"algner2022_mimi16",3,303,"rk_corrected","Podani",0.777583682395915
"algner2022_mimi16",3,303,"rk_corrected","Euclidean",0.620296992931202
"algner2022_mimi16",3,303,"rk_corrected","Cosine",0.642351693701283
"algner2022_mimi16",3,303,"rk_corrected","eJaccard",0.713386316360416
"algner2022_mimi16",3,303,"rk_corrected","eDice",0.545883263991012
"algner2022_mimi16",3,303,"rk_corrected","Recursive Relationality",0.84561183892443
"algner2022_mimi16",3,303,"positional","Correlation",1.89985192207492
"algner2022_mimi16",3,303,"positional","Original Relationality",2.03612905260922
"algner2022_mimi16",3,303,"positional","ACE",1.7934391941147
"algner2022_mimi16",3,303,"positional","Podani",1.498116798604
"algner2022_mimi16",3,303,"positional","Euclidean",1.58233187355856
"algner2022_mimi16",3,303,"positional","Cosine",1.34202436319387
"algner2022_mimi16",3,303,"positional","eJaccard",2.33419796761906
"algner2022_mimi16",3,303,"positional","eDice",2.65628637669996
"algner2022_mimi16",3,303,"positional","Recursive Relationality",1.74209222768474
"alsuhibani_2022_pads_s1",1,101,"primary","Correlation",0.438344104574098
"alsuhibani_2022_pads_s1",1,101,"primary","Original Relationality",0.106472789332966
"alsuhibani_2022_pads_s1",1,101,"primary","ACE",0.280466437927683
"alsuhibani_2022_pads_s1",1,101,"primary","Podani",0.344114615110631
"alsuhibani_2022_pads_s1",1,101,"primary","Euclidean",0.1444089905558
"alsuhibani_2022_pads_s1",1,101,"primary","Cosine",0.195966942162484
"alsuhibani_2022_pads_s1",1,101,"primary","eJaccard",0.400761431287439
"alsuhibani_2022_pads_s1",1,101,"primary","eDice",0.246770162331155
"alsuhibani_2022_pads_s1",1,101,"primary","Recursive Relationality",0.455619361823407
"alsuhibani_2022_pads_s1",1,101,"pct_cells","Correlation",0.875692203334504
"alsuhibani_2022_pads_s1",1,101,"pct_cells","Original Relationality",0.637963845936066
"alsuhibani_2022_pads_s1",1,101,"pct_cells","ACE",0.763389348347336
"alsuhibani_2022_pads_s1",1,101,"pct_cells","Podani",0.821568516210406
"alsuhibani_2022_pads_s1",1,101,"pct_cells","Euclidean",0.690694692120366
"alsuhibani_2022_pads_s1",1,101,"pct_cells","Cosine",0.624185539930398
"alsuhibani_2022_pads_s1",1,101,"pct_cells","eJaccard",0.668401324896153
"alsuhibani_2022_pads_s1",1,101,"pct_cells","eDice",0.492021593380461
"alsuhibani_2022_pads_s1",1,101,"pct_cells","Recursive Relationality",0.890855289200309
"alsuhibani_2022_pads_s1",1,101,"rk_corrected","Correlation",0.457737558453322
"alsuhibani_2022_pads_s1",1,101,"rk_corrected","Original Relationality",0.113795702080335
"alsuhibani_2022_pads_s1",1,101,"rk_corrected","ACE",0.312370687097475
"alsuhibani_2022_pads_s1",1,101,"rk_corrected","Podani",0.357457877520086
"alsuhibani_2022_pads_s1",1,101,"rk_corrected","Euclidean",0.213308886199302
"alsuhibani_2022_pads_s1",1,101,"rk_corrected","Cosine",0.256382677789455
"alsuhibani_2022_pads_s1",1,101,"rk_corrected","eJaccard",0.443021656091196
"alsuhibani_2022_pads_s1",1,101,"rk_corrected","eDice",0.273564691620049
"alsuhibani_2022_pads_s1",1,101,"rk_corrected","Recursive Relationality",0.451118406400704
"alsuhibani_2022_pads_s1",1,101,"positional","Correlation",2.26506579666075
"alsuhibani_2022_pads_s1",1,101,"positional","Original Relationality",2.63624756708269
"alsuhibani_2022_pads_s1",1,101,"positional","ACE",2.17029678887274
"alsuhibani_2022_pads_s1",1,101,"positional","Podani",1.73875785260429
"alsuhibani_2022_pads_s1",1,101,"positional","Euclidean",1.94868718359042
"alsuhibani_2022_pads_s1",1,101,"positional","Cosine",1.41453717816687
"alsuhibani_2022_pads_s1",1,101,"positional","eJaccard",3.03079672391422
"alsuhibani_2022_pads_s1",1,101,"positional","eDice",3.65921625034633
"alsuhibani_2022_pads_s1",1,101,"positional","Recursive Relationality",1.99053907346305
"alsuhibani_2022_pads_s1",2,202,"primary","Correlation",0.438344104574098
"alsuhibani_2022_pads_s1",2,202,"primary","Original Relationality",0.106472789332966
"alsuhibani_2022_pads_s1",2,202,"primary","ACE",0.280466437927683
"alsuhibani_2022_pads_s1",2,202,"primary","Podani",0.344114615110631
"alsuhibani_2022_pads_s1",2,202,"primary","Euclidean",0.1444089905558
"alsuhibani_2022_pads_s1",2,202,"primary","Cosine",0.195966942162484
"alsuhibani_2022_pads_s1",2,202,"primary","eJaccard",0.400761431287439
"alsuhibani_2022_pads_s1",2,202,"primary","eDice",0.246770162331155
"alsuhibani_2022_pads_s1",2,202,"primary","Recursive Relationality",0.455619361823407
"alsuhibani_2022_pads_s1",2,202,"pct_cells","Correlation",0.875692203334504
"alsuhibani_2022_pads_s1",2,202,"pct_cells","Original Relationality",0.637963845936066
"alsuhibani_2022_pads_s1",2,202,"pct_cells","ACE",0.763389348347336
"alsuhibani_2022_pads_s1",2,202,"pct_cells","Podani",0.821568516210406
"alsuhibani_2022_pads_s1",2,202,"pct_cells","Euclidean",0.690694692120366
"alsuhibani_2022_pads_s1",2,202,"pct_cells","Cosine",0.624185539930398
"alsuhibani_2022_pads_s1",2,202,"pct_cells","eJaccard",0.668401324896153
"alsuhibani_2022_pads_s1",2,202,"pct_cells","eDice",0.492021593380461
"alsuhibani_2022_pads_s1",2,202,"pct_cells","Recursive Relationality",0.890855289200309
"alsuhibani_2022_pads_s1",2,202,"rk_corrected","Correlation",0.457737558453322
"alsuhibani_2022_pads_s1",2,202,"rk_corrected","Original Relationality",0.113795702080335
"alsuhibani_2022_pads_s1",2,202,"rk_corrected","ACE",0.312370687097475
"alsuhibani_2022_pads_s1",2,202,"rk_corrected","Podani",0.357457877520086
"alsuhibani_2022_pads_s1",2,202,"rk_corrected","Euclidean",0.213308886199302
"alsuhibani_2022_pads_s1",2,202,"rk_corrected","Cosine",0.256382677789455
"alsuhibani_2022_pads_s1",2,202,"rk_corrected","eJaccard",0.443021656091196
"alsuhibani_2022_pads_s1",2,202,"rk_corrected","eDice",0.273564691620049
"alsuhibani_2022_pads_s1",2,202,"rk_corrected","Recursive Relationality",0.451118406400704
"alsuhibani_2022_pads_s1",2,202,"positional","Correlation",2.26506579666075
"alsuhibani_2022_pads_s1",2,202,"positional","Original Relationality",2.63624756708269
"alsuhibani_2022_pads_s1",2,202,"positional","ACE",2.17029678887274
"alsuhibani_2022_pads_s1",2,202,"positional","Podani",1.73875785260429
"alsuhibani_2022_pads_s1",2,202,"positional","Euclidean",1.94868718359042
"alsuhibani_2022_pads_s1",2,202,"positional","Cosine",1.41453717816687
"alsuhibani_2022_pads_s1",2,202,"positional","eJaccard",3.03079672391422
"alsuhibani_2022_pads_s1",2,202,"positional","eDice",3.65921625034633
"alsuhibani_2022_pads_s1",2,202,"positional","Recursive Relationality",1.99053907346305
"alsuhibani_2022_pads_s1",3,303,"primary","Correlation",0.438344104574098
"alsuhibani_2022_pads_s1",3,303,"primary","Original Relationality",0.106472789332966
"alsuhibani_2022_pads_s1",3,303,"primary","ACE",0.280466437927683
"alsuhibani_2022_pads_s1",3,303,"primary","Podani",0.344114615110631
"alsuhibani_2022_pads_s1",3,303,"primary","Euclidean",0.1444089905558
"alsuhibani_2022_pads_s1",3,303,"primary","Cosine",0.195966942162484
"alsuhibani_2022_pads_s1",3,303,"primary","eJaccard",0.400761431287439
"alsuhibani_2022_pads_s1",3,303,"primary","eDice",0.246770162331155
"alsuhibani_2022_pads_s1",3,303,"primary","Recursive Relationality",0.455619361823407
"alsuhibani_2022_pads_s1",3,303,"pct_cells","Correlation",0.875692203334504
"alsuhibani_2022_pads_s1",3,303,"pct_cells","Original Relationality",0.637963845936066
"alsuhibani_2022_pads_s1",3,303,"pct_cells","ACE",0.763389348347336
"alsuhibani_2022_pads_s1",3,303,"pct_cells","Podani",0.821568516210406
"alsuhibani_2022_pads_s1",3,303,"pct_cells","Euclidean",0.690694692120366
"alsuhibani_2022_pads_s1",3,303,"pct_cells","Cosine",0.624185539930398
"alsuhibani_2022_pads_s1",3,303,"pct_cells","eJaccard",0.668401324896153
"alsuhibani_2022_pads_s1",3,303,"pct_cells","eDice",0.492021593380461
"alsuhibani_2022_pads_s1",3,303,"pct_cells","Recursive Relationality",0.890855289200309
"alsuhibani_2022_pads_s1",3,303,"rk_corrected","Correlation",0.457737558453322
"alsuhibani_2022_pads_s1",3,303,"rk_corrected","Original Relationality",0.113795702080335
"alsuhibani_2022_pads_s1",3,303,"rk_corrected","ACE",0.312370687097475
"alsuhibani_2022_pads_s1",3,303,"rk_corrected","Podani",0.357457877520086
"alsuhibani_2022_pads_s1",3,303,"rk_corrected","Euclidean",0.213308886199302
"alsuhibani_2022_pads_s1",3,303,"rk_corrected","Cosine",0.256382677789455
"alsuhibani_2022_pads_s1",3,303,"rk_corrected","eJaccard",0.443021656091196
"alsuhibani_2022_pads_s1",3,303,"rk_corrected","eDice",0.273564691620049
"alsuhibani_2022_pads_s1",3,303,"rk_corrected","Recursive Relationality",0.451118406400704
"alsuhibani_2022_pads_s1",3,303,"positional","Correlation",2.26506579666075
"alsuhibani_2022_pads_s1",3,303,"positional","Original Relationality",2.63624756708269
"alsuhibani_2022_pads_s1",3,303,"positional","ACE",2.17029678887274
"alsuhibani_2022_pads_s1",3,303,"positional","Podani",1.73875785260429
"alsuhibani_2022_pads_s1",3,303,"positional","Euclidean",1.94868718359042
"alsuhibani_2022_pads_s1",3,303,"positional","Cosine",1.41453717816687
"alsuhibani_2022_pads_s1",3,303,"positional","eJaccard",3.03079672391422
"alsuhibani_2022_pads_s1",3,303,"positional","eDice",3.65921625034633
"alsuhibani_2022_pads_s1",3,303,"positional","Recursive Relationality",1.99053907346305
"alsyouf_2024_facilitating_conditions",1,101,"primary","Correlation",-1.1098772531461
"alsyouf_2024_facilitating_conditions",1,101,"primary","Original Relationality",-1.61365015075198
"alsyouf_2024_facilitating_conditions",1,101,"primary","ACE",-1.40653571510766
"alsyouf_2024_facilitating_conditions",1,101,"primary","Podani",-1.34172166483244
"alsyouf_2024_facilitating_conditions",1,101,"primary","Euclidean",-1.76695608537239
"alsyouf_2024_facilitating_conditions",1,101,"primary","Cosine",-1.24459130783162
"alsyouf_2024_facilitating_conditions",1,101,"primary","eJaccard",-0.630848673995728
"alsyouf_2024_facilitating_conditions",1,101,"primary","eDice",-0.529181330048651
"alsyouf_2024_facilitating_conditions",1,101,"primary","Recursive Relationality",-1.07401261756388
"alsyouf_2024_facilitating_conditions",1,101,"pct_cells","Correlation",0.714395033833453
"alsyouf_2024_facilitating_conditions",1,101,"pct_cells","Original Relationality",0.603312511453828
"alsyouf_2024_facilitating_conditions",1,101,"pct_cells","ACE",0.607838840819508
"alsyouf_2024_facilitating_conditions",1,101,"pct_cells","Podani",0.649840485672669
"alsyouf_2024_facilitating_conditions",1,101,"pct_cells","Euclidean",0.5117181993954
"alsyouf_2024_facilitating_conditions",1,101,"pct_cells","Cosine",0.541599881501089
"alsyouf_2024_facilitating_conditions",1,101,"pct_cells","eJaccard",0.48553445922103
"alsyouf_2024_facilitating_conditions",1,101,"pct_cells","eDice",0.493814746242579
"alsyouf_2024_facilitating_conditions",1,101,"pct_cells","Recursive Relationality",0.74144935165918
"alsyouf_2024_facilitating_conditions",1,101,"rk_corrected","Correlation",-1.09744558394133
"alsyouf_2024_facilitating_conditions",1,101,"rk_corrected","Original Relationality",-1.60895598799698
"alsyouf_2024_facilitating_conditions",1,101,"rk_corrected","ACE",-1.38608432597526
"alsyouf_2024_facilitating_conditions",1,101,"rk_corrected","Podani",-1.33316831350989
"alsyouf_2024_facilitating_conditions",1,101,"rk_corrected","Euclidean",-1.72278959928811
"alsyouf_2024_facilitating_conditions",1,101,"rk_corrected","Cosine",-1.20586337186135
"alsyouf_2024_facilitating_conditions",1,101,"rk_corrected","eJaccard",-0.603758856031835
"alsyouf_2024_facilitating_conditions",1,101,"rk_corrected","eDice",-0.512005393947152
"alsyouf_2024_facilitating_conditions",1,101,"rk_corrected","Recursive Relationality",-1.07689783797222
"alsyouf_2024_facilitating_conditions",1,101,"positional","Correlation",2.1734144035844
"alsyouf_2024_facilitating_conditions",1,101,"positional","Original Relationality",2.70749179900422
"alsyouf_2024_facilitating_conditions",1,101,"positional","ACE",2.0289237330388
"alsyouf_2024_facilitating_conditions",1,101,"positional","Podani",1.57106449002692
"alsyouf_2024_facilitating_conditions",1,101,"positional","Euclidean",1.82134831772545
"alsyouf_2024_facilitating_conditions",1,101,"positional","Cosine",1.36398461062868
"alsyouf_2024_facilitating_conditions",1,101,"positional","eJaccard",3.04676135804772
"alsyouf_2024_facilitating_conditions",1,101,"positional","eDice",3.88092713415355
"alsyouf_2024_facilitating_conditions",1,101,"positional","Recursive Relationality",1.85028612253123
"alsyouf_2024_facilitating_conditions",2,202,"primary","Correlation",-1.1098772531461
"alsyouf_2024_facilitating_conditions",2,202,"primary","Original Relationality",-1.61365015075198
"alsyouf_2024_facilitating_conditions",2,202,"primary","ACE",-1.40653571510766
"alsyouf_2024_facilitating_conditions",2,202,"primary","Podani",-1.34172166483244
"alsyouf_2024_facilitating_conditions",2,202,"primary","Euclidean",-1.76695608537239
"alsyouf_2024_facilitating_conditions",2,202,"primary","Cosine",-1.24459130783162
"alsyouf_2024_facilitating_conditions",2,202,"primary","eJaccard",-0.630848673995728
"alsyouf_2024_facilitating_conditions",2,202,"primary","eDice",-0.529181330048651
"alsyouf_2024_facilitating_conditions",2,202,"primary","Recursive Relationality",-1.07401261756388
"alsyouf_2024_facilitating_conditions",2,202,"pct_cells","Correlation",0.714395033833453
"alsyouf_2024_facilitating_conditions",2,202,"pct_cells","Original Relationality",0.603312511453828
"alsyouf_2024_facilitating_conditions",2,202,"pct_cells","ACE",0.607838840819508
"alsyouf_2024_facilitating_conditions",2,202,"pct_cells","Podani",0.649840485672669
"alsyouf_2024_facilitating_conditions",2,202,"pct_cells","Euclidean",0.5117181993954
"alsyouf_2024_facilitating_conditions",2,202,"pct_cells","Cosine",0.541599881501089
"alsyouf_2024_facilitating_conditions",2,202,"pct_cells","eJaccard",0.48553445922103
"alsyouf_2024_facilitating_conditions",2,202,"pct_cells","eDice",0.493814746242579
"alsyouf_2024_facilitating_conditions",2,202,"pct_cells","Recursive Relationality",0.74144935165918
"alsyouf_2024_facilitating_conditions",2,202,"rk_corrected","Correlation",-1.09744558394133
"alsyouf_2024_facilitating_conditions",2,202,"rk_corrected","Original Relationality",-1.60895598799698
"alsyouf_2024_facilitating_conditions",2,202,"rk_corrected","ACE",-1.38608432597526
"alsyouf_2024_facilitating_conditions",2,202,"rk_corrected","Podani",-1.33316831350989
"alsyouf_2024_facilitating_conditions",2,202,"rk_corrected","Euclidean",-1.72278959928811
"alsyouf_2024_facilitating_conditions",2,202,"rk_corrected","Cosine",-1.20586337186135
"alsyouf_2024_facilitating_conditions",2,202,"rk_corrected","eJaccard",-0.603758856031835
"alsyouf_2024_facilitating_conditions",2,202,"rk_corrected","eDice",-0.512005393947152
"alsyouf_2024_facilitating_conditions",2,202,"rk_corrected","Recursive Relationality",-1.07689783797222
"alsyouf_2024_facilitating_conditions",2,202,"positional","Correlation",2.1734144035844
"alsyouf_2024_facilitating_conditions",2,202,"positional","Original Relationality",2.70749179900422
"alsyouf_2024_facilitating_conditions",2,202,"positional","ACE",2.0289237330388
"alsyouf_2024_facilitating_conditions",2,202,"positional","Podani",1.57106449002692
"alsyouf_2024_facilitating_conditions",2,202,"positional","Euclidean",1.82134831772545
"alsyouf_2024_facilitating_conditions",2,202,"positional","Cosine",1.36398461062868
"alsyouf_2024_facilitating_conditions",2,202,"positional","eJaccard",3.04676135804772
"alsyouf_2024_facilitating_conditions",2,202,"positional","eDice",3.88092713415355
"alsyouf_2024_facilitating_conditions",2,202,"positional","Recursive Relationality",1.85028612253123
"alsyouf_2024_facilitating_conditions",3,303,"primary","Correlation",-1.1098772531461
"alsyouf_2024_facilitating_conditions",3,303,"primary","Original Relationality",-1.61365015075198
"alsyouf_2024_facilitating_conditions",3,303,"primary","ACE",-1.40653571510766
"alsyouf_2024_facilitating_conditions",3,303,"primary","Podani",-1.34172166483244
"alsyouf_2024_facilitating_conditions",3,303,"primary","Euclidean",-1.76695608537239
"alsyouf_2024_facilitating_conditions",3,303,"primary","Cosine",-1.24459130783162
"alsyouf_2024_facilitating_conditions",3,303,"primary","eJaccard",-0.630848673995728
"alsyouf_2024_facilitating_conditions",3,303,"primary","eDice",-0.529181330048651
"alsyouf_2024_facilitating_conditions",3,303,"primary","Recursive Relationality",-1.07401261756388
"alsyouf_2024_facilitating_conditions",3,303,"pct_cells","Correlation",0.714395033833453
"alsyouf_2024_facilitating_conditions",3,303,"pct_cells","Original Relationality",0.603312511453828
"alsyouf_2024_facilitating_conditions",3,303,"pct_cells","ACE",0.607838840819508
"alsyouf_2024_facilitating_conditions",3,303,"pct_cells","Podani",0.649840485672669
"alsyouf_2024_facilitating_conditions",3,303,"pct_cells","Euclidean",0.5117181993954
"alsyouf_2024_facilitating_conditions",3,303,"pct_cells","Cosine",0.541599881501089
"alsyouf_2024_facilitating_conditions",3,303,"pct_cells","eJaccard",0.48553445922103
"alsyouf_2024_facilitating_conditions",3,303,"pct_cells","eDice",0.493814746242579
"alsyouf_2024_facilitating_conditions",3,303,"pct_cells","Recursive Relationality",0.74144935165918
"alsyouf_2024_facilitating_conditions",3,303,"rk_corrected","Correlation",-1.09744558394133
"alsyouf_2024_facilitating_conditions",3,303,"rk_corrected","Original Relationality",-1.60895598799698
"alsyouf_2024_facilitating_conditions",3,303,"rk_corrected","ACE",-1.38608432597526
"alsyouf_2024_facilitating_conditions",3,303,"rk_corrected","Podani",-1.33316831350989
"alsyouf_2024_facilitating_conditions",3,303,"rk_corrected","Euclidean",-1.72278959928811
"alsyouf_2024_facilitating_conditions",3,303,"rk_corrected","Cosine",-1.20586337186135
"alsyouf_2024_facilitating_conditions",3,303,"rk_corrected","eJaccard",-0.603758856031835
"alsyouf_2024_facilitating_conditions",3,303,"rk_corrected","eDice",-0.512005393947152
"alsyouf_2024_facilitating_conditions",3,303,"rk_corrected","Recursive Relationality",-1.07689783797222
"alsyouf_2024_facilitating_conditions",3,303,"positional","Correlation",2.1734144035844
"alsyouf_2024_facilitating_conditions",3,303,"positional","Original Relationality",2.70749179900422
"alsyouf_2024_facilitating_conditions",3,303,"positional","ACE",2.0289237330388
"alsyouf_2024_facilitating_conditions",3,303,"positional","Podani",1.57106449002692
"alsyouf_2024_facilitating_conditions",3,303,"positional","Euclidean",1.82134831772545
"alsyouf_2024_facilitating_conditions",3,303,"positional","Cosine",1.36398461062868
"alsyouf_2024_facilitating_conditions",3,303,"positional","eJaccard",3.04676135804772
"alsyouf_2024_facilitating_conditions",3,303,"positional","eDice",3.88092713415355
"alsyouf_2024_facilitating_conditions",3,303,"positional","Recursive Relationality",1.85028612253123
"assessment_time_fournier_2025_pmpuq",1,101,"primary","Correlation",-0.55258128293433
"assessment_time_fournier_2025_pmpuq",1,101,"primary","Original Relationality",-1.22714181166785
"assessment_time_fournier_2025_pmpuq",1,101,"primary","ACE",-0.811641584893791
"assessment_time_fournier_2025_pmpuq",1,101,"primary","Podani",-0.754122614702132
"assessment_time_fournier_2025_pmpuq",1,101,"primary","Euclidean",-1.0703759734692
"assessment_time_fournier_2025_pmpuq",1,101,"primary","Cosine",-0.869668630295554
"assessment_time_fournier_2025_pmpuq",1,101,"primary","eJaccard",-0.182698103630115
"assessment_time_fournier_2025_pmpuq",1,101,"primary","eDice",-0.400503534569278
"assessment_time_fournier_2025_pmpuq",1,101,"primary","Recursive Relationality",-0.555254207595643
"assessment_time_fournier_2025_pmpuq",1,101,"pct_cells","Correlation",0.906873840854972
"assessment_time_fournier_2025_pmpuq",1,101,"pct_cells","Original Relationality",0.546473640202525
"assessment_time_fournier_2025_pmpuq",1,101,"pct_cells","ACE",0.799899240377572
"assessment_time_fournier_2025_pmpuq",1,101,"pct_cells","Podani",0.839167819869988
"assessment_time_fournier_2025_pmpuq",1,101,"pct_cells","Euclidean",0.752610038041998
"assessment_time_fournier_2025_pmpuq",1,101,"pct_cells","Cosine",0.55932083687172
"assessment_time_fournier_2025_pmpuq",1,101,"pct_cells","eJaccard",0.710431225535326
"assessment_time_fournier_2025_pmpuq",1,101,"pct_cells","eDice",0.417914239913048
"assessment_time_fournier_2025_pmpuq",1,101,"pct_cells","Recursive Relationality",0.897152481876207
"assessment_time_fournier_2025_pmpuq",1,101,"rk_corrected","Correlation",-0.548438126469003
"assessment_time_fournier_2025_pmpuq",1,101,"rk_corrected","Original Relationality",-1.22557736763002
"assessment_time_fournier_2025_pmpuq",1,101,"rk_corrected","ACE",-0.804825661487759
"assessment_time_fournier_2025_pmpuq",1,101,"rk_corrected","Podani",-0.751272002105502
"assessment_time_fournier_2025_pmpuq",1,101,"rk_corrected","Euclidean",-1.05565641655719
"assessment_time_fournier_2025_pmpuq",1,101,"rk_corrected","Cosine",-0.856761602634097
"assessment_time_fournier_2025_pmpuq",1,101,"rk_corrected","eJaccard",-0.173669762174682
"assessment_time_fournier_2025_pmpuq",1,101,"rk_corrected","eDice",-0.394779235640887
"assessment_time_fournier_2025_pmpuq",1,101,"rk_corrected","Recursive Relationality",-0.556215777549909
"assessment_time_fournier_2025_pmpuq",1,101,"positional","Correlation",1.28733912442823
"assessment_time_fournier_2025_pmpuq",1,101,"positional","Original Relationality",1.09011518866791
"assessment_time_fournier_2025_pmpuq",1,101,"positional","ACE",1.12530320302405
"assessment_time_fournier_2025_pmpuq",1,101,"positional","Podani",1.03090130473454
"assessment_time_fournier_2025_pmpuq",1,101,"positional","Euclidean",1.07426116138743
"assessment_time_fournier_2025_pmpuq",1,101,"positional","Cosine",0.7739831683761
"assessment_time_fournier_2025_pmpuq",1,101,"positional","eJaccard",1.45907153073796
"assessment_time_fournier_2025_pmpuq",1,101,"positional","eDice",1.37086034951774
"assessment_time_fournier_2025_pmpuq",1,101,"positional","Recursive Relationality",1.15415912194257
"assessment_time_fournier_2025_pmpuq",2,202,"primary","Correlation",-0.55258128293433
"assessment_time_fournier_2025_pmpuq",2,202,"primary","Original Relationality",-1.22714181166785
"assessment_time_fournier_2025_pmpuq",2,202,"primary","ACE",-0.811641584893791
"assessment_time_fournier_2025_pmpuq",2,202,"primary","Podani",-0.754122614702132
"assessment_time_fournier_2025_pmpuq",2,202,"primary","Euclidean",-1.0703759734692
"assessment_time_fournier_2025_pmpuq",2,202,"primary","Cosine",-0.869668630295554
"assessment_time_fournier_2025_pmpuq",2,202,"primary","eJaccard",-0.182698103630115
"assessment_time_fournier_2025_pmpuq",2,202,"primary","eDice",-0.400503534569278
"assessment_time_fournier_2025_pmpuq",2,202,"primary","Recursive Relationality",-0.555254207595643
"assessment_time_fournier_2025_pmpuq",2,202,"pct_cells","Correlation",0.906873840854972
"assessment_time_fournier_2025_pmpuq",2,202,"pct_cells","Original Relationality",0.546473640202525
"assessment_time_fournier_2025_pmpuq",2,202,"pct_cells","ACE",0.799899240377572
"assessment_time_fournier_2025_pmpuq",2,202,"pct_cells","Podani",0.839167819869988
"assessment_time_fournier_2025_pmpuq",2,202,"pct_cells","Euclidean",0.752610038041998
"assessment_time_fournier_2025_pmpuq",2,202,"pct_cells","Cosine",0.55932083687172
"assessment_time_fournier_2025_pmpuq",2,202,"pct_cells","eJaccard",0.710431225535326
"assessment_time_fournier_2025_pmpuq",2,202,"pct_cells","eDice",0.417914239913048
"assessment_time_fournier_2025_pmpuq",2,202,"pct_cells","Recursive Relationality",0.897152481876207
"assessment_time_fournier_2025_pmpuq",2,202,"rk_corrected","Correlation",-0.548438126469003
"assessment_time_fournier_2025_pmpuq",2,202,"rk_corrected","Original Relationality",-1.22557736763002
"assessment_time_fournier_2025_pmpuq",2,202,"rk_corrected","ACE",-0.804825661487759
"assessment_time_fournier_2025_pmpuq",2,202,"rk_corrected","Podani",-0.751272002105502
"assessment_time_fournier_2025_pmpuq",2,202,"rk_corrected","Euclidean",-1.05565641655719
"assessment_time_fournier_2025_pmpuq",2,202,"rk_corrected","Cosine",-0.856761602634097
"assessment_time_fournier_2025_pmpuq",2,202,"rk_corrected","eJaccard",-0.173669762174682
"assessment_time_fournier_2025_pmpuq",2,202,"rk_corrected","eDice",-0.394779235640887
"assessment_time_fournier_2025_pmpuq",2,202,"rk_corrected","Recursive Relationality",-0.556215777549909
"assessment_time_fournier_2025_pmpuq",2,202,"positional","Correlation",1.28733912442823
"assessment_time_fournier_2025_pmpuq",2,202,"positional","Original Relationality",1.09011518866791
"assessment_time_fournier_2025_pmpuq",2,202,"positional","ACE",1.12530320302405
"assessment_time_fournier_2025_pmpuq",2,202,"positional","Podani",1.03090130473454
"assessment_time_fournier_2025_pmpuq",2,202,"positional","Euclidean",1.07426116138743
"assessment_time_fournier_2025_pmpuq",2,202,"positional","Cosine",0.7739831683761
"assessment_time_fournier_2025_pmpuq",2,202,"positional","eJaccard",1.45907153073796
"assessment_time_fournier_2025_pmpuq",2,202,"positional","eDice",1.37086034951774
"assessment_time_fournier_2025_pmpuq",2,202,"positional","Recursive Relationality",1.15415912194257
"assessment_time_fournier_2025_pmpuq",3,303,"primary","Correlation",-0.55258128293433
"assessment_time_fournier_2025_pmpuq",3,303,"primary","Original Relationality",-1.22714181166785
"assessment_time_fournier_2025_pmpuq",3,303,"primary","ACE",-0.811641584893791
"assessment_time_fournier_2025_pmpuq",3,303,"primary","Podani",-0.754122614702132
"assessment_time_fournier_2025_pmpuq",3,303,"primary","Euclidean",-1.0703759734692
"assessment_time_fournier_2025_pmpuq",3,303,"primary","Cosine",-0.869668630295554
"assessment_time_fournier_2025_pmpuq",3,303,"primary","eJaccard",-0.182698103630115
"assessment_time_fournier_2025_pmpuq",3,303,"primary","eDice",-0.400503534569278
"assessment_time_fournier_2025_pmpuq",3,303,"primary","Recursive Relationality",-0.555254207595643
"assessment_time_fournier_2025_pmpuq",3,303,"pct_cells","Correlation",0.906873840854972
"assessment_time_fournier_2025_pmpuq",3,303,"pct_cells","Original Relationality",0.546473640202525
"assessment_time_fournier_2025_pmpuq",3,303,"pct_cells","ACE",0.799899240377572
"assessment_time_fournier_2025_pmpuq",3,303,"pct_cells","Podani",0.839167819869988
"assessment_time_fournier_2025_pmpuq",3,303,"pct_cells","Euclidean",0.752610038041998
"assessment_time_fournier_2025_pmpuq",3,303,"pct_cells","Cosine",0.55932083687172
"assessment_time_fournier_2025_pmpuq",3,303,"pct_cells","eJaccard",0.710431225535326
"assessment_time_fournier_2025_pmpuq",3,303,"pct_cells","eDice",0.417914239913048
"assessment_time_fournier_2025_pmpuq",3,303,"pct_cells","Recursive Relationality",0.897152481876207
"assessment_time_fournier_2025_pmpuq",3,303,"rk_corrected","Correlation",-0.548438126469003
"assessment_time_fournier_2025_pmpuq",3,303,"rk_corrected","Original Relationality",-1.22557736763002
"assessment_time_fournier_2025_pmpuq",3,303,"rk_corrected","ACE",-0.804825661487759
"assessment_time_fournier_2025_pmpuq",3,303,"rk_corrected","Podani",-0.751272002105502
"assessment_time_fournier_2025_pmpuq",3,303,"rk_corrected","Euclidean",-1.05565641655719
"assessment_time_fournier_2025_pmpuq",3,303,"rk_corrected","Cosine",-0.856761602634097
"assessment_time_fournier_2025_pmpuq",3,303,"rk_corrected","eJaccard",-0.173669762174682
"assessment_time_fournier_2025_pmpuq",3,303,"rk_corrected","eDice",-0.394779235640887
"assessment_time_fournier_2025_pmpuq",3,303,"rk_corrected","Recursive Relationality",-0.556215777549909
"assessment_time_fournier_2025_pmpuq",3,303,"positional","Correlation",1.28733912442823
"assessment_time_fournier_2025_pmpuq",3,303,"positional","Original Relationality",1.09011518866791
"assessment_time_fournier_2025_pmpuq",3,303,"positional","ACE",1.12530320302405
"assessment_time_fournier_2025_pmpuq",3,303,"positional","Podani",1.03090130473454
"assessment_time_fournier_2025_pmpuq",3,303,"positional","Euclidean",1.07426116138743
"assessment_time_fournier_2025_pmpuq",3,303,"positional","Cosine",0.7739831683761
"assessment_time_fournier_2025_pmpuq",3,303,"positional","eJaccard",1.45907153073796
"assessment_time_fournier_2025_pmpuq",3,303,"positional","eDice",1.37086034951774
"assessment_time_fournier_2025_pmpuq",3,303,"positional","Recursive Relationality",1.15415912194257
"assessment_time_fournier_2025_upps",1,101,"primary","Correlation",-0.00439700539591288
"assessment_time_fournier_2025_upps",1,101,"primary","Original Relationality",-0.429329370360687
"assessment_time_fournier_2025_upps",1,101,"primary","ACE",-0.199746563509104
"assessment_time_fournier_2025_upps",1,101,"primary","Podani",-0.152597850750586
"assessment_time_fournier_2025_upps",1,101,"primary","Euclidean",-0.424722304437007
"assessment_time_fournier_2025_upps",1,101,"primary","Cosine",-0.247445791967677
"assessment_time_fournier_2025_upps",1,101,"primary","eJaccard",0.113047919805449
"assessment_time_fournier_2025_upps",1,101,"primary","eDice",-0.000786310771194529
"assessment_time_fournier_2025_upps",1,101,"primary","Recursive Relationality",0.00033268840716746
"assessment_time_fournier_2025_upps",1,101,"pct_cells","Correlation",0.871544634255093
"assessment_time_fournier_2025_upps",1,101,"pct_cells","Original Relationality",0.635166277157406
"assessment_time_fournier_2025_upps",1,101,"pct_cells","ACE",0.767474483471524
"assessment_time_fournier_2025_upps",1,101,"pct_cells","Podani",0.803669603418049
"assessment_time_fournier_2025_upps",1,101,"pct_cells","Euclidean",0.669404763915729
"assessment_time_fournier_2025_upps",1,101,"pct_cells","Cosine",0.610210847494179
"assessment_time_fournier_2025_upps",1,101,"pct_cells","eJaccard",0.649089868788679
"assessment_time_fournier_2025_upps",1,101,"pct_cells","eDice",0.490414957163831
"assessment_time_fournier_2025_upps",1,101,"pct_cells","Recursive Relationality",0.872043970431985
"assessment_time_fournier_2025_upps",1,101,"rk_corrected","Correlation",0.016763444256434
"assessment_time_fournier_2025_upps",1,101,"rk_corrected","Original Relationality",-0.421339245060457
"assessment_time_fournier_2025_upps",1,101,"rk_corrected","ACE",-0.16493542246854
"assessment_time_fournier_2025_upps",1,101,"rk_corrected","Podani",-0.138038843666458
"assessment_time_fournier_2025_upps",1,101,"rk_corrected","Euclidean",-0.34954473256683
"assessment_time_fournier_2025_upps",1,101,"rk_corrected","Cosine",-0.181525397389915
"assessment_time_fournier_2025_upps",1,101,"rk_corrected","eJaccard",0.159158600493163
"assessment_time_fournier_2025_upps",1,101,"rk_corrected","eDice",0.0284495484783737
"assessment_time_fournier_2025_upps",1,101,"rk_corrected","Recursive Relationality",-0.00457836256924458
"assessment_time_fournier_2025_upps",1,101,"positional","Correlation",2.2755669417526
"assessment_time_fournier_2025_upps",1,101,"positional","Original Relationality",2.66626107533511
"assessment_time_fournier_2025_upps",1,101,"positional","ACE",2.17239974652585
"assessment_time_fournier_2025_upps",1,101,"positional","Podani",1.71908176874974
"assessment_time_fournier_2025_upps",1,101,"positional","Euclidean",1.9367399694156
"assessment_time_fournier_2025_upps",1,101,"positional","Cosine",1.39517931375387
"assessment_time_fournier_2025_upps",1,101,"positional","eJaccard",3.07002374056956
"assessment_time_fournier_2025_upps",1,101,"positional","eDice",3.72977631685868
"assessment_time_fournier_2025_upps",1,101,"positional","Recursive Relationality",1.96428253554005
"assessment_time_fournier_2025_upps",2,202,"primary","Correlation",-0.00439700539591288
"assessment_time_fournier_2025_upps",2,202,"primary","Original Relationality",-0.429329370360687
"assessment_time_fournier_2025_upps",2,202,"primary","ACE",-0.199746563509104
"assessment_time_fournier_2025_upps",2,202,"primary","Podani",-0.152597850750586
"assessment_time_fournier_2025_upps",2,202,"primary","Euclidean",-0.424722304437007
"assessment_time_fournier_2025_upps",2,202,"primary","Cosine",-0.247445791967677
"assessment_time_fournier_2025_upps",2,202,"primary","eJaccard",0.113047919805449
"assessment_time_fournier_2025_upps",2,202,"primary","eDice",-0.000786310771194529
"assessment_time_fournier_2025_upps",2,202,"primary","Recursive Relationality",0.00033268840716746
"assessment_time_fournier_2025_upps",2,202,"pct_cells","Correlation",0.871544634255093
"assessment_time_fournier_2025_upps",2,202,"pct_cells","Original Relationality",0.635166277157406
"assessment_time_fournier_2025_upps",2,202,"pct_cells","ACE",0.767474483471524
"assessment_time_fournier_2025_upps",2,202,"pct_cells","Podani",0.803669603418049
"assessment_time_fournier_2025_upps",2,202,"pct_cells","Euclidean",0.669404763915729
"assessment_time_fournier_2025_upps",2,202,"pct_cells","Cosine",0.610210847494179
"assessment_time_fournier_2025_upps",2,202,"pct_cells","eJaccard",0.649089868788679
"assessment_time_fournier_2025_upps",2,202,"pct_cells","eDice",0.490414957163831
"assessment_time_fournier_2025_upps",2,202,"pct_cells","Recursive Relationality",0.872043970431985
"assessment_time_fournier_2025_upps",2,202,"rk_corrected","Correlation",0.016763444256434
"assessment_time_fournier_2025_upps",2,202,"rk_corrected","Original Relationality",-0.421339245060457
"assessment_time_fournier_2025_upps",2,202,"rk_corrected","ACE",-0.16493542246854
"assessment_time_fournier_2025_upps",2,202,"rk_corrected","Podani",-0.138038843666458
"assessment_time_fournier_2025_upps",2,202,"rk_corrected","Euclidean",-0.34954473256683
"assessment_time_fournier_2025_upps",2,202,"rk_corrected","Cosine",-0.181525397389915
"assessment_time_fournier_2025_upps",2,202,"rk_corrected","eJaccard",0.159158600493163
"assessment_time_fournier_2025_upps",2,202,"rk_corrected","eDice",0.0284495484783737
"assessment_time_fournier_2025_upps",2,202,"rk_corrected","Recursive Relationality",-0.00457836256924458
"assessment_time_fournier_2025_upps",2,202,"positional","Correlation",2.2755669417526
"assessment_time_fournier_2025_upps",2,202,"positional","Original Relationality",2.66626107533511
"assessment_time_fournier_2025_upps",2,202,"positional","ACE",2.17239974652585
"assessment_time_fournier_2025_upps",2,202,"positional","Podani",1.71908176874974
"assessment_time_fournier_2025_upps",2,202,"positional","Euclidean",1.9367399694156
"assessment_time_fournier_2025_upps",2,202,"positional","Cosine",1.39517931375387
"assessment_time_fournier_2025_upps",2,202,"positional","eJaccard",3.07002374056956
"assessment_time_fournier_2025_upps",2,202,"positional","eDice",3.72977631685868
"assessment_time_fournier_2025_upps",2,202,"positional","Recursive Relationality",1.96428253554005
"assessment_time_fournier_2025_upps",3,303,"primary","Correlation",-0.00439700539591288
"assessment_time_fournier_2025_upps",3,303,"primary","Original Relationality",-0.429329370360687
"assessment_time_fournier_2025_upps",3,303,"primary","ACE",-0.199746563509104
"assessment_time_fournier_2025_upps",3,303,"primary","Podani",-0.152597850750586
"assessment_time_fournier_2025_upps",3,303,"primary","Euclidean",-0.424722304437007
"assessment_time_fournier_2025_upps",3,303,"primary","Cosine",-0.247445791967677
"assessment_time_fournier_2025_upps",3,303,"primary","eJaccard",0.113047919805449
"assessment_time_fournier_2025_upps",3,303,"primary","eDice",-0.000786310771194529
"assessment_time_fournier_2025_upps",3,303,"primary","Recursive Relationality",0.00033268840716746
"assessment_time_fournier_2025_upps",3,303,"pct_cells","Correlation",0.871544634255093
"assessment_time_fournier_2025_upps",3,303,"pct_cells","Original Relationality",0.635166277157406
"assessment_time_fournier_2025_upps",3,303,"pct_cells","ACE",0.767474483471524
"assessment_time_fournier_2025_upps",3,303,"pct_cells","Podani",0.803669603418049
"assessment_time_fournier_2025_upps",3,303,"pct_cells","Euclidean",0.669404763915729
"assessment_time_fournier_2025_upps",3,303,"pct_cells","Cosine",0.610210847494179
"assessment_time_fournier_2025_upps",3,303,"pct_cells","eJaccard",0.649089868788679
"assessment_time_fournier_2025_upps",3,303,"pct_cells","eDice",0.490414957163831
"assessment_time_fournier_2025_upps",3,303,"pct_cells","Recursive Relationality",0.872043970431985
"assessment_time_fournier_2025_upps",3,303,"rk_corrected","Correlation",0.016763444256434
"assessment_time_fournier_2025_upps",3,303,"rk_corrected","Original Relationality",-0.421339245060457
"assessment_time_fournier_2025_upps",3,303,"rk_corrected","ACE",-0.16493542246854
"assessment_time_fournier_2025_upps",3,303,"rk_corrected","Podani",-0.138038843666458
"assessment_time_fournier_2025_upps",3,303,"rk_corrected","Euclidean",-0.34954473256683
"assessment_time_fournier_2025_upps",3,303,"rk_corrected","Cosine",-0.181525397389915
"assessment_time_fournier_2025_upps",3,303,"rk_corrected","eJaccard",0.159158600493163
"assessment_time_fournier_2025_upps",3,303,"rk_corrected","eDice",0.0284495484783737
"assessment_time_fournier_2025_upps",3,303,"rk_corrected","Recursive Relationality",-0.00457836256924458
"assessment_time_fournier_2025_upps",3,303,"positional","Correlation",2.2755669417526
"assessment_time_fournier_2025_upps",3,303,"positional","Original Relationality",2.66626107533511
"assessment_time_fournier_2025_upps",3,303,"positional","ACE",2.17239974652585
"assessment_time_fournier_2025_upps",3,303,"positional","Podani",1.71908176874974
"assessment_time_fournier_2025_upps",3,303,"positional","Euclidean",1.9367399694156
"assessment_time_fournier_2025_upps",3,303,"positional","Cosine",1.39517931375387
"assessment_time_fournier_2025_upps",3,303,"positional","eJaccard",3.07002374056956
"assessment_time_fournier_2025_upps",3,303,"positional","eDice",3.72977631685868
"assessment_time_fournier_2025_upps",3,303,"positional","Recursive Relationality",1.96428253554005
"autism_blotner_2025_s2_aq",1,101,"primary","Correlation",-0.324396291454606
"autism_blotner_2025_s2_aq",1,101,"primary","Original Relationality",-0.788640652459012
"autism_blotner_2025_s2_aq",1,101,"primary","ACE",-0.55776871375817
"autism_blotner_2025_s2_aq",1,101,"primary","Podani",-0.487913449859009
"autism_blotner_2025_s2_aq",1,101,"primary","Euclidean",-0.755095158877517
"autism_blotner_2025_s2_aq",1,101,"primary","Cosine",-0.58421660216734
"autism_blotner_2025_s2_aq",1,101,"primary","eJaccard",-0.0981888809446926
"autism_blotner_2025_s2_aq",1,101,"primary","eDice",-0.180382407462544
"autism_blotner_2025_s2_aq",1,101,"primary","Recursive Relationality",-0.310471855676162
"autism_blotner_2025_s2_aq",1,101,"pct_cells","Correlation",0.769496590840159
"autism_blotner_2025_s2_aq",1,101,"pct_cells","Original Relationality",0.540722126227635
"autism_blotner_2025_s2_aq",1,101,"pct_cells","ACE",0.650115660044798
"autism_blotner_2025_s2_aq",1,101,"pct_cells","Podani",0.706291865122907
"autism_blotner_2025_s2_aq",1,101,"pct_cells","Euclidean",0.611271911962899
"autism_blotner_2025_s2_aq",1,101,"pct_cells","Cosine",0.486841617800333
"autism_blotner_2025_s2_aq",1,101,"pct_cells","eJaccard",0.571230685452211
"autism_blotner_2025_s2_aq",1,101,"pct_cells","eDice",0.43303924809703
"autism_blotner_2025_s2_aq",1,101,"pct_cells","Recursive Relationality",0.778138074093714
"autism_blotner_2025_s2_aq",1,101,"rk_corrected","Correlation",-0.313034122009245
"autism_blotner_2025_s2_aq",1,101,"rk_corrected","Original Relationality",-0.78435032975593
"autism_blotner_2025_s2_aq",1,101,"rk_corrected","ACE",-0.539076762992115
"autism_blotner_2025_s2_aq",1,101,"rk_corrected","Podani",-0.480095945592141
"autism_blotner_2025_s2_aq",1,101,"rk_corrected","Euclidean",-0.714728327164892
"autism_blotner_2025_s2_aq",1,101,"rk_corrected","Cosine",-0.548820440677241
"autism_blotner_2025_s2_aq",1,101,"rk_corrected","eJaccard",-0.0734296071191183
"autism_blotner_2025_s2_aq",1,101,"rk_corrected","eDice",-0.16468412164481
"autism_blotner_2025_s2_aq",1,101,"rk_corrected","Recursive Relationality",-0.313108859816696
"autism_blotner_2025_s2_aq",1,101,"positional","Correlation",2.09647157150926
"autism_blotner_2025_s2_aq",1,101,"positional","Original Relationality",2.46581469324859
"autism_blotner_2025_s2_aq",1,101,"positional","ACE",1.96877008118456
"autism_blotner_2025_s2_aq",1,101,"positional","Podani",1.56965862556216
"autism_blotner_2025_s2_aq",1,101,"positional","Euclidean",1.81081965429372
"autism_blotner_2025_s2_aq",1,101,"positional","Cosine",1.22373520536569
"autism_blotner_2025_s2_aq",1,101,"positional","eJaccard",2.8687941361327
"autism_blotner_2025_s2_aq",1,101,"positional","eDice",3.50092334824869
"autism_blotner_2025_s2_aq",1,101,"positional","Recursive Relationality",1.80077493922948
"beh_boredom_bieleke2022",2,202,"primary","Correlation",-0.241322360229005
"beh_boredom_bieleke2022",2,202,"primary","Original Relationality",-0.908179547310653
"beh_boredom_bieleke2022",2,202,"primary","ACE",-0.519401274337132
"beh_boredom_bieleke2022",2,202,"primary","Podani",-0.433846622211438
"beh_boredom_bieleke2022",2,202,"primary","Euclidean",-0.759911612547422
"beh_boredom_bieleke2022",2,202,"primary","Cosine",-0.609939449460473
"beh_boredom_bieleke2022",2,202,"primary","eJaccard",0.175930344005262
"beh_boredom_bieleke2022",2,202,"primary","eDice",-0.104991432851597
"beh_boredom_bieleke2022",2,202,"primary","Recursive Relationality",-0.265096101824707
"beh_boredom_bieleke2022",2,202,"pct_cells","Correlation",1.14046784885536
"beh_boredom_bieleke2022",2,202,"pct_cells","Original Relationality",0.771052945780395
"beh_boredom_bieleke2022",2,202,"pct_cells","ACE",1.00638139455237
"beh_boredom_bieleke2022",2,202,"pct_cells","Podani",1.07465685064859
"beh_boredom_bieleke2022",2,202,"pct_cells","Euclidean",0.966064185504995
"beh_boredom_bieleke2022",2,202,"pct_cells","Cosine",0.743006333133854
"beh_boredom_bieleke2022",2,202,"pct_cells","eJaccard",1.02153178962056
"beh_boredom_bieleke2022",2,202,"pct_cells","eDice",0.669874233989937
"beh_boredom_bieleke2022",2,202,"pct_cells","Recursive Relationality",1.11002075542411
"beh_boredom_bieleke2022",2,202,"rk_corrected","Correlation",-0.225475505065317
"beh_boredom_bieleke2022",2,202,"rk_corrected","Original Relationality",-0.90219582010009
"beh_boredom_bieleke2022",2,202,"rk_corrected","ACE",-0.493331549013909
"beh_boredom_bieleke2022",2,202,"rk_corrected","Podani",-0.422943523251832
"beh_boredom_bieleke2022",2,202,"rk_corrected","Euclidean",-0.703611859349485
"beh_boredom_bieleke2022",2,202,"rk_corrected","Cosine",-0.560572306400205
"beh_boredom_bieleke2022",2,202,"rk_corrected","eJaccard",0.21046218479137
"beh_boredom_bieleke2022",2,202,"rk_corrected","eDice",-0.0830969818958956
"beh_boredom_bieleke2022",2,202,"rk_corrected","Recursive Relationality",-0.268773940188414
"beh_boredom_bieleke2022",2,202,"positional","Correlation",2.23124857037965
"beh_boredom_bieleke2022",2,202,"positional","Original Relationality",2.32735955000044
"beh_boredom_bieleke2022",2,202,"positional","ACE",2.06313404248901
"beh_boredom_bieleke2022",2,202,"positional","Podani",1.74211342918104
"beh_boredom_bieleke2022",2,202,"positional","Euclidean",1.93297336589709
"beh_boredom_bieleke2022",2,202,"positional","Cosine",1.37076645165993
"beh_boredom_bieleke2022",2,202,"positional","eJaccard",2.94942104304089
"beh_boredom_bieleke2022",2,202,"positional","eDice",3.20629368329828
"beh_boredom_bieleke2022",2,202,"positional","Recursive Relationality",1.94302799044542
"beh_boredom_bieleke2022",3,303,"primary","Correlation",-0.241322360229005
"beh_boredom_bieleke2022",3,303,"primary","Original Relationality",-0.908179547310653
"beh_boredom_bieleke2022",3,303,"primary","ACE",-0.519401274337132
"beh_boredom_bieleke2022",3,303,"primary","Podani",-0.433846622211438
"beh_boredom_bieleke2022",3,303,"primary","Euclidean",-0.759911612547422
"beh_boredom_bieleke2022",3,303,"primary","Cosine",-0.609939449460473
"beh_boredom_bieleke2022",3,303,"primary","eJaccard",0.175930344005262
"beh_boredom_bieleke2022",3,303,"primary","eDice",-0.104991432851597
"beh_boredom_bieleke2022",3,303,"primary","Recursive Relationality",-0.265096101824707
"beh_boredom_bieleke2022",3,303,"pct_cells","Correlation",1.14046784885536
"beh_boredom_bieleke2022",3,303,"pct_cells","Original Relationality",0.771052945780395
"beh_boredom_bieleke2022",3,303,"pct_cells","ACE",1.00638139455237
"beh_boredom_bieleke2022",3,303,"pct_cells","Podani",1.07465685064859
"beh_boredom_bieleke2022",3,303,"pct_cells","Euclidean",0.966064185504995
"beh_boredom_bieleke2022",3,303,"pct_cells","Cosine",0.743006333133854
"beh_boredom_bieleke2022",3,303,"pct_cells","eJaccard",1.02153178962056
"beh_boredom_bieleke2022",3,303,"pct_cells","eDice",0.669874233989937
"beh_boredom_bieleke2022",3,303,"pct_cells","Recursive Relationality",1.11002075542411
"beh_boredom_bieleke2022",3,303,"rk_corrected","Correlation",-0.225475505065317
"beh_boredom_bieleke2022",3,303,"rk_corrected","Original Relationality",-0.90219582010009
"beh_boredom_bieleke2022",3,303,"rk_corrected","ACE",-0.493331549013909
"beh_boredom_bieleke2022",3,303,"rk_corrected","Podani",-0.422943523251832
"beh_boredom_bieleke2022",3,303,"rk_corrected","Euclidean",-0.703611859349485
"beh_boredom_bieleke2022",3,303,"rk_corrected","Cosine",-0.560572306400205
"beh_boredom_bieleke2022",3,303,"rk_corrected","eJaccard",0.21046218479137
"beh_boredom_bieleke2022",3,303,"rk_corrected","eDice",-0.0830969818958956
"beh_boredom_bieleke2022",3,303,"rk_corrected","Recursive Relationality",-0.268773940188414
"beh_boredom_bieleke2022",3,303,"positional","Correlation",2.23124857037965
"beh_boredom_bieleke2022",3,303,"positional","Original Relationality",2.32735955000044
"beh_boredom_bieleke2022",3,303,"positional","ACE",2.06313404248901
"beh_boredom_bieleke2022",3,303,"positional","Podani",1.74211342918104
"beh_boredom_bieleke2022",3,303,"positional","Euclidean",1.93297336589709
"beh_boredom_bieleke2022",3,303,"positional","Cosine",1.37076645165993
"beh_boredom_bieleke2022",3,303,"positional","eJaccard",2.94942104304089
"beh_boredom_bieleke2022",3,303,"positional","eDice",3.20629368329828
"beh_boredom_bieleke2022",3,303,"positional","Recursive Relationality",1.94302799044542
"chen2022b_socsupport",1,101,"primary","Correlation",0.906087728158604
"chen2022b_socsupport",1,101,"primary","Original Relationality",0.839496490469712
"chen2022b_socsupport",1,101,"primary","ACE",0.793832568293705
"chen2022b_socsupport",1,101,"primary","Podani",0.843187267180931
"chen2022b_socsupport",1,101,"primary","Euclidean",0.654383764879176
"chen2022b_socsupport",1,101,"primary","Cosine",0.767471106052379
"chen2022b_socsupport",1,101,"primary","eJaccard",0.702260085659337
"chen2022b_socsupport",1,101,"primary","eDice",0.711022145304634
"chen2022b_socsupport",1,101,"primary","Recursive Relationality",0.917795772098145
"chen2022b_socsupport",1,101,"pct_cells","Correlation",0.906087728158604
"chen2022b_socsupport",1,101,"pct_cells","Original Relationality",0.839496490469712
"chen2022b_socsupport",1,101,"pct_cells","ACE",0.793832568293705
"chen2022b_socsupport",1,101,"pct_cells","Podani",0.843187267180931
"chen2022b_socsupport",1,101,"pct_cells","Euclidean",0.654383764879176
"chen2022b_socsupport",1,101,"pct_cells","Cosine",0.767471106052379
"chen2022b_socsupport",1,101,"pct_cells","eJaccard",0.702260085659337
"chen2022b_socsupport",1,101,"pct_cells","eDice",0.711022145304634
"chen2022b_socsupport",1,101,"pct_cells","Recursive Relationality",0.917795772098145
"chen2022b_socsupport",1,101,"rk_corrected","Correlation",0.917594425081124
"chen2022b_socsupport",1,101,"rk_corrected","Original Relationality",0.843841386335028
"chen2022b_socsupport",1,101,"rk_corrected","ACE",0.812762281795159
"chen2022b_socsupport",1,101,"rk_corrected","Podani",0.851104210571182
"chen2022b_socsupport",1,101,"rk_corrected","Euclidean",0.695264065113494
"chen2022b_socsupport",1,101,"rk_corrected","Cosine",0.803317508840665
"chen2022b_socsupport",1,101,"rk_corrected","eJaccard",0.727334298933712
"chen2022b_socsupport",1,101,"rk_corrected","eDice",0.726920114259984
"chen2022b_socsupport",1,101,"rk_corrected","Recursive Relationality",0.915125225106704
"chen2022b_socsupport",1,101,"positional","Correlation",2.27818226844382
"chen2022b_socsupport",1,101,"positional","Original Relationality",2.77187084659502
"chen2022b_socsupport",1,101,"positional","ACE",2.19621099414696
"chen2022b_socsupport",1,101,"positional","Podani",1.74491656568857
"chen2022b_socsupport",1,101,"positional","Euclidean",1.89133991798725
"chen2022b_socsupport",1,101,"positional","Cosine",1.59082419614091
"chen2022b_socsupport",1,101,"positional","eJaccard",2.98406229445875
"chen2022b_socsupport",1,101,"positional","eDice",3.75567506777796
"chen2022b_socsupport",1,101,"positional","Recursive Relationality",2.03334878367821
"chen2022b_socsupport",2,202,"primary","Correlation",0.906087728158604
"chen2022b_socsupport",2,202,"primary","Original Relationality",0.839496490469712
"chen2022b_socsupport",2,202,"primary","ACE",0.793832568293705
"chen2022b_socsupport",2,202,"primary","Podani",0.843187267180931
"chen2022b_socsupport",2,202,"primary","Euclidean",0.654383764879176
"chen2022b_socsupport",2,202,"primary","Cosine",0.767471106052379
"chen2022b_socsupport",2,202,"primary","eJaccard",0.702260085659337
"chen2022b_socsupport",2,202,"primary","eDice",0.711022145304634
"chen2022b_socsupport",2,202,"primary","Recursive Relationality",0.917795772098145
"chen2022b_socsupport",2,202,"pct_cells","Correlation",0.906087728158604
"chen2022b_socsupport",2,202,"pct_cells","Original Relationality",0.839496490469712
"chen2022b_socsupport",2,202,"pct_cells","ACE",0.793832568293705
"chen2022b_socsupport",2,202,"pct_cells","Podani",0.843187267180931
"chen2022b_socsupport",2,202,"pct_cells","Euclidean",0.654383764879176
"chen2022b_socsupport",2,202,"pct_cells","Cosine",0.767471106052379
"chen2022b_socsupport",2,202,"pct_cells","eJaccard",0.702260085659337
"chen2022b_socsupport",2,202,"pct_cells","eDice",0.711022145304634
"chen2022b_socsupport",2,202,"pct_cells","Recursive Relationality",0.917795772098145
"chen2022b_socsupport",2,202,"rk_corrected","Correlation",0.917594425081124
"chen2022b_socsupport",2,202,"rk_corrected","Original Relationality",0.843841386335028
"chen2022b_socsupport",2,202,"rk_corrected","ACE",0.812762281795159
"chen2022b_socsupport",2,202,"rk_corrected","Podani",0.851104210571182
"chen2022b_socsupport",2,202,"rk_corrected","Euclidean",0.695264065113494
"chen2022b_socsupport",2,202,"rk_corrected","Cosine",0.803317508840665
"chen2022b_socsupport",2,202,"rk_corrected","eJaccard",0.727334298933712
"chen2022b_socsupport",2,202,"rk_corrected","eDice",0.726920114259984
"chen2022b_socsupport",2,202,"rk_corrected","Recursive Relationality",0.915125225106704
"chen2022b_socsupport",2,202,"positional","Correlation",2.27818226844382
"chen2022b_socsupport",2,202,"positional","Original Relationality",2.77187084659502
"chen2022b_socsupport",2,202,"positional","ACE",2.19621099414696
"chen2022b_socsupport",2,202,"positional","Podani",1.74491656568857
"chen2022b_socsupport",2,202,"positional","Euclidean",1.89133991798725
"chen2022b_socsupport",2,202,"positional","Cosine",1.59082419614091
"chen2022b_socsupport",2,202,"positional","eJaccard",2.98406229445875
"chen2022b_socsupport",2,202,"positional","eDice",3.75567506777796
"chen2022b_socsupport",2,202,"positional","Recursive Relationality",2.03334878367821
"chen2022b_socsupport",3,303,"primary","Correlation",0.906087728158604
"chen2022b_socsupport",3,303,"primary","Original Relationality",0.839496490469712
"chen2022b_socsupport",3,303,"primary","ACE",0.793832568293705
"chen2022b_socsupport",3,303,"primary","Podani",0.843187267180931
"chen2022b_socsupport",3,303,"primary","Euclidean",0.654383764879176
"chen2022b_socsupport",3,303,"primary","Cosine",0.767471106052379
"chen2022b_socsupport",3,303,"primary","eJaccard",0.702260085659337
"chen2022b_socsupport",3,303,"primary","eDice",0.711022145304634
"chen2022b_socsupport",3,303,"primary","Recursive Relationality",0.917795772098145
"chen2022b_socsupport",3,303,"pct_cells","Correlation",0.906087728158604
"chen2022b_socsupport",3,303,"pct_cells","Original Relationality",0.839496490469712
"chen2022b_socsupport",3,303,"pct_cells","ACE",0.793832568293705
"chen2022b_socsupport",3,303,"pct_cells","Podani",0.843187267180931
"chen2022b_socsupport",3,303,"pct_cells","Euclidean",0.654383764879176
"chen2022b_socsupport",3,303,"pct_cells","Cosine",0.767471106052379
"chen2022b_socsupport",3,303,"pct_cells","eJaccard",0.702260085659337
"chen2022b_socsupport",3,303,"pct_cells","eDice",0.711022145304634
"chen2022b_socsupport",3,303,"pct_cells","Recursive Relationality",0.917795772098145
"chen2022b_socsupport",3,303,"rk_corrected","Correlation",0.917594425081124
"chen2022b_socsupport",3,303,"rk_corrected","Original Relationality",0.843841386335028
"chen2022b_socsupport",3,303,"rk_corrected","ACE",0.812762281795159
"chen2022b_socsupport",3,303,"rk_corrected","Podani",0.851104210571182
"chen2022b_socsupport",3,303,"rk_corrected","Euclidean",0.695264065113494
"chen2022b_socsupport",3,303,"rk_corrected","Cosine",0.803317508840665
"chen2022b_socsupport",3,303,"rk_corrected","eJaccard",0.727334298933712
"chen2022b_socsupport",3,303,"rk_corrected","eDice",0.726920114259984
"chen2022b_socsupport",3,303,"rk_corrected","Recursive Relationality",0.915125225106704
"chen2022b_socsupport",3,303,"positional","Correlation",2.27818226844382
"chen2022b_socsupport",3,303,"positional","Original Relationality",2.77187084659502
"chen2022b_socsupport",3,303,"positional","ACE",2.19621099414696
"chen2022b_socsupport",3,303,"positional","Podani",1.74491656568857
"chen2022b_socsupport",3,303,"positional","Euclidean",1.89133991798725
"chen2022b_socsupport",3,303,"positional","Cosine",1.59082419614091
"chen2022b_socsupport",3,303,"positional","eJaccard",2.98406229445875
"chen2022b_socsupport",3,303,"positional","eDice",3.75567506777796
"chen2022b_socsupport",3,303,"positional","Recursive Relationality",2.03334878367821
"christiannationalism_davis2021",1,101,"primary","Correlation",0.451789237562176
"christiannationalism_davis2021",1,101,"primary","Original Relationality",0.144084856768819
"christiannationalism_davis2021",1,101,"primary","ACE",0.294239231523488
"christiannationalism_davis2021",1,101,"primary","Podani",0.37679621364718
"christiannationalism_davis2021",1,101,"primary","Euclidean",0.204443704520013
"christiannationalism_davis2021",1,101,"primary","Cosine",0.241319763214202
"christiannationalism_davis2021",1,101,"primary","eJaccard",0.383579234009074
"christiannationalism_davis2021",1,101,"primary","eDice",0.228702691174492
"christiannationalism_davis2021",1,101,"primary","Recursive Relationality",0.474214935964533
"christiannationalism_davis2021",1,101,"pct_cells","Correlation",0.816619173920688
"christiannationalism_davis2021",1,101,"pct_cells","Original Relationality",0.587447589807368
"christiannationalism_davis2021",1,101,"pct_cells","ACE",0.697087066403386
"christiannationalism_davis2021",1,101,"pct_cells","Podani",0.775081874076633
"christiannationalism_davis2021",1,101,"pct_cells","Euclidean",0.66014793257143
"christiannationalism_davis2021",1,101,"pct_cells","Cosine",0.598533991912119
"christiannationalism_davis2021",1,101,"pct_cells","eJaccard",0.606840854738694
"christiannationalism_davis2021",1,101,"pct_cells","eDice",0.433288155785302
"christiannationalism_davis2021",1,101,"pct_cells","Recursive Relationality",0.837282927196025
"christiannationalism_davis2021",1,101,"rk_corrected","Correlation",0.471773525337204
"christiannationalism_davis2021",1,101,"rk_corrected","Original Relationality",0.151630866706307
"christiannationalism_davis2021",1,101,"rk_corrected","ACE",0.32711546391747
"christiannationalism_davis2021",1,101,"rk_corrected","Podani",0.39054598702478
"christiannationalism_davis2021",1,101,"rk_corrected","Euclidean",0.275442679266037
"christiannationalism_davis2021",1,101,"rk_corrected","Cosine",0.303576102617617
"christiannationalism_davis2021",1,101,"rk_corrected","eJaccard",0.427126943415311
"christiannationalism_davis2021",1,101,"rk_corrected","eDice",0.256313532824484
"christiannationalism_davis2021",1,101,"rk_corrected","Recursive Relationality",0.469576856074791
"christiannationalism_davis2021",1,101,"positional","Correlation",1.22744019773161
"christiannationalism_davis2021",1,101,"positional","Original Relationality",1.16167737062196
"christiannationalism_davis2021",1,101,"positional","ACE",1.1005657274617
"christiannationalism_davis2021",1,101,"positional","Podani",1.02595250426906
"christiannationalism_davis2021",1,101,"positional","Euclidean",1.02000505974273
"christiannationalism_davis2021",1,101,"positional","Cosine",0.847538675706047
"christiannationalism_davis2021",1,101,"positional","eJaccard",1.31455951822822
"christiannationalism_davis2021",1,101,"positional","eDice",1.36506692534015
"christiannationalism_davis2021",1,101,"positional","Recursive Relationality",1.15941811309052
"christiannationalism_davis2021",2,202,"primary","Correlation",0.451789237562176
"christiannationalism_davis2021",2,202,"primary","Original Relationality",0.144084856768819
"christiannationalism_davis2021",2,202,"primary","ACE",0.294239231523488
"christiannationalism_davis2021",2,202,"primary","Podani",0.37679621364718
"christiannationalism_davis2021",2,202,"primary","Euclidean",0.204443704520013
"christiannationalism_davis2021",2,202,"primary","Cosine",0.241319763214202
"christiannationalism_davis2021",2,202,"primary","eJaccard",0.383579234009074
"christiannationalism_davis2021",2,202,"primary","eDice",0.228702691174492
"christiannationalism_davis2021",2,202,"primary","Recursive Relationality",0.474214935964533
"christiannationalism_davis2021",2,202,"pct_cells","Correlation",0.816619173920688
"christiannationalism_davis2021",2,202,"pct_cells","Original Relationality",0.587447589807368
"christiannationalism_davis2021",2,202,"pct_cells","ACE",0.697087066403386
"christiannationalism_davis2021",2,202,"pct_cells","Podani",0.775081874076633
"christiannationalism_davis2021",2,202,"pct_cells","Euclidean",0.66014793257143
"christiannationalism_davis2021",2,202,"pct_cells","Cosine",0.598533991912119
"christiannationalism_davis2021",2,202,"pct_cells","eJaccard",0.606840854738694
"christiannationalism_davis2021",2,202,"pct_cells","eDice",0.433288155785302
"christiannationalism_davis2021",2,202,"pct_cells","Recursive Relationality",0.837282927196025
"christiannationalism_davis2021",2,202,"rk_corrected","Correlation",0.471773525337204
"christiannationalism_davis2021",2,202,"rk_corrected","Original Relationality",0.151630866706307
"christiannationalism_davis2021",2,202,"rk_corrected","ACE",0.32711546391747
"christiannationalism_davis2021",2,202,"rk_corrected","Podani",0.39054598702478
"christiannationalism_davis2021",2,202,"rk_corrected","Euclidean",0.275442679266037
"christiannationalism_davis2021",2,202,"rk_corrected","Cosine",0.303576102617617
"christiannationalism_davis2021",2,202,"rk_corrected","eJaccard",0.427126943415311
"christiannationalism_davis2021",2,202,"rk_corrected","eDice",0.256313532824484
"christiannationalism_davis2021",2,202,"rk_corrected","Recursive Relationality",0.469576856074791
"christiannationalism_davis2021",2,202,"positional","Correlation",1.22744019773161
"christiannationalism_davis2021",2,202,"positional","Original Relationality",1.16167737062196
"christiannationalism_davis2021",2,202,"positional","ACE",1.1005657274617
"christiannationalism_davis2021",2,202,"positional","Podani",1.02595250426906
"christiannationalism_davis2021",2,202,"positional","Euclidean",1.02000505974273
"christiannationalism_davis2021",2,202,"positional","Cosine",0.847538675706047
"christiannationalism_davis2021",2,202,"positional","eJaccard",1.31455951822822
"christiannationalism_davis2021",2,202,"positional","eDice",1.36506692534015
"christiannationalism_davis2021",2,202,"positional","Recursive Relationality",1.15941811309052
"christiannationalism_davis2021",3,303,"primary","Correlation",0.451789237562176
"christiannationalism_davis2021",3,303,"primary","Original Relationality",0.144084856768819
"christiannationalism_davis2021",3,303,"primary","ACE",0.294239231523488
"christiannationalism_davis2021",3,303,"primary","Podani",0.37679621364718
"christiannationalism_davis2021",3,303,"primary","Euclidean",0.204443704520013
"christiannationalism_davis2021",3,303,"primary","Cosine",0.241319763214202
"christiannationalism_davis2021",3,303,"primary","eJaccard",0.383579234009074
"christiannationalism_davis2021",3,303,"primary","eDice",0.228702691174492
"christiannationalism_davis2021",3,303,"primary","Recursive Relationality",0.474214935964533
"christiannationalism_davis2021",3,303,"pct_cells","Correlation",0.816619173920688
"christiannationalism_davis2021",3,303,"pct_cells","Original Relationality",0.587447589807368
"christiannationalism_davis2021",3,303,"pct_cells","ACE",0.697087066403386
"christiannationalism_davis2021",3,303,"pct_cells","Podani",0.775081874076633
"christiannationalism_davis2021",3,303,"pct_cells","Euclidean",0.66014793257143
"christiannationalism_davis2021",3,303,"pct_cells","Cosine",0.598533991912119
"christiannationalism_davis2021",3,303,"pct_cells","eJaccard",0.606840854738694
"christiannationalism_davis2021",3,303,"pct_cells","eDice",0.433288155785302
"christiannationalism_davis2021",3,303,"pct_cells","Recursive Relationality",0.837282927196025
"christiannationalism_davis2021",3,303,"rk_corrected","Correlation",0.471773525337204
"christiannationalism_davis2021",3,303,"rk_corrected","Original Relationality",0.151630866706307
"christiannationalism_davis2021",3,303,"rk_corrected","ACE",0.32711546391747
"christiannationalism_davis2021",3,303,"rk_corrected","Podani",0.39054598702478
"christiannationalism_davis2021",3,303,"rk_corrected","Euclidean",0.275442679266037
"christiannationalism_davis2021",3,303,"rk_corrected","Cosine",0.303576102617617
"christiannationalism_davis2021",3,303,"rk_corrected","eJaccard",0.427126943415311
"christiannationalism_davis2021",3,303,"rk_corrected","eDice",0.256313532824484
"christiannationalism_davis2021",3,303,"rk_corrected","Recursive Relationality",0.469576856074791
"christiannationalism_davis2021",3,303,"positional","Correlation",1.22744019773161
"christiannationalism_davis2021",3,303,"positional","Original Relationality",1.16167737062196
"christiannationalism_davis2021",3,303,"positional","ACE",1.1005657274617
"christiannationalism_davis2021",3,303,"positional","Podani",1.02595250426906
"christiannationalism_davis2021",3,303,"positional","Euclidean",1.02000505974273
"christiannationalism_davis2021",3,303,"positional","Cosine",0.847538675706047
"christiannationalism_davis2021",3,303,"positional","eJaccard",1.31455951822822
"christiannationalism_davis2021",3,303,"positional","eDice",1.36506692534015
"christiannationalism_davis2021",3,303,"positional","Recursive Relationality",1.15941811309052
"consideration_future_consequences",2,202,"primary","Correlation",0.532190078822286
"consideration_future_consequences",2,202,"primary","Original Relationality",0.319847971816322
"consideration_future_consequences",2,202,"primary","ACE",0.397068844171093
"consideration_future_consequences",2,202,"primary","Podani",0.421867942540751
"consideration_future_consequences",2,202,"primary","Euclidean",0.220328188405739
"consideration_future_consequences",2,202,"primary","Cosine",0.319322828749903
"consideration_future_consequences",2,202,"primary","eJaccard",0.4834468426371
"consideration_future_consequences",2,202,"primary","eDice",0.458022339596965
"consideration_future_consequences",2,202,"primary","Recursive Relationality",0.549201973075251
"consideration_future_consequences",2,202,"pct_cells","Correlation",0.896883662490827
"consideration_future_consequences",2,202,"pct_cells","Original Relationality",0.763045001070018
"consideration_future_consequences",2,202,"pct_cells","ACE",0.799766117431836
"consideration_future_consequences",2,202,"pct_cells","Podani",0.820004746432503
"consideration_future_consequences",2,202,"pct_cells","Euclidean",0.675862100123068
"consideration_future_consequences",2,202,"pct_cells","Cosine",0.676403551076428
"consideration_future_consequences",2,202,"pct_cells","eJaccard",0.706625020865106
"consideration_future_consequences",2,202,"pct_cells","eDice",0.662531341791596
"consideration_future_consequences",2,202,"pct_cells","Recursive Relationality",0.912134270131697
"consideration_future_consequences",2,202,"rk_corrected","Correlation",0.539047034764274
"consideration_future_consequences",2,202,"rk_corrected","Original Relationality",0.32243713877897
"consideration_future_consequences",2,202,"rk_corrected","ACE",0.408349250038036
"consideration_future_consequences",2,202,"rk_corrected","Podani",0.426585728399517
"consideration_future_consequences",2,202,"rk_corrected","Euclidean",0.244689168753917
"consideration_future_consequences",2,202,"rk_corrected","Cosine",0.340684059192756
"consideration_future_consequences",2,202,"rk_corrected","eJaccard",0.498388817459249
"consideration_future_consequences",2,202,"rk_corrected","eDice",0.467496098524305
"consideration_future_consequences",2,202,"rk_corrected","Recursive Relationality",0.547610567376064
"consideration_future_consequences",2,202,"positional","Correlation",2.04402093376649
"consideration_future_consequences",2,202,"positional","Original Relationality",2.39972324673792
"consideration_future_consequences",2,202,"positional","ACE",1.96008476032698
"consideration_future_consequences",2,202,"positional","Podani",1.57435908760443
"consideration_future_consequences",2,202,"positional","Euclidean",1.71369102052122
"consideration_future_consequences",2,202,"positional","Cosine",1.34369829688237
"consideration_future_consequences",2,202,"positional","eJaccard",2.64524843591856
"consideration_future_consequences",2,202,"positional","eDice",3.25142379261423
"consideration_future_consequences",2,202,"positional","Recursive Relationality",1.82555666272781
"conspiracy_asd__conspiracy_gcbs",1,101,"primary","Correlation",1.01433201176082
"conspiracy_asd__conspiracy_gcbs",1,101,"primary","Original Relationality",0.844344725440869
"conspiracy_asd__conspiracy_gcbs",1,101,"primary","ACE",0.92779098554626
"conspiracy_asd__conspiracy_gcbs",1,101,"primary","Podani",0.942315747409278
"conspiracy_asd__conspiracy_gcbs",1,101,"primary","Euclidean",0.726441198200872
"conspiracy_asd__conspiracy_gcbs",1,101,"primary","Cosine",0.793405280209541
"conspiracy_asd__conspiracy_gcbs",1,101,"primary","eJaccard",0.778238079388103
"conspiracy_asd__conspiracy_gcbs",1,101,"primary","eDice",0.6723162042596
"conspiracy_asd__conspiracy_gcbs",1,101,"primary","Recursive Relationality",1.02961414547055
"conspiracy_asd__conspiracy_gcbs",1,101,"pct_cells","Correlation",1.01433201176082
"conspiracy_asd__conspiracy_gcbs",1,101,"pct_cells","Original Relationality",0.844344725440869
"conspiracy_asd__conspiracy_gcbs",1,101,"pct_cells","ACE",0.92779098554626
"conspiracy_asd__conspiracy_gcbs",1,101,"pct_cells","Podani",0.942315747409278
"conspiracy_asd__conspiracy_gcbs",1,101,"pct_cells","Euclidean",0.726441198200872
"conspiracy_asd__conspiracy_gcbs",1,101,"pct_cells","Cosine",0.793405280209541
"conspiracy_asd__conspiracy_gcbs",1,101,"pct_cells","eJaccard",0.778238079388103
"conspiracy_asd__conspiracy_gcbs",1,101,"pct_cells","eDice",0.6723162042596
"conspiracy_asd__conspiracy_gcbs",1,101,"pct_cells","Recursive Relationality",1.02961414547055
"conspiracy_asd__conspiracy_gcbs",1,101,"rk_corrected","Correlation",1.02381519209804
"conspiracy_asd__conspiracy_gcbs",1,101,"rk_corrected","Original Relationality",0.847925547227926
"conspiracy_asd__conspiracy_gcbs",1,101,"rk_corrected","ACE",0.943391803754551
"conspiracy_asd__conspiracy_gcbs",1,101,"rk_corrected","Podani",0.94884045231763
"conspiracy_asd__conspiracy_gcbs",1,101,"rk_corrected","Euclidean",0.760132470507077
"conspiracy_asd__conspiracy_gcbs",1,101,"rk_corrected","Cosine",0.82294789390405
"conspiracy_asd__conspiracy_gcbs",1,101,"rk_corrected","eJaccard",0.798902852945261
"conspiracy_asd__conspiracy_gcbs",1,101,"rk_corrected","eDice",0.685418427044662
"conspiracy_asd__conspiracy_gcbs",1,101,"rk_corrected","Recursive Relationality",1.02741322900518
"conspiracy_asd__conspiracy_gcbs",1,101,"positional","Correlation",1.73983301578297
"conspiracy_asd__conspiracy_gcbs",1,101,"positional","Original Relationality",1.84606515405315
"conspiracy_asd__conspiracy_gcbs",1,101,"positional","ACE",1.66465034349737
"conspiracy_asd__conspiracy_gcbs",1,101,"positional","Podani",1.40118799262947
"conspiracy_asd__conspiracy_gcbs",1,101,"positional","Euclidean",1.36830077459084
"conspiracy_asd__conspiracy_gcbs",1,101,"positional","Cosine",1.24735389429179
"conspiracy_asd__conspiracy_gcbs",1,101,"positional","eJaccard",1.9881185035899
"conspiracy_asd__conspiracy_gcbs",1,101,"positional","eDice",2.27503198121195
"conspiracy_asd__conspiracy_gcbs",1,101,"positional","Recursive Relationality",1.62469263517581
"conspiracy_asd__conspiracy_gcbs",2,202,"primary","Correlation",1.01433201176082
"conspiracy_asd__conspiracy_gcbs",2,202,"primary","Original Relationality",0.844344725440869
"conspiracy_asd__conspiracy_gcbs",2,202,"primary","ACE",0.92779098554626
"conspiracy_asd__conspiracy_gcbs",2,202,"primary","Podani",0.942315747409278
"conspiracy_asd__conspiracy_gcbs",2,202,"primary","Euclidean",0.726441198200872
"conspiracy_asd__conspiracy_gcbs",2,202,"primary","Cosine",0.793405280209541
"conspiracy_asd__conspiracy_gcbs",2,202,"primary","eJaccard",0.778238079388103
"conspiracy_asd__conspiracy_gcbs",2,202,"primary","eDice",0.6723162042596
"conspiracy_asd__conspiracy_gcbs",2,202,"primary","Recursive Relationality",1.02961414547055
"conspiracy_asd__conspiracy_gcbs",2,202,"pct_cells","Correlation",1.01433201176082
"conspiracy_asd__conspiracy_gcbs",2,202,"pct_cells","Original Relationality",0.844344725440869
"conspiracy_asd__conspiracy_gcbs",2,202,"pct_cells","ACE",0.92779098554626
"conspiracy_asd__conspiracy_gcbs",2,202,"pct_cells","Podani",0.942315747409278
"conspiracy_asd__conspiracy_gcbs",2,202,"pct_cells","Euclidean",0.726441198200872
"conspiracy_asd__conspiracy_gcbs",2,202,"pct_cells","Cosine",0.793405280209541
"conspiracy_asd__conspiracy_gcbs",2,202,"pct_cells","eJaccard",0.778238079388103
"conspiracy_asd__conspiracy_gcbs",2,202,"pct_cells","eDice",0.6723162042596
"conspiracy_asd__conspiracy_gcbs",2,202,"pct_cells","Recursive Relationality",1.02961414547055
"conspiracy_asd__conspiracy_gcbs",2,202,"rk_corrected","Correlation",1.02381519209804
"conspiracy_asd__conspiracy_gcbs",2,202,"rk_corrected","Original Relationality",0.847925547227926
"conspiracy_asd__conspiracy_gcbs",2,202,"rk_corrected","ACE",0.943391803754551
"conspiracy_asd__conspiracy_gcbs",2,202,"rk_corrected","Podani",0.94884045231763
"conspiracy_asd__conspiracy_gcbs",2,202,"rk_corrected","Euclidean",0.760132470507077
"conspiracy_asd__conspiracy_gcbs",2,202,"rk_corrected","Cosine",0.82294789390405
"conspiracy_asd__conspiracy_gcbs",2,202,"rk_corrected","eJaccard",0.798902852945261
"conspiracy_asd__conspiracy_gcbs",2,202,"rk_corrected","eDice",0.685418427044662
"conspiracy_asd__conspiracy_gcbs",2,202,"rk_corrected","Recursive Relationality",1.02741322900518
"conspiracy_asd__conspiracy_gcbs",2,202,"positional","Correlation",1.73983301578297
"conspiracy_asd__conspiracy_gcbs",2,202,"positional","Original Relationality",1.84606515405315
"conspiracy_asd__conspiracy_gcbs",2,202,"positional","ACE",1.66465034349737
"conspiracy_asd__conspiracy_gcbs",2,202,"positional","Podani",1.40118799262947
"conspiracy_asd__conspiracy_gcbs",2,202,"positional","Euclidean",1.36830077459084
"conspiracy_asd__conspiracy_gcbs",2,202,"positional","Cosine",1.24735389429179
"conspiracy_asd__conspiracy_gcbs",2,202,"positional","eJaccard",1.9881185035899
"conspiracy_asd__conspiracy_gcbs",2,202,"positional","eDice",2.27503198121195
"conspiracy_asd__conspiracy_gcbs",2,202,"positional","Recursive Relationality",1.62469263517581
"conspiracy_asd__conspiracy_gcbs",3,303,"primary","Correlation",1.01433201176082
"conspiracy_asd__conspiracy_gcbs",3,303,"primary","Original Relationality",0.844344725440869
"conspiracy_asd__conspiracy_gcbs",3,303,"primary","ACE",0.92779098554626
"conspiracy_asd__conspiracy_gcbs",3,303,"primary","Podani",0.942315747409278
"conspiracy_asd__conspiracy_gcbs",3,303,"primary","Euclidean",0.726441198200872
"conspiracy_asd__conspiracy_gcbs",3,303,"primary","Cosine",0.793405280209541
"conspiracy_asd__conspiracy_gcbs",3,303,"primary","eJaccard",0.778238079388103
"conspiracy_asd__conspiracy_gcbs",3,303,"primary","eDice",0.6723162042596
"conspiracy_asd__conspiracy_gcbs",3,303,"primary","Recursive Relationality",1.02961414547055
"conspiracy_asd__conspiracy_gcbs",3,303,"pct_cells","Correlation",1.01433201176082
"conspiracy_asd__conspiracy_gcbs",3,303,"pct_cells","Original Relationality",0.844344725440869
"conspiracy_asd__conspiracy_gcbs",3,303,"pct_cells","ACE",0.92779098554626
"conspiracy_asd__conspiracy_gcbs",3,303,"pct_cells","Podani",0.942315747409278
"conspiracy_asd__conspiracy_gcbs",3,303,"pct_cells","Euclidean",0.726441198200872
"conspiracy_asd__conspiracy_gcbs",3,303,"pct_cells","Cosine",0.793405280209541
"conspiracy_asd__conspiracy_gcbs",3,303,"pct_cells","eJaccard",0.778238079388103
"conspiracy_asd__conspiracy_gcbs",3,303,"pct_cells","eDice",0.6723162042596
"conspiracy_asd__conspiracy_gcbs",3,303,"pct_cells","Recursive Relationality",1.02961414547055
"conspiracy_asd__conspiracy_gcbs",3,303,"rk_corrected","Correlation",1.02381519209804
"conspiracy_asd__conspiracy_gcbs",3,303,"rk_corrected","Original Relationality",0.847925547227926
"conspiracy_asd__conspiracy_gcbs",3,303,"rk_corrected","ACE",0.943391803754551
"conspiracy_asd__conspiracy_gcbs",3,303,"rk_corrected","Podani",0.94884045231763
"conspiracy_asd__conspiracy_gcbs",3,303,"rk_corrected","Euclidean",0.760132470507077
"conspiracy_asd__conspiracy_gcbs",3,303,"rk_corrected","Cosine",0.82294789390405
"conspiracy_asd__conspiracy_gcbs",3,303,"rk_corrected","eJaccard",0.798902852945261
"conspiracy_asd__conspiracy_gcbs",3,303,"rk_corrected","eDice",0.685418427044662
"conspiracy_asd__conspiracy_gcbs",3,303,"rk_corrected","Recursive Relationality",1.02741322900518
"conspiracy_asd__conspiracy_gcbs",3,303,"positional","Correlation",1.73983301578297
"conspiracy_asd__conspiracy_gcbs",3,303,"positional","Original Relationality",1.84606515405315
"conspiracy_asd__conspiracy_gcbs",3,303,"positional","ACE",1.66465034349737
"conspiracy_asd__conspiracy_gcbs",3,303,"positional","Podani",1.40118799262947
"conspiracy_asd__conspiracy_gcbs",3,303,"positional","Euclidean",1.36830077459084
"conspiracy_asd__conspiracy_gcbs",3,303,"positional","Cosine",1.24735389429179
"conspiracy_asd__conspiracy_gcbs",3,303,"positional","eJaccard",1.9881185035899
"conspiracy_asd__conspiracy_gcbs",3,303,"positional","eDice",2.27503198121195
"conspiracy_asd__conspiracy_gcbs",3,303,"positional","Recursive Relationality",1.62469263517581
"daiku_2021_dirty_dozen",1,101,"primary","Correlation",-0.265264077563702
"daiku_2021_dirty_dozen",1,101,"primary","Original Relationality",-0.68678965398092
"daiku_2021_dirty_dozen",1,101,"primary","ACE",-0.494263453783537
"daiku_2021_dirty_dozen",1,101,"primary","Podani",-0.422860454861288
"daiku_2021_dirty_dozen",1,101,"primary","Euclidean",-0.714281973411402
"daiku_2021_dirty_dozen",1,101,"primary","Cosine",-0.459334922149185
"daiku_2021_dirty_dozen",1,101,"primary","eJaccard",-0.0414793639659124
"daiku_2021_dirty_dozen",1,101,"primary","eDice",-0.0981937614325155
"daiku_2021_dirty_dozen",1,101,"primary","Recursive Relationality",-0.24972975547945
"daiku_2021_dirty_dozen",1,101,"pct_cells","Correlation",0.829346120766515
"daiku_2021_dirty_dozen",1,101,"pct_cells","Original Relationality",0.643444849216891
"daiku_2021_dirty_dozen",1,101,"pct_cells","ACE",0.714412985535465
"daiku_2021_dirty_dozen",1,101,"pct_cells","Podani",0.772127955646637
"daiku_2021_dirty_dozen",1,101,"pct_cells","Euclidean",0.652981087361933
"daiku_2021_dirty_dozen",1,101,"pct_cells","Cosine",0.612425640112253
"daiku_2021_dirty_dozen",1,101,"pct_cells","eJaccard",0.628379171727888
"daiku_2021_dirty_dozen",1,101,"pct_cells","eDice",0.515630143010061
"daiku_2021_dirty_dozen",1,101,"pct_cells","Recursive Relationality",0.839594026050151
"daiku_2021_dirty_dozen",1,101,"rk_corrected","Correlation",-0.252096722744313
"daiku_2021_dirty_dozen",1,101,"rk_corrected","Original Relationality",-0.681817698440843
"daiku_2021_dirty_dozen",1,101,"rk_corrected","ACE",-0.472601785280284
"daiku_2021_dirty_dozen",1,101,"rk_corrected","Podani",-0.41380093035948
"daiku_2021_dirty_dozen",1,101,"rk_corrected","Euclidean",-0.667501787756653
"daiku_2021_dirty_dozen",1,101,"rk_corrected","Cosine",-0.418315131005794
"daiku_2021_dirty_dozen",1,101,"rk_corrected","eJaccard",-0.0127864153965827
"daiku_2021_dirty_dozen",1,101,"rk_corrected","eDice",-0.0800013818511068
"daiku_2021_dirty_dozen",1,101,"rk_corrected","Recursive Relationality",-0.252785718457786
"daiku_2021_dirty_dozen",1,101,"positional","Correlation",2.47954638250009
"daiku_2021_dirty_dozen",1,101,"positional","Original Relationality",3.02942383694868
"daiku_2021_dirty_dozen",1,101,"positional","ACE",2.36367009166708
"daiku_2021_dirty_dozen",1,101,"positional","Podani",1.84832361248495
"daiku_2021_dirty_dozen",1,101,"positional","Euclidean",2.14311408033431
"daiku_2021_dirty_dozen",1,101,"positional","Cosine",1.53690991987549
"daiku_2021_dirty_dozen",1,101,"positional","eJaccard",3.46896851779497
"daiku_2021_dirty_dozen",1,101,"positional","eDice",4.31322493633032
"daiku_2021_dirty_dozen",1,101,"positional","Recursive Relationality",2.12207738393573
"daiku_2021_dirty_dozen",2,202,"primary","Correlation",-0.265264077563702
"daiku_2021_dirty_dozen",2,202,"primary","Original Relationality",-0.68678965398092
"daiku_2021_dirty_dozen",2,202,"primary","ACE",-0.494263453783537
"daiku_2021_dirty_dozen",2,202,"primary","Podani",-0.422860454861288
"daiku_2021_dirty_dozen",2,202,"primary","Euclidean",-0.714281973411402
"daiku_2021_dirty_dozen",2,202,"primary","Cosine",-0.459334922149185
"daiku_2021_dirty_dozen",2,202,"primary","eJaccard",-0.0414793639659124
"daiku_2021_dirty_dozen",2,202,"primary","eDice",-0.0981937614325155
"daiku_2021_dirty_dozen",2,202,"primary","Recursive Relationality",-0.24972975547945
"daiku_2021_dirty_dozen",2,202,"pct_cells","Correlation",0.829346120766515
"daiku_2021_dirty_dozen",2,202,"pct_cells","Original Relationality",0.643444849216891
"daiku_2021_dirty_dozen",2,202,"pct_cells","ACE",0.714412985535465
"daiku_2021_dirty_dozen",2,202,"pct_cells","Podani",0.772127955646637
"daiku_2021_dirty_dozen",2,202,"pct_cells","Euclidean",0.652981087361933
"daiku_2021_dirty_dozen",2,202,"pct_cells","Cosine",0.612425640112253
"daiku_2021_dirty_dozen",2,202,"pct_cells","eJaccard",0.628379171727888
"daiku_2021_dirty_dozen",2,202,"pct_cells","eDice",0.515630143010061
"daiku_2021_dirty_dozen",2,202,"pct_cells","Recursive Relationality",0.839594026050151
"daiku_2021_dirty_dozen",2,202,"rk_corrected","Correlation",-0.252096722744313
"daiku_2021_dirty_dozen",2,202,"rk_corrected","Original Relationality",-0.681817698440843
"daiku_2021_dirty_dozen",2,202,"rk_corrected","ACE",-0.472601785280284
"daiku_2021_dirty_dozen",2,202,"rk_corrected","Podani",-0.41380093035948
"daiku_2021_dirty_dozen",2,202,"rk_corrected","Euclidean",-0.667501787756653
"daiku_2021_dirty_dozen",2,202,"rk_corrected","Cosine",-0.418315131005794
"daiku_2021_dirty_dozen",2,202,"rk_corrected","eJaccard",-0.0127864153965827
"daiku_2021_dirty_dozen",2,202,"rk_corrected","eDice",-0.0800013818511068
"daiku_2021_dirty_dozen",2,202,"rk_corrected","Recursive Relationality",-0.252785718457786
"daiku_2021_dirty_dozen",2,202,"positional","Correlation",2.47954638250009
"daiku_2021_dirty_dozen",2,202,"positional","Original Relationality",3.02942383694868
"daiku_2021_dirty_dozen",2,202,"positional","ACE",2.36367009166708
"daiku_2021_dirty_dozen",2,202,"positional","Podani",1.84832361248495
"daiku_2021_dirty_dozen",2,202,"positional","Euclidean",2.14311408033431
"daiku_2021_dirty_dozen",2,202,"positional","Cosine",1.53690991987549
"daiku_2021_dirty_dozen",2,202,"positional","eJaccard",3.46896851779497
"daiku_2021_dirty_dozen",2,202,"positional","eDice",4.31322493633032
"daiku_2021_dirty_dozen",2,202,"positional","Recursive Relationality",2.12207738393573
"daiku_2021_dirty_dozen",3,303,"primary","Correlation",-0.265264077563702
"daiku_2021_dirty_dozen",3,303,"primary","Original Relationality",-0.68678965398092
"daiku_2021_dirty_dozen",3,303,"primary","ACE",-0.494263453783537
"daiku_2021_dirty_dozen",3,303,"primary","Podani",-0.422860454861288
"daiku_2021_dirty_dozen",3,303,"primary","Euclidean",-0.714281973411402
"daiku_2021_dirty_dozen",3,303,"primary","Cosine",-0.459334922149185
"daiku_2021_dirty_dozen",3,303,"primary","eJaccard",-0.0414793639659124
"daiku_2021_dirty_dozen",3,303,"primary","eDice",-0.0981937614325155
"daiku_2021_dirty_dozen",3,303,"primary","Recursive Relationality",-0.24972975547945
"daiku_2021_dirty_dozen",3,303,"pct_cells","Correlation",0.829346120766515
"daiku_2021_dirty_dozen",3,303,"pct_cells","Original Relationality",0.643444849216891
"daiku_2021_dirty_dozen",3,303,"pct_cells","ACE",0.714412985535465
"daiku_2021_dirty_dozen",3,303,"pct_cells","Podani",0.772127955646637
"daiku_2021_dirty_dozen",3,303,"pct_cells","Euclidean",0.652981087361933
"daiku_2021_dirty_dozen",3,303,"pct_cells","Cosine",0.612425640112253
"daiku_2021_dirty_dozen",3,303,"pct_cells","eJaccard",0.628379171727888
"daiku_2021_dirty_dozen",3,303,"pct_cells","eDice",0.515630143010061
"daiku_2021_dirty_dozen",3,303,"pct_cells","Recursive Relationality",0.839594026050151
"daiku_2021_dirty_dozen",3,303,"rk_corrected","Correlation",-0.252096722744313
"daiku_2021_dirty_dozen",3,303,"rk_corrected","Original Relationality",-0.681817698440843
"daiku_2021_dirty_dozen",3,303,"rk_corrected","ACE",-0.472601785280284
"daiku_2021_dirty_dozen",3,303,"rk_corrected","Podani",-0.41380093035948
"daiku_2021_dirty_dozen",3,303,"rk_corrected","Euclidean",-0.667501787756653
"daiku_2021_dirty_dozen",3,303,"rk_corrected","Cosine",-0.418315131005794
"daiku_2021_dirty_dozen",3,303,"rk_corrected","eJaccard",-0.0127864153965827
"daiku_2021_dirty_dozen",3,303,"rk_corrected","eDice",-0.0800013818511068
"daiku_2021_dirty_dozen",3,303,"rk_corrected","Recursive Relationality",-0.252785718457786
"daiku_2021_dirty_dozen",3,303,"positional","Correlation",2.47954638250009
"daiku_2021_dirty_dozen",3,303,"positional","Original Relationality",3.02942383694868
"daiku_2021_dirty_dozen",3,303,"positional","ACE",2.36367009166708
"daiku_2021_dirty_dozen",3,303,"positional","Podani",1.84832361248495
"daiku_2021_dirty_dozen",3,303,"positional","Euclidean",2.14311408033431
"daiku_2021_dirty_dozen",3,303,"positional","Cosine",1.53690991987549
"daiku_2021_dirty_dozen",3,303,"positional","eJaccard",3.46896851779497
"daiku_2021_dirty_dozen",3,303,"positional","eDice",4.31322493633032
"daiku_2021_dirty_dozen",3,303,"positional","Recursive Relationality",2.12207738393573
"dong_2024_ccaiq",3,303,"primary","Correlation",-0.280200465786384
"dong_2024_ccaiq",3,303,"primary","Original Relationality",-0.924877756105154
"dong_2024_ccaiq",3,303,"primary","ACE",-0.501391141397584
"dong_2024_ccaiq",3,303,"primary","Podani",-0.47367247573609
"dong_2024_ccaiq",3,303,"primary","Euclidean",-0.770218778830833
"dong_2024_ccaiq",3,303,"primary","Cosine",-0.630536730949717
"dong_2024_ccaiq",3,303,"primary","eJaccard",-0.0267622809989694
"dong_2024_ccaiq",3,303,"primary","eDice",-0.233002835326165
"dong_2024_ccaiq",3,303,"primary","Recursive Relationality",-0.281914991120288
"dong_2024_ccaiq",3,303,"pct_cells","Correlation",0.898487943061114
"dong_2024_ccaiq",3,303,"pct_cells","Original Relationality",0.507533519031957
"dong_2024_ccaiq",3,303,"pct_cells","ACE",0.800125061580996
"dong_2024_ccaiq",3,303,"pct_cells","Podani",0.813104305917713
"dong_2024_ccaiq",3,303,"pct_cells","Euclidean",0.702065258022906
"dong_2024_ccaiq",3,303,"pct_cells","Cosine",0.523546936208241
"dong_2024_ccaiq",3,303,"pct_cells","eJaccard",0.694548823898714
"dong_2024_ccaiq",3,303,"pct_cells","eDice",0.427969556803618
"dong_2024_ccaiq",3,303,"pct_cells","Recursive Relationality",0.891080945451028
"dong_2024_ccaiq",3,303,"rk_corrected","Correlation",-0.268097424058341
"dong_2024_ccaiq",3,303,"rk_corrected","Original Relationality",-0.920307682145962
"dong_2024_ccaiq",3,303,"rk_corrected","ACE",-0.481480378652143
"dong_2024_ccaiq",3,303,"rk_corrected","Podani",-0.465345229710931
"dong_2024_ccaiq",3,303,"rk_corrected","Euclidean",-0.72721982066565
"dong_2024_ccaiq",3,303,"rk_corrected","Cosine",-0.592832556444369
"dong_2024_ccaiq",3,303,"rk_corrected","eJaccard",-0.000388574313111235
"dong_2024_ccaiq",3,303,"rk_corrected","eDice",-0.216280939985275
"dong_2024_ccaiq",3,303,"rk_corrected","Recursive Relationality",-0.284723941585547
"dong_2024_ccaiq",3,303,"positional","Correlation",2.17719956427998
"dong_2024_ccaiq",3,303,"positional","Original Relationality",2.33648220562753
"dong_2024_ccaiq",3,303,"positional","ACE",2.05776902269603
"dong_2024_ccaiq",3,303,"positional","Podani",1.63564291332892
"dong_2024_ccaiq",3,303,"positional","Euclidean",1.87581336162931
"dong_2024_ccaiq",3,303,"positional","Cosine",1.26495989747041
"dong_2024_ccaiq",3,303,"positional","eJaccard",2.9413458442731
"dong_2024_ccaiq",3,303,"positional","eDice",3.3801984627598
"dong_2024_ccaiq",3,303,"positional","Recursive Relationality",1.89109312662762
"dong_2024_engagement",1,101,"primary","Correlation",0.645224059256084
"dong_2024_engagement",1,101,"primary","Original Relationality",0.39139231073484
"dong_2024_engagement",1,101,"primary","ACE",0.518625304407275
"dong_2024_engagement",1,101,"primary","Podani",0.556772703733741
"dong_2024_engagement",1,101,"primary","Euclidean",0.31964439273875
"dong_2024_engagement",1,101,"primary","Cosine",0.437987351457798
"dong_2024_engagement",1,101,"primary","eJaccard",0.520426719937395
"dong_2024_engagement",1,101,"primary","eDice",0.4150644159538
"dong_2024_engagement",1,101,"primary","Recursive Relationality",0.661602078658633
"dong_2024_engagement",1,101,"pct_cells","Correlation",0.936844276083647
"dong_2024_engagement",1,101,"pct_cells","Original Relationality",0.745786299431285
"dong_2024_engagement",1,101,"pct_cells","ACE",0.840634441400755
"dong_2024_engagement",1,101,"pct_cells","Podani",0.875135149022798
"dong_2024_engagement",1,101,"pct_cells","Euclidean",0.683903332451967
"dong_2024_engagement",1,101,"pct_cells","Cosine",0.72352008998946
"dong_2024_engagement",1,101,"pct_cells","eJaccard",0.698886861932061
"dong_2024_engagement",1,101,"pct_cells","eDice",0.578596110049605
"dong_2024_engagement",1,101,"pct_cells","Recursive Relationality",0.951813916488826
"dong_2024_engagement",1,101,"rk_corrected","Correlation",0.652922225718409
"dong_2024_engagement",1,101,"rk_corrected","Original Relationality",0.394299116385314
"dong_2024_engagement",1,101,"rk_corrected","ACE",0.531289589092928
"dong_2024_engagement",1,101,"rk_corrected","Podani",0.562069266987413
"dong_2024_engagement",1,101,"rk_corrected","Euclidean",0.346993975190834
"dong_2024_engagement",1,101,"rk_corrected","Cosine",0.4619691750513
"dong_2024_engagement",1,101,"rk_corrected","eJaccard",0.537201774411994
"dong_2024_engagement",1,101,"rk_corrected","eDice",0.425700414473204
"dong_2024_engagement",1,101,"rk_corrected","Recursive Relationality",0.659815439501974
"dong_2024_engagement",1,101,"positional","Correlation",2.0977731184399
"dong_2024_engagement",1,101,"positional","Original Relationality",2.38003331450233
"dong_2024_engagement",1,101,"positional","ACE",2.01412566461266
"dong_2024_engagement",1,101,"positional","Podani",1.62632498051938
"dong_2024_engagement",1,101,"positional","Euclidean",1.7267555818184
"dong_2024_engagement",1,101,"positional","Cosine",1.42035046419648
"dong_2024_engagement",1,101,"positional","eJaccard",2.65138102724704
"dong_2024_engagement",1,101,"positional","eDice",3.17246351169093
"dong_2024_engagement",1,101,"positional","Recursive Relationality",1.88630827141121
"dong_2024_engagement",2,202,"primary","Correlation",0.645224059256084
"dong_2024_engagement",2,202,"primary","Original Relationality",0.39139231073484
"dong_2024_engagement",2,202,"primary","ACE",0.518625304407275
"dong_2024_engagement",2,202,"primary","Podani",0.556772703733741
"dong_2024_engagement",2,202,"primary","Euclidean",0.31964439273875
"dong_2024_engagement",2,202,"primary","Cosine",0.437987351457798
"dong_2024_engagement",2,202,"primary","eJaccard",0.520426719937395
"dong_2024_engagement",2,202,"primary","eDice",0.4150644159538
"dong_2024_engagement",2,202,"primary","Recursive Relationality",0.661602078658633
"dong_2024_engagement",2,202,"pct_cells","Correlation",0.936844276083647
"dong_2024_engagement",2,202,"pct_cells","Original Relationality",0.745786299431285
"dong_2024_engagement",2,202,"pct_cells","ACE",0.840634441400755
"dong_2024_engagement",2,202,"pct_cells","Podani",0.875135149022798
"dong_2024_engagement",2,202,"pct_cells","Euclidean",0.683903332451967
"dong_2024_engagement",2,202,"pct_cells","Cosine",0.72352008998946
"dong_2024_engagement",2,202,"pct_cells","eJaccard",0.698886861932061
"dong_2024_engagement",2,202,"pct_cells","eDice",0.578596110049605
"dong_2024_engagement",2,202,"pct_cells","Recursive Relationality",0.951813916488826
"dong_2024_engagement",2,202,"rk_corrected","Correlation",0.652922225718409
"dong_2024_engagement",2,202,"rk_corrected","Original Relationality",0.394299116385314
"dong_2024_engagement",2,202,"rk_corrected","ACE",0.531289589092928
"dong_2024_engagement",2,202,"rk_corrected","Podani",0.562069266987413
"dong_2024_engagement",2,202,"rk_corrected","Euclidean",0.346993975190834
"dong_2024_engagement",2,202,"rk_corrected","Cosine",0.4619691750513
"dong_2024_engagement",2,202,"rk_corrected","eJaccard",0.537201774411994
"dong_2024_engagement",2,202,"rk_corrected","eDice",0.425700414473204
"dong_2024_engagement",2,202,"rk_corrected","Recursive Relationality",0.659815439501974
"dong_2024_engagement",2,202,"positional","Correlation",2.0977731184399
"dong_2024_engagement",2,202,"positional","Original Relationality",2.38003331450233
"dong_2024_engagement",2,202,"positional","ACE",2.01412566461266
"dong_2024_engagement",2,202,"positional","Podani",1.62632498051938
"dong_2024_engagement",2,202,"positional","Euclidean",1.7267555818184
"dong_2024_engagement",2,202,"positional","Cosine",1.42035046419648
"dong_2024_engagement",2,202,"positional","eJaccard",2.65138102724704
"dong_2024_engagement",2,202,"positional","eDice",3.17246351169093
"dong_2024_engagement",2,202,"positional","Recursive Relationality",1.88630827141121
"dong_2024_engagement",3,303,"primary","Correlation",0.645224059256084
"dong_2024_engagement",3,303,"primary","Original Relationality",0.39139231073484
"dong_2024_engagement",3,303,"primary","ACE",0.518625304407275
"dong_2024_engagement",3,303,"primary","Podani",0.556772703733741
"dong_2024_engagement",3,303,"primary","Euclidean",0.31964439273875
"dong_2024_engagement",3,303,"primary","Cosine",0.437987351457798
"dong_2024_engagement",3,303,"primary","eJaccard",0.520426719937395
"dong_2024_engagement",3,303,"primary","eDice",0.4150644159538
"dong_2024_engagement",3,303,"primary","Recursive Relationality",0.661602078658633
"dong_2024_engagement",3,303,"pct_cells","Correlation",0.936844276083647
"dong_2024_engagement",3,303,"pct_cells","Original Relationality",0.745786299431285
"dong_2024_engagement",3,303,"pct_cells","ACE",0.840634441400755
"dong_2024_engagement",3,303,"pct_cells","Podani",0.875135149022798
"dong_2024_engagement",3,303,"pct_cells","Euclidean",0.683903332451967
"dong_2024_engagement",3,303,"pct_cells","Cosine",0.72352008998946
"dong_2024_engagement",3,303,"pct_cells","eJaccard",0.698886861932061
"dong_2024_engagement",3,303,"pct_cells","eDice",0.578596110049605
"dong_2024_engagement",3,303,"pct_cells","Recursive Relationality",0.951813916488826
"dong_2024_engagement",3,303,"rk_corrected","Correlation",0.652922225718409
"dong_2024_engagement",3,303,"rk_corrected","Original Relationality",0.394299116385314
"dong_2024_engagement",3,303,"rk_corrected","ACE",0.531289589092928
"dong_2024_engagement",3,303,"rk_corrected","Podani",0.562069266987413
"dong_2024_engagement",3,303,"rk_corrected","Euclidean",0.346993975190834
"dong_2024_engagement",3,303,"rk_corrected","Cosine",0.4619691750513
"dong_2024_engagement",3,303,"rk_corrected","eJaccard",0.537201774411994
"dong_2024_engagement",3,303,"rk_corrected","eDice",0.425700414473204
"dong_2024_engagement",3,303,"rk_corrected","Recursive Relationality",0.659815439501974
"dong_2024_engagement",3,303,"positional","Correlation",2.0977731184399
"dong_2024_engagement",3,303,"positional","Original Relationality",2.38003331450233
"dong_2024_engagement",3,303,"positional","ACE",2.01412566461266
"dong_2024_engagement",3,303,"positional","Podani",1.62632498051938
"dong_2024_engagement",3,303,"positional","Euclidean",1.7267555818184
"dong_2024_engagement",3,303,"positional","Cosine",1.42035046419648
"dong_2024_engagement",3,303,"positional","eJaccard",2.65138102724704
"dong_2024_engagement",3,303,"positional","eDice",3.17246351169093
"dong_2024_engagement",3,303,"positional","Recursive Relationality",1.88630827141121
"dopmeijer_2022_performance_pressure",3,303,"primary","Correlation",-0.300974454197315
"dopmeijer_2022_performance_pressure",3,303,"primary","Original Relationality",-0.699888887862946
"dopmeijer_2022_performance_pressure",3,303,"primary","ACE",-0.53145857761015
"dopmeijer_2022_performance_pressure",3,303,"primary","Podani",-0.45685057365147
"dopmeijer_2022_performance_pressure",3,303,"primary","Euclidean",-0.775050783616037
"dopmeijer_2022_performance_pressure",3,303,"primary","Cosine",-0.48392400583286
"dopmeijer_2022_performance_pressure",3,303,"primary","eJaccard",-0.100907718852579
"dopmeijer_2022_performance_pressure",3,303,"primary","eDice",-0.126093633048862
"dopmeijer_2022_performance_pressure",3,303,"primary","Recursive Relationality",-0.279375960242934
"dopmeijer_2022_performance_pressure",3,303,"pct_cells","Correlation",0.793712274440556
"dopmeijer_2022_performance_pressure",3,303,"pct_cells","Original Relationality",0.630438619452623
"dopmeijer_2022_performance_pressure",3,303,"pct_cells","ACE",0.677302367023984
"dopmeijer_2022_performance_pressure",3,303,"pct_cells","Podani",0.738221385165104
"dopmeijer_2022_performance_pressure",3,303,"pct_cells","Euclidean",0.59230787014816
"dopmeijer_2022_performance_pressure",3,303,"pct_cells","Cosine",0.58791148919066
"dopmeijer_2022_performance_pressure",3,303,"pct_cells","eJaccard",0.568997650389731
"dopmeijer_2022_performance_pressure",3,303,"pct_cells","eDice",0.487773187248441
"dopmeijer_2022_performance_pressure",3,303,"pct_cells","Recursive Relationality",0.810023981991422
"dopmeijer_2022_performance_pressure",3,303,"rk_corrected","Correlation",-0.292248868234659
"dopmeijer_2022_performance_pressure",3,303,"rk_corrected","Original Relationality",-0.696594131546092
"dopmeijer_2022_performance_pressure",3,303,"rk_corrected","ACE",-0.517104080962017
"dopmeijer_2022_performance_pressure",3,303,"rk_corrected","Podani",-0.450847115788778
"dopmeijer_2022_performance_pressure",3,303,"rk_corrected","Euclidean",-0.744051047003906
"dopmeijer_2022_performance_pressure",3,303,"rk_corrected","Cosine",-0.4567414988904
"dopmeijer_2022_performance_pressure",3,303,"rk_corrected","eJaccard",-0.0818938172225341
"dopmeijer_2022_performance_pressure",3,303,"rk_corrected","eDice",-0.114038123489029
"dopmeijer_2022_performance_pressure",3,303,"rk_corrected","Recursive Relationality",-0.281401049414747
"dopmeijer_2022_performance_pressure",3,303,"positional","Correlation",2.17238835501362
"dopmeijer_2022_performance_pressure",3,303,"positional","Original Relationality",2.60948048517423
"dopmeijer_2022_performance_pressure",3,303,"positional","ACE",2.04549544207577
"dopmeijer_2022_performance_pressure",3,303,"positional","Podani",1.62549199519922
"dopmeijer_2022_performance_pressure",3,303,"positional","Euclidean",1.83344369857978
"dopmeijer_2022_performance_pressure",3,303,"positional","Cosine",1.37537228894426
"dopmeijer_2022_performance_pressure",3,303,"positional","eJaccard",2.9462485682864
"dopmeijer_2022_performance_pressure",3,303,"positional","eDice",3.6477734636294
"dopmeijer_2022_performance_pressure",3,303,"positional","Recursive Relationality",1.88147499971137
"dou2025_area",1,101,"primary","Correlation",-0.616819180457474
"dou2025_area",1,101,"primary","Original Relationality",-1.2041269708895
"dou2025_area",1,101,"primary","ACE",-0.866186053373241
"dou2025_area",1,101,"primary","Podani",-0.806090833920524
"dou2025_area",1,101,"primary","Euclidean",-1.20482317050173
"dou2025_area",1,101,"primary","Cosine",-0.851644978472382
"dou2025_area",1,101,"primary","eJaccard",-0.313369874271037
"dou2025_area",1,101,"primary","eDice",-0.423725671267268
"dou2025_area",1,101,"primary","Recursive Relationality",-0.585493395578822
"dou2025_area",1,101,"pct_cells","Correlation",0.843095508970485
"dou2025_area",1,101,"pct_cells","Original Relationality",0.570046972094843
"dou2025_area",1,101,"pct_cells","ACE",0.745862227575597
"dou2025_area",1,101,"pct_cells","Podani",0.787701309490871
"dou2025_area",1,101,"pct_cells","Euclidean",0.618736878345044
"dou2025_area",1,101,"pct_cells","Cosine",0.577794461048552
"dou2025_area",1,101,"pct_cells","eJaccard",0.580040691051563
"dou2025_area",1,101,"pct_cells","eDice",0.394949813562631
"dou2025_area",1,101,"pct_cells","Recursive Relationality",0.867370640060757
"dou2025_area",1,101,"rk_corrected","Correlation",-0.611580831206027
"dou2025_area",1,101,"rk_corrected","Original Relationality",-1.2021489851863
"dou2025_area",1,101,"rk_corrected","ACE",-0.85756842389902
"dou2025_area",1,101,"rk_corrected","Podani",-0.80248669671579
"dou2025_area",1,101,"rk_corrected","Euclidean",-1.18621267857922
"dou2025_area",1,101,"rk_corrected","Cosine",-0.835326135760401
"dou2025_area",1,101,"rk_corrected","eJaccard",-0.301955001069731
"dou2025_area",1,101,"rk_corrected","eDice",-0.416488223862724
"dou2025_area",1,101,"rk_corrected","Recursive Relationality",-0.586709144801015
"dou2025_area",1,101,"positional","Correlation",1.81532789105164
"dou2025_area",1,101,"positional","Original Relationality",1.95690321391105
"dou2025_area",1,101,"positional","ACE",1.67941389749581
"dou2025_area",1,101,"positional","Podani",1.37994682611228
"dou2025_area",1,101,"positional","Euclidean",1.47969772026688
"dou2025_area",1,101,"positional","Cosine",1.13923377689243
"dou2025_area",1,101,"positional","eJaccard",2.30098444113514
"dou2025_area",1,101,"positional","eDice",2.65294410508109
"dou2025_area",1,101,"positional","Recursive Relationality",1.6025540517878
"dou2025_area",2,202,"primary","Correlation",-0.616819180457474
"dou2025_area",2,202,"primary","Original Relationality",-1.2041269708895
"dou2025_area",2,202,"primary","ACE",-0.866186053373241
"dou2025_area",2,202,"primary","Podani",-0.806090833920524
"dou2025_area",2,202,"primary","Euclidean",-1.20482317050173
"dou2025_area",2,202,"primary","Cosine",-0.851644978472382
"dou2025_area",2,202,"primary","eJaccard",-0.313369874271037
"dou2025_area",2,202,"primary","eDice",-0.423725671267268
"dou2025_area",2,202,"primary","Recursive Relationality",-0.585493395578822
"dou2025_area",2,202,"pct_cells","Correlation",0.843095508970485
"dou2025_area",2,202,"pct_cells","Original Relationality",0.570046972094843
"dou2025_area",2,202,"pct_cells","ACE",0.745862227575597
"dou2025_area",2,202,"pct_cells","Podani",0.787701309490871
"dou2025_area",2,202,"pct_cells","Euclidean",0.618736878345044
"dou2025_area",2,202,"pct_cells","Cosine",0.577794461048552
"dou2025_area",2,202,"pct_cells","eJaccard",0.580040691051563
"dou2025_area",2,202,"pct_cells","eDice",0.394949813562631
"dou2025_area",2,202,"pct_cells","Recursive Relationality",0.867370640060757
"dou2025_area",2,202,"rk_corrected","Correlation",-0.611580831206027
"dou2025_area",2,202,"rk_corrected","Original Relationality",-1.2021489851863
"dou2025_area",2,202,"rk_corrected","ACE",-0.85756842389902
"dou2025_area",2,202,"rk_corrected","Podani",-0.80248669671579
"dou2025_area",2,202,"rk_corrected","Euclidean",-1.18621267857922
"dou2025_area",2,202,"rk_corrected","Cosine",-0.835326135760401
"dou2025_area",2,202,"rk_corrected","eJaccard",-0.301955001069731
"dou2025_area",2,202,"rk_corrected","eDice",-0.416488223862724
"dou2025_area",2,202,"rk_corrected","Recursive Relationality",-0.586709144801015
"dou2025_area",2,202,"positional","Correlation",1.81532789105164
"dou2025_area",2,202,"positional","Original Relationality",1.95690321391105
"dou2025_area",2,202,"positional","ACE",1.67941389749581
"dou2025_area",2,202,"positional","Podani",1.37994682611228
"dou2025_area",2,202,"positional","Euclidean",1.47969772026688
"dou2025_area",2,202,"positional","Cosine",1.13923377689243
"dou2025_area",2,202,"positional","eJaccard",2.30098444113514
"dou2025_area",2,202,"positional","eDice",2.65294410508109
"dou2025_area",2,202,"positional","Recursive Relationality",1.6025540517878
"dou2025_area",3,303,"primary","Correlation",-0.616819180457474
"dou2025_area",3,303,"primary","Original Relationality",-1.2041269708895
"dou2025_area",3,303,"primary","ACE",-0.866186053373241
"dou2025_area",3,303,"primary","Podani",-0.806090833920524
"dou2025_area",3,303,"primary","Euclidean",-1.20482317050173
"dou2025_area",3,303,"primary","Cosine",-0.851644978472382
"dou2025_area",3,303,"primary","eJaccard",-0.313369874271037
"dou2025_area",3,303,"primary","eDice",-0.423725671267268
"dou2025_area",3,303,"primary","Recursive Relationality",-0.585493395578822
"dou2025_area",3,303,"pct_cells","Correlation",0.843095508970485
"dou2025_area",3,303,"pct_cells","Original Relationality",0.570046972094843
"dou2025_area",3,303,"pct_cells","ACE",0.745862227575597
"dou2025_area",3,303,"pct_cells","Podani",0.787701309490871
"dou2025_area",3,303,"pct_cells","Euclidean",0.618736878345044
"dou2025_area",3,303,"pct_cells","Cosine",0.577794461048552
"dou2025_area",3,303,"pct_cells","eJaccard",0.580040691051563
"dou2025_area",3,303,"pct_cells","eDice",0.394949813562631
"dou2025_area",3,303,"pct_cells","Recursive Relationality",0.867370640060757
"dou2025_area",3,303,"rk_corrected","Correlation",-0.611580831206027
"dou2025_area",3,303,"rk_corrected","Original Relationality",-1.2021489851863
"dou2025_area",3,303,"rk_corrected","ACE",-0.85756842389902
"dou2025_area",3,303,"rk_corrected","Podani",-0.80248669671579
"dou2025_area",3,303,"rk_corrected","Euclidean",-1.18621267857922
"dou2025_area",3,303,"rk_corrected","Cosine",-0.835326135760401
"dou2025_area",3,303,"rk_corrected","eJaccard",-0.301955001069731
"dou2025_area",3,303,"rk_corrected","eDice",-0.416488223862724
"dou2025_area",3,303,"rk_corrected","Recursive Relationality",-0.586709144801015
"dou2025_area",3,303,"positional","Correlation",1.81532789105164
"dou2025_area",3,303,"positional","Original Relationality",1.95690321391105
"dou2025_area",3,303,"positional","ACE",1.67941389749581
"dou2025_area",3,303,"positional","Podani",1.37994682611228
"dou2025_area",3,303,"positional","Euclidean",1.47969772026688
"dou2025_area",3,303,"positional","Cosine",1.13923377689243
"dou2025_area",3,303,"positional","eJaccard",2.30098444113514
"dou2025_area",3,303,"positional","eDice",2.65294410508109
"dou2025_area",3,303,"positional","Recursive Relationality",1.6025540517878
"feardriving_fisher2021",2,202,"primary","Correlation",-1.35882129278167
"feardriving_fisher2021",2,202,"primary","Original Relationality",-2.17153086568616
"feardriving_fisher2021",2,202,"primary","ACE",-1.66617044965012
"feardriving_fisher2021",2,202,"primary","Podani",-1.61770352839052
"feardriving_fisher2021",2,202,"primary","Euclidean",-2.24190296159154
"feardriving_fisher2021",2,202,"primary","Cosine",-1.54764962282791
"feardriving_fisher2021",2,202,"primary","eJaccard",-0.950328414140717
"feardriving_fisher2021",2,202,"primary","eDice",-1.01959509426851
"feardriving_fisher2021",2,202,"primary","Recursive Relationality",-1.33095562900871
"feardriving_fisher2021",2,202,"pct_cells","Correlation",0.74198262607389
"feardriving_fisher2021",2,202,"pct_cells","Original Relationality",0.3814892519574
"feardriving_fisher2021",2,202,"pct_cells","ACE",0.653552319444474
"feardriving_fisher2021",2,202,"pct_cells","Podani",0.675748825343799
"feardriving_fisher2021",2,202,"pct_cells","Euclidean",0.382183311824083
"feardriving_fisher2021",2,202,"pct_cells","Cosine",0.509300689446117
"feardriving_fisher2021",2,202,"pct_cells","eJaccard",0.335281238511045
"feardriving_fisher2021",2,202,"pct_cells","eDice",0.158471459384381
"feardriving_fisher2021",2,202,"pct_cells","Recursive Relationality",0.759702463370562
"feardriving_fisher2021",2,202,"rk_corrected","Correlation",-1.31098456723927
"feardriving_fisher2021",2,202,"rk_corrected","Original Relationality",-2.15346785486568
"feardriving_fisher2021",2,202,"rk_corrected","ACE",-1.5874740595859
"feardriving_fisher2021",2,202,"rk_corrected","Podani",-1.58479046475078
"feardriving_fisher2021",2,202,"rk_corrected","Euclidean",-2.07195152239332
"feardriving_fisher2021",2,202,"rk_corrected","Cosine",-1.39862557679525
"feardriving_fisher2021",2,202,"rk_corrected","eJaccard",-0.846087530186403
"feardriving_fisher2021",2,202,"rk_corrected","eDice",-0.953502558528719
"feardriving_fisher2021",2,202,"rk_corrected","Recursive Relationality",-1.3420578787975
"feardriving_fisher2021",2,202,"positional","Correlation",1.99438925036111
"feardriving_fisher2021",2,202,"positional","Original Relationality",2.17910693179987
"feardriving_fisher2021",2,202,"positional","ACE",1.84336128844514
"feardriving_fisher2021",2,202,"positional","Podani",1.42809095033432
"feardriving_fisher2021",2,202,"positional","Euclidean",1.50170427964747
"feardriving_fisher2021",2,202,"positional","Cosine",1.21847809894469
"feardriving_fisher2021",2,202,"positional","eJaccard",2.61994726905535
"feardriving_fisher2021",2,202,"positional","eDice",3.14015595032223
"feardriving_fisher2021",2,202,"positional","Recursive Relationality",1.70050404908177
"feardriving_fisher2021",3,303,"primary","Correlation",-1.35882129278167
"feardriving_fisher2021",3,303,"primary","Original Relationality",-2.17153086568616
"feardriving_fisher2021",3,303,"primary","ACE",-1.66617044965012
"feardriving_fisher2021",3,303,"primary","Podani",-1.61770352839052
"feardriving_fisher2021",3,303,"primary","Euclidean",-2.24190296159154
"feardriving_fisher2021",3,303,"primary","Cosine",-1.54764962282791
"feardriving_fisher2021",3,303,"primary","eJaccard",-0.950328414140717
"feardriving_fisher2021",3,303,"primary","eDice",-1.01959509426851
"feardriving_fisher2021",3,303,"primary","Recursive Relationality",-1.33095562900871
"feardriving_fisher2021",3,303,"pct_cells","Correlation",0.74198262607389
"feardriving_fisher2021",3,303,"pct_cells","Original Relationality",0.3814892519574
"feardriving_fisher2021",3,303,"pct_cells","ACE",0.653552319444474
"feardriving_fisher2021",3,303,"pct_cells","Podani",0.675748825343799
"feardriving_fisher2021",3,303,"pct_cells","Euclidean",0.382183311824083
"feardriving_fisher2021",3,303,"pct_cells","Cosine",0.509300689446117
"feardriving_fisher2021",3,303,"pct_cells","eJaccard",0.335281238511045
"feardriving_fisher2021",3,303,"pct_cells","eDice",0.158471459384381
"feardriving_fisher2021",3,303,"pct_cells","Recursive Relationality",0.759702463370562
"feardriving_fisher2021",3,303,"rk_corrected","Correlation",-1.31098456723927
"feardriving_fisher2021",3,303,"rk_corrected","Original Relationality",-2.15346785486568
"feardriving_fisher2021",3,303,"rk_corrected","ACE",-1.5874740595859
"feardriving_fisher2021",3,303,"rk_corrected","Podani",-1.58479046475078
"feardriving_fisher2021",3,303,"rk_corrected","Euclidean",-2.07195152239332
"feardriving_fisher2021",3,303,"rk_corrected","Cosine",-1.39862557679525
"feardriving_fisher2021",3,303,"rk_corrected","eJaccard",-0.846087530186403
"feardriving_fisher2021",3,303,"rk_corrected","eDice",-0.953502558528719
"feardriving_fisher2021",3,303,"rk_corrected","Recursive Relationality",-1.3420578787975
"feardriving_fisher2021",3,303,"positional","Correlation",1.99438925036111
"feardriving_fisher2021",3,303,"positional","Original Relationality",2.17910693179987
"feardriving_fisher2021",3,303,"positional","ACE",1.84336128844514
"feardriving_fisher2021",3,303,"positional","Podani",1.42809095033432
"feardriving_fisher2021",3,303,"positional","Euclidean",1.50170427964747
"feardriving_fisher2021",3,303,"positional","Cosine",1.21847809894469
"feardriving_fisher2021",3,303,"positional","eJaccard",2.61994726905535
"feardriving_fisher2021",3,303,"positional","eDice",3.14015595032223
"feardriving_fisher2021",3,303,"positional","Recursive Relationality",1.70050404908177
"fivpei_perrig_2023_imi",1,101,"primary","Correlation",0.167571365650511
"fivpei_perrig_2023_imi",1,101,"primary","Original Relationality",-0.459454078008787
"fivpei_perrig_2023_imi",1,101,"primary","ACE",-0.281053000684604
"fivpei_perrig_2023_imi",1,101,"primary","Podani",-0.0753399549360458
"fivpei_perrig_2023_imi",1,101,"primary","Euclidean",-0.611843205293309
"fivpei_perrig_2023_imi",1,101,"primary","Cosine",-0.211608359511209
"fivpei_perrig_2023_imi",1,101,"primary","eJaccard",0.993356407310205
"fivpei_perrig_2023_imi",1,101,"primary","eDice",0.627169049612855
"fivpei_perrig_2023_imi",1,101,"primary","Recursive Relationality",-0.0146742431413123
"fivpei_perrig_2023_imi",1,101,"pct_cells","Correlation",2.04388136665217
"fivpei_perrig_2023_imi",1,101,"pct_cells","Original Relationality",1.82074786587496
"fivpei_perrig_2023_imi",1,101,"pct_cells","ACE",1.79078197265004
"fivpei_perrig_2023_imi",1,101,"pct_cells","Podani",1.97303188477222
"fivpei_perrig_2023_imi",1,101,"pct_cells","Euclidean",1.73183069692556
"fivpei_perrig_2023_imi",1,101,"pct_cells","Cosine",1.62553427328897
"fivpei_perrig_2023_imi",1,101,"pct_cells","eJaccard",2.14158458177441
"fivpei_perrig_2023_imi",1,101,"pct_cells","eDice",1.67934628358747
"fivpei_perrig_2023_imi",1,101,"pct_cells","Recursive Relationality",1.85257412411384
"fivpei_perrig_2023_imi",1,101,"rk_corrected","Correlation",0.177310570221814
"fivpei_perrig_2023_imi",1,101,"rk_corrected","Original Relationality",-0.4557765822028
"fivpei_perrig_2023_imi",1,101,"rk_corrected","ACE",-0.265030995976545
"fivpei_perrig_2023_imi",1,101,"rk_corrected","Podani",-0.0686390978806923
"fivpei_perrig_2023_imi",1,101,"rk_corrected","Euclidean",-0.577242345498427
"fivpei_perrig_2023_imi",1,101,"rk_corrected","Cosine",-0.181268162645749
"fivpei_perrig_2023_imi",1,101,"rk_corrected","eJaccard",1.0145790826086
"fivpei_perrig_2023_imi",1,101,"rk_corrected","eDice",0.640625002521577
"fivpei_perrig_2023_imi",1,101,"rk_corrected","Recursive Relationality",-0.0169345793300601
"fivpei_perrig_2023_imi",1,101,"positional","Correlation",3.29062231954827
"fivpei_perrig_2023_imi",1,101,"positional","Original Relationality",3.5965572926739
"fivpei_perrig_2023_imi",1,101,"positional","ACE",2.98768672838869
"fivpei_perrig_2023_imi",1,101,"positional","Podani",2.7474629155071
"fivpei_perrig_2023_imi",1,101,"positional","Euclidean",2.85777097607327
"fivpei_perrig_2023_imi",1,101,"positional","Cosine",2.3544485549157
"fivpei_perrig_2023_imi",1,101,"positional","eJaccard",4.34493923585561
"fivpei_perrig_2023_imi",1,101,"positional","eDice",4.55297269592355
"fivpei_perrig_2023_imi",1,101,"positional","Recursive Relationality",2.80306658914129
"frikha_2023_pe_ms",1,101,"primary","Correlation",-0.245467774273348
"frikha_2023_pe_ms",1,101,"primary","Original Relationality",-0.851324950483059
"frikha_2023_pe_ms",1,101,"primary","ACE",-0.495046463792024
"frikha_2023_pe_ms",1,101,"primary","Podani",-0.416129593039446
"frikha_2023_pe_ms",1,101,"primary","Euclidean",-0.71929616872185
"frikha_2023_pe_ms",1,101,"primary","Cosine",-0.576704892306787
"frikha_2023_pe_ms",1,101,"primary","eJaccard",0.0499064208129885
"frikha_2023_pe_ms",1,101,"primary","eDice",-0.180294068688979
"frikha_2023_pe_ms",1,101,"primary","Recursive Relationality",-0.250886679527677
"frikha_2023_pe_ms",1,101,"pct_cells","Correlation",0.970809580727403
"frikha_2023_pe_ms",1,101,"pct_cells","Original Relationality",0.626766616312377
"frikha_2023_pe_ms",1,101,"pct_cells","ACE",0.847975723384012
"frikha_2023_pe_ms",1,101,"pct_cells","Podani",0.911683125503
"frikha_2023_pe_ms",1,101,"pct_cells","Euclidean",0.799939721537913
"frikha_2023_pe_ms",1,101,"pct_cells","Cosine",0.61418306383503
"frikha_2023_pe_ms",1,101,"pct_cells","eJaccard",0.794220487374012
"frikha_2023_pe_ms",1,101,"pct_cells","eDice",0.501757054231791
"frikha_2023_pe_ms",1,101,"pct_cells","Recursive Relationality",0.959516667489691
"frikha_2023_pe_ms",1,101,"rk_corrected","Correlation",-0.246205739059848
"frikha_2023_pe_ms",1,101,"rk_corrected","Original Relationality",-0.851603603876922
"frikha_2023_pe_ms",1,101,"rk_corrected","ACE",-0.496260492637719
"frikha_2023_pe_ms",1,101,"rk_corrected","Podani",-0.416637334355487
"frikha_2023_pe_ms",1,101,"rk_corrected","Euclidean",-0.721917965596977
"frikha_2023_pe_ms",1,101,"rk_corrected","Cosine",-0.579003847702813
"frikha_2023_pe_ms",1,101,"rk_corrected","eJaccard",0.048298323670056
"frikha_2023_pe_ms",1,101,"rk_corrected","eDice",-0.18131366113544
"frikha_2023_pe_ms",1,101,"rk_corrected","Recursive Relationality",-0.250715407993052
"frikha_2023_pe_ms",1,101,"positional","Correlation",2.08045861772845
"frikha_2023_pe_ms",1,101,"positional","Original Relationality",2.21760176218885
"frikha_2023_pe_ms",1,101,"positional","ACE",1.93569951597062
"frikha_2023_pe_ms",1,101,"positional","Podani",1.62089611243042
"frikha_2023_pe_ms",1,101,"positional","Euclidean",1.80443448499371
"frikha_2023_pe_ms",1,101,"positional","Cosine",1.25159715085674
"frikha_2023_pe_ms",1,101,"positional","eJaccard",2.72251847298399
"frikha_2023_pe_ms",1,101,"positional","eDice",3.04517277333062
"frikha_2023_pe_ms",1,101,"positional","Recursive Relationality",1.81509193687318
"frikha_2023_pe_ms",2,202,"primary","Correlation",-0.245467774273348
"frikha_2023_pe_ms",2,202,"primary","Original Relationality",-0.851324950483059
"frikha_2023_pe_ms",2,202,"primary","ACE",-0.495046463792024
"frikha_2023_pe_ms",2,202,"primary","Podani",-0.416129593039446
"frikha_2023_pe_ms",2,202,"primary","Euclidean",-0.71929616872185
"frikha_2023_pe_ms",2,202,"primary","Cosine",-0.576704892306787
"frikha_2023_pe_ms",2,202,"primary","eJaccard",0.0499064208129885
"frikha_2023_pe_ms",2,202,"primary","eDice",-0.180294068688979
"frikha_2023_pe_ms",2,202,"primary","Recursive Relationality",-0.250886679527677
"frikha_2023_pe_ms",2,202,"pct_cells","Correlation",0.970809580727403
"frikha_2023_pe_ms",2,202,"pct_cells","Original Relationality",0.626766616312377
"frikha_2023_pe_ms",2,202,"pct_cells","ACE",0.847975723384012
"frikha_2023_pe_ms",2,202,"pct_cells","Podani",0.911683125503
"frikha_2023_pe_ms",2,202,"pct_cells","Euclidean",0.799939721537913
"frikha_2023_pe_ms",2,202,"pct_cells","Cosine",0.61418306383503
"frikha_2023_pe_ms",2,202,"pct_cells","eJaccard",0.794220487374012
"frikha_2023_pe_ms",2,202,"pct_cells","eDice",0.501757054231791
"frikha_2023_pe_ms",2,202,"pct_cells","Recursive Relationality",0.959516667489691
"frikha_2023_pe_ms",2,202,"rk_corrected","Correlation",-0.246205739059848
"frikha_2023_pe_ms",2,202,"rk_corrected","Original Relationality",-0.851603603876922
"frikha_2023_pe_ms",2,202,"rk_corrected","ACE",-0.496260492637719
"frikha_2023_pe_ms",2,202,"rk_corrected","Podani",-0.416637334355487
"frikha_2023_pe_ms",2,202,"rk_corrected","Euclidean",-0.721917965596977
"frikha_2023_pe_ms",2,202,"rk_corrected","Cosine",-0.579003847702813
"frikha_2023_pe_ms",2,202,"rk_corrected","eJaccard",0.048298323670056
"frikha_2023_pe_ms",2,202,"rk_corrected","eDice",-0.18131366113544
"frikha_2023_pe_ms",2,202,"rk_corrected","Recursive Relationality",-0.250715407993052
"frikha_2023_pe_ms",2,202,"positional","Correlation",2.08045861772845
"frikha_2023_pe_ms",2,202,"positional","Original Relationality",2.21760176218885
"frikha_2023_pe_ms",2,202,"positional","ACE",1.93569951597062
"frikha_2023_pe_ms",2,202,"positional","Podani",1.62089611243042
"frikha_2023_pe_ms",2,202,"positional","Euclidean",1.80443448499371
"frikha_2023_pe_ms",2,202,"positional","Cosine",1.25159715085674
"frikha_2023_pe_ms",2,202,"positional","eJaccard",2.72251847298399
"frikha_2023_pe_ms",2,202,"positional","eDice",3.04517277333062
"frikha_2023_pe_ms",2,202,"positional","Recursive Relationality",1.81509193687318
"frikha_2023_pe_ms",3,303,"primary","Correlation",-0.245467774273348
"frikha_2023_pe_ms",3,303,"primary","Original Relationality",-0.851324950483059
"frikha_2023_pe_ms",3,303,"primary","ACE",-0.495046463792024
"frikha_2023_pe_ms",3,303,"primary","Podani",-0.416129593039446
"frikha_2023_pe_ms",3,303,"primary","Euclidean",-0.71929616872185
"frikha_2023_pe_ms",3,303,"primary","Cosine",-0.576704892306787
"frikha_2023_pe_ms",3,303,"primary","eJaccard",0.0499064208129885
"frikha_2023_pe_ms",3,303,"primary","eDice",-0.180294068688979
"frikha_2023_pe_ms",3,303,"primary","Recursive Relationality",-0.250886679527677
"frikha_2023_pe_ms",3,303,"pct_cells","Correlation",0.970809580727403
"frikha_2023_pe_ms",3,303,"pct_cells","Original Relationality",0.626766616312377
"frikha_2023_pe_ms",3,303,"pct_cells","ACE",0.847975723384012
"frikha_2023_pe_ms",3,303,"pct_cells","Podani",0.911683125503
"frikha_2023_pe_ms",3,303,"pct_cells","Euclidean",0.799939721537913
"frikha_2023_pe_ms",3,303,"pct_cells","Cosine",0.61418306383503
"frikha_2023_pe_ms",3,303,"pct_cells","eJaccard",0.794220487374012
"frikha_2023_pe_ms",3,303,"pct_cells","eDice",0.501757054231791
"frikha_2023_pe_ms",3,303,"pct_cells","Recursive Relationality",0.959516667489691
"frikha_2023_pe_ms",3,303,"rk_corrected","Correlation",-0.246205739059848
"frikha_2023_pe_ms",3,303,"rk_corrected","Original Relationality",-0.851603603876922
"frikha_2023_pe_ms",3,303,"rk_corrected","ACE",-0.496260492637719
"frikha_2023_pe_ms",3,303,"rk_corrected","Podani",-0.416637334355487
"frikha_2023_pe_ms",3,303,"rk_corrected","Euclidean",-0.721917965596977
"frikha_2023_pe_ms",3,303,"rk_corrected","Cosine",-0.579003847702813
"frikha_2023_pe_ms",3,303,"rk_corrected","eJaccard",0.048298323670056
"frikha_2023_pe_ms",3,303,"rk_corrected","eDice",-0.18131366113544
"frikha_2023_pe_ms",3,303,"rk_corrected","Recursive Relationality",-0.250715407993052
"frikha_2023_pe_ms",3,303,"positional","Correlation",2.08045861772845
"frikha_2023_pe_ms",3,303,"positional","Original Relationality",2.21760176218885
"frikha_2023_pe_ms",3,303,"positional","ACE",1.93569951597062
"frikha_2023_pe_ms",3,303,"positional","Podani",1.62089611243042
"frikha_2023_pe_ms",3,303,"positional","Euclidean",1.80443448499371
"frikha_2023_pe_ms",3,303,"positional","Cosine",1.25159715085674
"frikha_2023_pe_ms",3,303,"positional","eJaccard",2.72251847298399
"frikha_2023_pe_ms",3,303,"positional","eDice",3.04517277333062
"frikha_2023_pe_ms",3,303,"positional","Recursive Relationality",1.81509193687318
"fukuda_2021_info_reliability",1,101,"primary","Correlation",-0.219092316945286
"fukuda_2021_info_reliability",1,101,"primary","Original Relationality",-0.708779284707671
"fukuda_2021_info_reliability",1,101,"primary","ACE",-0.430011031126292
"fukuda_2021_info_reliability",1,101,"primary","Podani",-0.384187413614507
"fukuda_2021_info_reliability",1,101,"primary","Euclidean",-0.714619310729441
"fukuda_2021_info_reliability",1,101,"primary","Cosine",-0.45626494327059
"fukuda_2021_info_reliability",1,101,"primary","eJaccard",-0.036721183244838
"fukuda_2021_info_reliability",1,101,"primary","eDice",-0.142789834868055
"fukuda_2021_info_reliability",1,101,"primary","Recursive Relationality",-0.202476058431696
"fukuda_2021_info_reliability",1,101,"pct_cells","Correlation",0.874770521872841
"fukuda_2021_info_reliability",1,101,"pct_cells","Original Relationality",0.620546983384356
"fukuda_2021_info_reliability",1,101,"pct_cells","ACE",0.777840168454089
"fukuda_2021_info_reliability",1,101,"pct_cells","Podani",0.809985102836528
"fukuda_2021_info_reliability",1,101,"pct_cells","Euclidean",0.651710233203328
"fukuda_2021_info_reliability",1,101,"pct_cells","Cosine",0.614763860368364
"fukuda_2021_info_reliability",1,101,"pct_cells","eJaccard",0.632679997721985
"fukuda_2021_info_reliability",1,101,"pct_cells","eDice",0.470614973229145
"fukuda_2021_info_reliability",1,101,"pct_cells","Recursive Relationality",0.886103972956428
"fukuda_2021_info_reliability",1,101,"rk_corrected","Correlation",-0.156704758231817
"fukuda_2021_info_reliability",1,101,"rk_corrected","Original Relationality",-0.685221920876283
"fukuda_2021_info_reliability",1,101,"rk_corrected","ACE",-0.327377006744385
"fukuda_2021_info_reliability",1,101,"rk_corrected","Podani",-0.341262951980009
"fukuda_2021_info_reliability",1,101,"rk_corrected","Euclidean",-0.492972547260661
"fukuda_2021_info_reliability",1,101,"rk_corrected","Cosine",-0.261911205297018
"fukuda_2021_info_reliability",1,101,"rk_corrected","eJaccard",0.0992273833492429
"fukuda_2021_info_reliability",1,101,"rk_corrected","eDice",-0.0565934678041409
"fukuda_2021_info_reliability",1,101,"rk_corrected","Recursive Relationality",-0.21695535760395
"fukuda_2021_info_reliability",1,101,"positional","Correlation",1.71159022516656
"fukuda_2021_info_reliability",1,101,"positional","Original Relationality",1.8217675323442
"fukuda_2021_info_reliability",1,101,"positional","ACE",1.59084120485528
"fukuda_2021_info_reliability",1,101,"positional","Podani",1.33543206234395
"fukuda_2021_info_reliability",1,101,"positional","Euclidean",1.4015755415501
"fukuda_2021_info_reliability",1,101,"positional","Cosine",1.09215938792466
"fukuda_2021_info_reliability",1,101,"positional","eJaccard",2.09838438143312
"fukuda_2021_info_reliability",1,101,"positional","eDice",2.40331328204276
"fukuda_2021_info_reliability",1,101,"positional","Recursive Relationality",1.52304259900253
"fukuda_2021_info_reliability",2,202,"primary","Correlation",-0.219092316945286
"fukuda_2021_info_reliability",2,202,"primary","Original Relationality",-0.708779284707671
"fukuda_2021_info_reliability",2,202,"primary","ACE",-0.430011031126292
"fukuda_2021_info_reliability",2,202,"primary","Podani",-0.384187413614507
"fukuda_2021_info_reliability",2,202,"primary","Euclidean",-0.714619310729441
"fukuda_2021_info_reliability",2,202,"primary","Cosine",-0.45626494327059
"fukuda_2021_info_reliability",2,202,"primary","eJaccard",-0.036721183244838
"fukuda_2021_info_reliability",2,202,"primary","eDice",-0.142789834868055
"fukuda_2021_info_reliability",2,202,"primary","Recursive Relationality",-0.202476058431696
"fukuda_2021_info_reliability",2,202,"pct_cells","Correlation",0.874770521872841
"fukuda_2021_info_reliability",2,202,"pct_cells","Original Relationality",0.620546983384356
"fukuda_2021_info_reliability",2,202,"pct_cells","ACE",0.777840168454089
"fukuda_2021_info_reliability",2,202,"pct_cells","Podani",0.809985102836528
"fukuda_2021_info_reliability",2,202,"pct_cells","Euclidean",0.651710233203328
"fukuda_2021_info_reliability",2,202,"pct_cells","Cosine",0.614763860368364
"fukuda_2021_info_reliability",2,202,"pct_cells","eJaccard",0.632679997721985
"fukuda_2021_info_reliability",2,202,"pct_cells","eDice",0.470614973229145
"fukuda_2021_info_reliability",2,202,"pct_cells","Recursive Relationality",0.886103972956428
"fukuda_2021_info_reliability",2,202,"rk_corrected","Correlation",-0.156704758231817
"fukuda_2021_info_reliability",2,202,"rk_corrected","Original Relationality",-0.685221920876283
"fukuda_2021_info_reliability",2,202,"rk_corrected","ACE",-0.327377006744385
"fukuda_2021_info_reliability",2,202,"rk_corrected","Podani",-0.341262951980009
"fukuda_2021_info_reliability",2,202,"rk_corrected","Euclidean",-0.492972547260661
"fukuda_2021_info_reliability",2,202,"rk_corrected","Cosine",-0.261911205297018
"fukuda_2021_info_reliability",2,202,"rk_corrected","eJaccard",0.0992273833492429
"fukuda_2021_info_reliability",2,202,"rk_corrected","eDice",-0.0565934678041409
"fukuda_2021_info_reliability",2,202,"rk_corrected","Recursive Relationality",-0.21695535760395
"fukuda_2021_info_reliability",2,202,"positional","Correlation",1.71159022516656
"fukuda_2021_info_reliability",2,202,"positional","Original Relationality",1.8217675323442
"fukuda_2021_info_reliability",2,202,"positional","ACE",1.59084120485528
"fukuda_2021_info_reliability",2,202,"positional","Podani",1.33543206234395
"fukuda_2021_info_reliability",2,202,"positional","Euclidean",1.4015755415501
"fukuda_2021_info_reliability",2,202,"positional","Cosine",1.09215938792466
"fukuda_2021_info_reliability",2,202,"positional","eJaccard",2.09838438143312
"fukuda_2021_info_reliability",2,202,"positional","eDice",2.40331328204276
"fukuda_2021_info_reliability",2,202,"positional","Recursive Relationality",1.52304259900253
"fukuda_2021_info_reliability",3,303,"primary","Correlation",-0.219092316945286
"fukuda_2021_info_reliability",3,303,"primary","Original Relationality",-0.708779284707671
"fukuda_2021_info_reliability",3,303,"primary","ACE",-0.430011031126292
"fukuda_2021_info_reliability",3,303,"primary","Podani",-0.384187413614507
"fukuda_2021_info_reliability",3,303,"primary","Euclidean",-0.714619310729441
"fukuda_2021_info_reliability",3,303,"primary","Cosine",-0.45626494327059
"fukuda_2021_info_reliability",3,303,"primary","eJaccard",-0.036721183244838
"fukuda_2021_info_reliability",3,303,"primary","eDice",-0.142789834868055
"fukuda_2021_info_reliability",3,303,"primary","Recursive Relationality",-0.202476058431696
"fukuda_2021_info_reliability",3,303,"pct_cells","Correlation",0.874770521872841
"fukuda_2021_info_reliability",3,303,"pct_cells","Original Relationality",0.620546983384356
"fukuda_2021_info_reliability",3,303,"pct_cells","ACE",0.777840168454089
"fukuda_2021_info_reliability",3,303,"pct_cells","Podani",0.809985102836528
"fukuda_2021_info_reliability",3,303,"pct_cells","Euclidean",0.651710233203328
"fukuda_2021_info_reliability",3,303,"pct_cells","Cosine",0.614763860368364
"fukuda_2021_info_reliability",3,303,"pct_cells","eJaccard",0.632679997721985
"fukuda_2021_info_reliability",3,303,"pct_cells","eDice",0.470614973229145
"fukuda_2021_info_reliability",3,303,"pct_cells","Recursive Relationality",0.886103972956428
"fukuda_2021_info_reliability",3,303,"rk_corrected","Correlation",-0.156704758231817
"fukuda_2021_info_reliability",3,303,"rk_corrected","Original Relationality",-0.685221920876283
"fukuda_2021_info_reliability",3,303,"rk_corrected","ACE",-0.327377006744385
"fukuda_2021_info_reliability",3,303,"rk_corrected","Podani",-0.341262951980009
"fukuda_2021_info_reliability",3,303,"rk_corrected","Euclidean",-0.492972547260661
"fukuda_2021_info_reliability",3,303,"rk_corrected","Cosine",-0.261911205297018
"fukuda_2021_info_reliability",3,303,"rk_corrected","eJaccard",0.0992273833492429
"fukuda_2021_info_reliability",3,303,"rk_corrected","eDice",-0.0565934678041409
"fukuda_2021_info_reliability",3,303,"rk_corrected","Recursive Relationality",-0.21695535760395
"fukuda_2021_info_reliability",3,303,"positional","Correlation",1.71159022516656
"fukuda_2021_info_reliability",3,303,"positional","Original Relationality",1.8217675323442
"fukuda_2021_info_reliability",3,303,"positional","ACE",1.59084120485528
"fukuda_2021_info_reliability",3,303,"positional","Podani",1.33543206234395
"fukuda_2021_info_reliability",3,303,"positional","Euclidean",1.4015755415501
"fukuda_2021_info_reliability",3,303,"positional","Cosine",1.09215938792466
"fukuda_2021_info_reliability",3,303,"positional","eJaccard",2.09838438143312
"fukuda_2021_info_reliability",3,303,"positional","eDice",2.40331328204276
"fukuda_2021_info_reliability",3,303,"positional","Recursive Relationality",1.52304259900253
"gillman_2023_pss",1,101,"primary","Correlation",-0.235017718721582
"gillman_2023_pss",1,101,"primary","Original Relationality",-0.646724458285474
"gillman_2023_pss",1,101,"primary","ACE",-0.453667696259178
"gillman_2023_pss",1,101,"primary","Podani",-0.41034847461436
"gillman_2023_pss",1,101,"primary","Euclidean",-0.711516146954905
"gillman_2023_pss",1,101,"primary","Cosine",-0.455699822750965
"gillman_2023_pss",1,101,"primary","eJaccard",-0.00482000446831781
"gillman_2023_pss",1,101,"primary","eDice",-0.0280105570402695
"gillman_2023_pss",1,101,"primary","Recursive Relationality",-0.22179971013549
"gillman_2023_pss",1,101,"pct_cells","Correlation",0.859746471733921
"gillman_2023_pss",1,101,"pct_cells","Original Relationality",0.6836971851734
"gillman_2023_pss",1,101,"pct_cells","ACE",0.755178782270091
"gillman_2023_pss",1,101,"pct_cells","Podani",0.784808049442395
"gillman_2023_pss",1,101,"pct_cells","Euclidean",0.655939263336893
"gillman_2023_pss",1,101,"pct_cells","Cosine",0.61621151709964
"gillman_2023_pss",1,101,"pct_cells","eJaccard",0.665132768370094
"gillman_2023_pss",1,101,"pct_cells","eDice",0.585899701474049
"gillman_2023_pss",1,101,"pct_cells","Recursive Relationality",0.867677319814872
"gillman_2023_pss",1,101,"rk_corrected","Correlation",-0.222275148347018
"gillman_2023_pss",1,101,"rk_corrected","Original Relationality",-0.641912900137489
"gillman_2023_pss",1,101,"rk_corrected","ACE",-0.432704842358808
"gillman_2023_pss",1,101,"rk_corrected","Podani",-0.401581214211048
"gillman_2023_pss",1,101,"rk_corrected","Euclidean",-0.66624510990781
"gillman_2023_pss",1,101,"rk_corrected","Cosine",-0.416003347447899
"gillman_2023_pss",1,101,"rk_corrected","eJaccard",0.0229472974243939
"gillman_2023_pss",1,101,"rk_corrected","eDice",-0.010405071331361
"gillman_2023_pss",1,101,"rk_corrected","Recursive Relationality",-0.224757086453486
"gillman_2023_pss",1,101,"positional","Correlation",1.17195750654905
"gillman_2023_pss",1,101,"positional","Original Relationality",1.10963106513816
"gillman_2023_pss",1,101,"positional","ACE",1.02505421533283
"gillman_2023_pss",1,101,"positional","Podani",0.939985111011573
"gillman_2023_pss",1,101,"positional","Euclidean",0.916909530146914
"gillman_2023_pss",1,101,"positional","Cosine",0.814359670446329
"gillman_2023_pss",1,101,"positional","eJaccard",1.25206391367237
"gillman_2023_pss",1,101,"positional","eDice",1.321799989285
"gillman_2023_pss",1,101,"positional","Recursive Relationality",1.08952369723279
"gillman_2023_pss",2,202,"primary","Correlation",-0.235017718721582
"gillman_2023_pss",2,202,"primary","Original Relationality",-0.646724458285474
"gillman_2023_pss",2,202,"primary","ACE",-0.453667696259178
"gillman_2023_pss",2,202,"primary","Podani",-0.41034847461436
"gillman_2023_pss",2,202,"primary","Euclidean",-0.711516146954905
"gillman_2023_pss",2,202,"primary","Cosine",-0.455699822750965
"gillman_2023_pss",2,202,"primary","eJaccard",-0.00482000446831781
"gillman_2023_pss",2,202,"primary","eDice",-0.0280105570402695
"gillman_2023_pss",2,202,"primary","Recursive Relationality",-0.22179971013549
"gillman_2023_pss",2,202,"pct_cells","Correlation",0.859746471733921
"gillman_2023_pss",2,202,"pct_cells","Original Relationality",0.6836971851734
"gillman_2023_pss",2,202,"pct_cells","ACE",0.755178782270091
"gillman_2023_pss",2,202,"pct_cells","Podani",0.784808049442395
"gillman_2023_pss",2,202,"pct_cells","Euclidean",0.655939263336893
"gillman_2023_pss",2,202,"pct_cells","Cosine",0.61621151709964
"gillman_2023_pss",2,202,"pct_cells","eJaccard",0.665132768370094
"gillman_2023_pss",2,202,"pct_cells","eDice",0.585899701474049
"gillman_2023_pss",2,202,"pct_cells","Recursive Relationality",0.867677319814872
"gillman_2023_pss",2,202,"rk_corrected","Correlation",-0.222275148347018
"gillman_2023_pss",2,202,"rk_corrected","Original Relationality",-0.641912900137489
"gillman_2023_pss",2,202,"rk_corrected","ACE",-0.432704842358808
"gillman_2023_pss",2,202,"rk_corrected","Podani",-0.401581214211048
"gillman_2023_pss",2,202,"rk_corrected","Euclidean",-0.66624510990781
"gillman_2023_pss",2,202,"rk_corrected","Cosine",-0.416003347447899
"gillman_2023_pss",2,202,"rk_corrected","eJaccard",0.0229472974243939
"gillman_2023_pss",2,202,"rk_corrected","eDice",-0.010405071331361
"gillman_2023_pss",2,202,"rk_corrected","Recursive Relationality",-0.224757086453486
"gillman_2023_pss",2,202,"positional","Correlation",1.17195750654905
"gillman_2023_pss",2,202,"positional","Original Relationality",1.10963106513816
"gillman_2023_pss",2,202,"positional","ACE",1.02505421533283
"gillman_2023_pss",2,202,"positional","Podani",0.939985111011573
"gillman_2023_pss",2,202,"positional","Euclidean",0.916909530146914
"gillman_2023_pss",2,202,"positional","Cosine",0.814359670446329
"gillman_2023_pss",2,202,"positional","eJaccard",1.25206391367237
"gillman_2023_pss",2,202,"positional","eDice",1.321799989285
"gillman_2023_pss",2,202,"positional","Recursive Relationality",1.08952369723279
"gillman_2023_pss",3,303,"primary","Correlation",-0.235017718721582
"gillman_2023_pss",3,303,"primary","Original Relationality",-0.646724458285474
"gillman_2023_pss",3,303,"primary","ACE",-0.453667696259178
"gillman_2023_pss",3,303,"primary","Podani",-0.41034847461436
"gillman_2023_pss",3,303,"primary","Euclidean",-0.711516146954905
"gillman_2023_pss",3,303,"primary","Cosine",-0.455699822750965
"gillman_2023_pss",3,303,"primary","eJaccard",-0.00482000446831781
"gillman_2023_pss",3,303,"primary","eDice",-0.0280105570402695
"gillman_2023_pss",3,303,"primary","Recursive Relationality",-0.22179971013549
"gillman_2023_pss",3,303,"pct_cells","Correlation",0.859746471733921
"gillman_2023_pss",3,303,"pct_cells","Original Relationality",0.6836971851734
"gillman_2023_pss",3,303,"pct_cells","ACE",0.755178782270091
"gillman_2023_pss",3,303,"pct_cells","Podani",0.784808049442395
"gillman_2023_pss",3,303,"pct_cells","Euclidean",0.655939263336893
"gillman_2023_pss",3,303,"pct_cells","Cosine",0.61621151709964
"gillman_2023_pss",3,303,"pct_cells","eJaccard",0.665132768370094
"gillman_2023_pss",3,303,"pct_cells","eDice",0.585899701474049
"gillman_2023_pss",3,303,"pct_cells","Recursive Relationality",0.867677319814872
"gillman_2023_pss",3,303,"rk_corrected","Correlation",-0.222275148347018
"gillman_2023_pss",3,303,"rk_corrected","Original Relationality",-0.641912900137489
"gillman_2023_pss",3,303,"rk_corrected","ACE",-0.432704842358808
"gillman_2023_pss",3,303,"rk_corrected","Podani",-0.401581214211048
"gillman_2023_pss",3,303,"rk_corrected","Euclidean",-0.66624510990781
"gillman_2023_pss",3,303,"rk_corrected","Cosine",-0.416003347447899
"gillman_2023_pss",3,303,"rk_corrected","eJaccard",0.0229472974243939
"gillman_2023_pss",3,303,"rk_corrected","eDice",-0.010405071331361
"gillman_2023_pss",3,303,"rk_corrected","Recursive Relationality",-0.224757086453486
"gillman_2023_pss",3,303,"positional","Correlation",1.17195750654905
"gillman_2023_pss",3,303,"positional","Original Relationality",1.10963106513816
"gillman_2023_pss",3,303,"positional","ACE",1.02505421533283
"gillman_2023_pss",3,303,"positional","Podani",0.939985111011573
"gillman_2023_pss",3,303,"positional","Euclidean",0.916909530146914
"gillman_2023_pss",3,303,"positional","Cosine",0.814359670446329
"gillman_2023_pss",3,303,"positional","eJaccard",1.25206391367237
"gillman_2023_pss",3,303,"positional","eDice",1.321799989285
"gillman_2023_pss",3,303,"positional","Recursive Relationality",1.08952369723279
"goksel_2026_embarrassment_puremorality",1,101,"primary","Correlation",-0.26387872671948
"goksel_2026_embarrassment_puremorality",1,101,"primary","Original Relationality",-0.663778888565846
"goksel_2026_embarrassment_puremorality",1,101,"primary","ACE",-0.484964548765257
"goksel_2026_embarrassment_puremorality",1,101,"primary","Podani",-0.41759234875974
"goksel_2026_embarrassment_puremorality",1,101,"primary","Euclidean",-0.780352990870763
"goksel_2026_embarrassment_puremorality",1,101,"primary","Cosine",-0.409305226131428
"goksel_2026_embarrassment_puremorality",1,101,"primary","eJaccard",-0.0899326357835663
"goksel_2026_embarrassment_puremorality",1,101,"primary","eDice",-0.102363253346478
"goksel_2026_embarrassment_puremorality",1,101,"primary","Recursive Relationality",-0.234017691479157
"goksel_2026_embarrassment_puremorality",1,101,"pct_cells","Correlation",0.831204770642922
"goksel_2026_embarrassment_puremorality",1,101,"pct_cells","Original Relationality",0.667030795371103
"goksel_2026_embarrassment_puremorality",1,101,"pct_cells","ACE",0.724234510742948
"goksel_2026_embarrassment_puremorality",1,101,"pct_cells","Podani",0.777912763364001
"goksel_2026_embarrassment_puremorality",1,101,"pct_cells","Euclidean",0.587501261437598
"goksel_2026_embarrassment_puremorality",1,101,"pct_cells","Cosine",0.662918755197024
"goksel_2026_embarrassment_puremorality",1,101,"pct_cells","eJaccard",0.580215540365922
"goksel_2026_embarrassment_puremorality",1,101,"pct_cells","eDice",0.511726062710523
"goksel_2026_embarrassment_puremorality",1,101,"pct_cells","Recursive Relationality",0.855777103286316
"goksel_2026_embarrassment_puremorality",1,101,"rk_corrected","Correlation",-0.246184257897335
"goksel_2026_embarrassment_puremorality",1,101,"rk_corrected","Original Relationality",-0.657097507719372
"goksel_2026_embarrassment_puremorality",1,101,"rk_corrected","ACE",-0.455855306763056
"goksel_2026_embarrassment_puremorality",1,101,"rk_corrected","Podani",-0.405418037666926
"goksel_2026_embarrassment_puremorality",1,101,"rk_corrected","Euclidean",-0.717489147075559
"goksel_2026_embarrassment_puremorality",1,101,"rk_corrected","Cosine",-0.354182278095665
"goksel_2026_embarrassment_puremorality",1,101,"rk_corrected","eJaccard",-0.0513746648896854
"goksel_2026_embarrassment_puremorality",1,101,"rk_corrected","eDice",-0.0779160885423634
"goksel_2026_embarrassment_puremorality",1,101,"rk_corrected","Recursive Relationality",-0.238124335705238
"goksel_2026_embarrassment_puremorality",1,101,"positional","Correlation",1.47430234707136
"goksel_2026_embarrassment_puremorality",1,101,"positional","Original Relationality",1.5555840498881
"goksel_2026_embarrassment_puremorality",1,101,"positional","ACE",1.33152294415673
"goksel_2026_embarrassment_puremorality",1,101,"positional","Podani",1.14788929588062
"goksel_2026_embarrassment_puremorality",1,101,"positional","Euclidean",1.14621060164277
"goksel_2026_embarrassment_puremorality",1,101,"positional","Cosine",1.06258204507697
"goksel_2026_embarrassment_puremorality",1,101,"positional","eJaccard",1.7181206609516
"goksel_2026_embarrassment_puremorality",1,101,"positional","eDice",1.9789143055265
"goksel_2026_embarrassment_puremorality",1,101,"positional","Recursive Relationality",1.34819217224899
"goksel_2026_embarrassment_puremorality",2,202,"primary","Correlation",-0.26387872671948
"goksel_2026_embarrassment_puremorality",2,202,"primary","Original Relationality",-0.663778888565846
"goksel_2026_embarrassment_puremorality",2,202,"primary","ACE",-0.484964548765257
"goksel_2026_embarrassment_puremorality",2,202,"primary","Podani",-0.41759234875974
"goksel_2026_embarrassment_puremorality",2,202,"primary","Euclidean",-0.780352990870763
"goksel_2026_embarrassment_puremorality",2,202,"primary","Cosine",-0.409305226131428
"goksel_2026_embarrassment_puremorality",2,202,"primary","eJaccard",-0.0899326357835663
"goksel_2026_embarrassment_puremorality",2,202,"primary","eDice",-0.102363253346478
"goksel_2026_embarrassment_puremorality",2,202,"primary","Recursive Relationality",-0.234017691479157
"goksel_2026_embarrassment_puremorality",2,202,"pct_cells","Correlation",0.831204770642922
"goksel_2026_embarrassment_puremorality",2,202,"pct_cells","Original Relationality",0.667030795371103
"goksel_2026_embarrassment_puremorality",2,202,"pct_cells","ACE",0.724234510742948
"goksel_2026_embarrassment_puremorality",2,202,"pct_cells","Podani",0.777912763364001
"goksel_2026_embarrassment_puremorality",2,202,"pct_cells","Euclidean",0.587501261437598
"goksel_2026_embarrassment_puremorality",2,202,"pct_cells","Cosine",0.662918755197024
"goksel_2026_embarrassment_puremorality",2,202,"pct_cells","eJaccard",0.580215540365922
"goksel_2026_embarrassment_puremorality",2,202,"pct_cells","eDice",0.511726062710523
"goksel_2026_embarrassment_puremorality",2,202,"pct_cells","Recursive Relationality",0.855777103286316
"goksel_2026_embarrassment_puremorality",2,202,"rk_corrected","Correlation",-0.246184257897335
"goksel_2026_embarrassment_puremorality",2,202,"rk_corrected","Original Relationality",-0.657097507719372
"goksel_2026_embarrassment_puremorality",2,202,"rk_corrected","ACE",-0.455855306763056
"goksel_2026_embarrassment_puremorality",2,202,"rk_corrected","Podani",-0.405418037666926
"goksel_2026_embarrassment_puremorality",2,202,"rk_corrected","Euclidean",-0.717489147075559
"goksel_2026_embarrassment_puremorality",2,202,"rk_corrected","Cosine",-0.354182278095665
"goksel_2026_embarrassment_puremorality",2,202,"rk_corrected","eJaccard",-0.0513746648896854
"goksel_2026_embarrassment_puremorality",2,202,"rk_corrected","eDice",-0.0779160885423634
"goksel_2026_embarrassment_puremorality",2,202,"rk_corrected","Recursive Relationality",-0.238124335705238
"goksel_2026_embarrassment_puremorality",2,202,"positional","Correlation",1.47430234707136
"goksel_2026_embarrassment_puremorality",2,202,"positional","Original Relationality",1.5555840498881
"goksel_2026_embarrassment_puremorality",2,202,"positional","ACE",1.33152294415673
"goksel_2026_embarrassment_puremorality",2,202,"positional","Podani",1.14788929588062
"goksel_2026_embarrassment_puremorality",2,202,"positional","Euclidean",1.14621060164277
"goksel_2026_embarrassment_puremorality",2,202,"positional","Cosine",1.06258204507697
"goksel_2026_embarrassment_puremorality",2,202,"positional","eJaccard",1.7181206609516
"goksel_2026_embarrassment_puremorality",2,202,"positional","eDice",1.9789143055265
"goksel_2026_embarrassment_puremorality",2,202,"positional","Recursive Relationality",1.34819217224899
"goksel_2026_embarrassment_puremorality",3,303,"primary","Correlation",-0.26387872671948
"goksel_2026_embarrassment_puremorality",3,303,"primary","Original Relationality",-0.663778888565846
"goksel_2026_embarrassment_puremorality",3,303,"primary","ACE",-0.484964548765257
"goksel_2026_embarrassment_puremorality",3,303,"primary","Podani",-0.41759234875974
"goksel_2026_embarrassment_puremorality",3,303,"primary","Euclidean",-0.780352990870763
"goksel_2026_embarrassment_puremorality",3,303,"primary","Cosine",-0.409305226131428
"goksel_2026_embarrassment_puremorality",3,303,"primary","eJaccard",-0.0899326357835663
"goksel_2026_embarrassment_puremorality",3,303,"primary","eDice",-0.102363253346478
"goksel_2026_embarrassment_puremorality",3,303,"primary","Recursive Relationality",-0.234017691479157
"goksel_2026_embarrassment_puremorality",3,303,"pct_cells","Correlation",0.831204770642922
"goksel_2026_embarrassment_puremorality",3,303,"pct_cells","Original Relationality",0.667030795371103
"goksel_2026_embarrassment_puremorality",3,303,"pct_cells","ACE",0.724234510742948
"goksel_2026_embarrassment_puremorality",3,303,"pct_cells","Podani",0.777912763364001
"goksel_2026_embarrassment_puremorality",3,303,"pct_cells","Euclidean",0.587501261437598
"goksel_2026_embarrassment_puremorality",3,303,"pct_cells","Cosine",0.662918755197024
"goksel_2026_embarrassment_puremorality",3,303,"pct_cells","eJaccard",0.580215540365922
"goksel_2026_embarrassment_puremorality",3,303,"pct_cells","eDice",0.511726062710523
"goksel_2026_embarrassment_puremorality",3,303,"pct_cells","Recursive Relationality",0.855777103286316
"goksel_2026_embarrassment_puremorality",3,303,"rk_corrected","Correlation",-0.246184257897335
"goksel_2026_embarrassment_puremorality",3,303,"rk_corrected","Original Relationality",-0.657097507719372
"goksel_2026_embarrassment_puremorality",3,303,"rk_corrected","ACE",-0.455855306763056
"goksel_2026_embarrassment_puremorality",3,303,"rk_corrected","Podani",-0.405418037666926
"goksel_2026_embarrassment_puremorality",3,303,"rk_corrected","Euclidean",-0.717489147075559
"goksel_2026_embarrassment_puremorality",3,303,"rk_corrected","Cosine",-0.354182278095665
"goksel_2026_embarrassment_puremorality",3,303,"rk_corrected","eJaccard",-0.0513746648896854
"goksel_2026_embarrassment_puremorality",3,303,"rk_corrected","eDice",-0.0779160885423634
"goksel_2026_embarrassment_puremorality",3,303,"rk_corrected","Recursive Relationality",-0.238124335705238
"goksel_2026_embarrassment_puremorality",3,303,"positional","Correlation",1.47430234707136
"goksel_2026_embarrassment_puremorality",3,303,"positional","Original Relationality",1.5555840498881
"goksel_2026_embarrassment_puremorality",3,303,"positional","ACE",1.33152294415673
"goksel_2026_embarrassment_puremorality",3,303,"positional","Podani",1.14788929588062
"goksel_2026_embarrassment_puremorality",3,303,"positional","Euclidean",1.14621060164277
"goksel_2026_embarrassment_puremorality",3,303,"positional","Cosine",1.06258204507697
"goksel_2026_embarrassment_puremorality",3,303,"positional","eJaccard",1.7181206609516
"goksel_2026_embarrassment_puremorality",3,303,"positional","eDice",1.9789143055265
"goksel_2026_embarrassment_puremorality",3,303,"positional","Recursive Relationality",1.34819217224899
"grit_brummerhoffman_2021",1,101,"primary","Correlation",0.869287251193373
"grit_brummerhoffman_2021",1,101,"primary","Original Relationality",0.731893218865618
"grit_brummerhoffman_2021",1,101,"primary","ACE",0.768112347895215
"grit_brummerhoffman_2021",1,101,"primary","Podani",0.802852440713531
"grit_brummerhoffman_2021",1,101,"primary","Euclidean",0.641880334615118
"grit_brummerhoffman_2021",1,101,"primary","Cosine",0.673415775962388
"grit_brummerhoffman_2021",1,101,"primary","eJaccard",0.653821281356453
"grit_brummerhoffman_2021",1,101,"primary","eDice",0.603491433584982
"grit_brummerhoffman_2021",1,101,"primary","Recursive Relationality",0.888462515105905
"grit_brummerhoffman_2021",1,101,"pct_cells","Correlation",0.869287251193373
"grit_brummerhoffman_2021",1,101,"pct_cells","Original Relationality",0.731893218865618
"grit_brummerhoffman_2021",1,101,"pct_cells","ACE",0.768112347895215
"grit_brummerhoffman_2021",1,101,"pct_cells","Podani",0.802852440713531
"grit_brummerhoffman_2021",1,101,"pct_cells","Euclidean",0.641880334615118
"grit_brummerhoffman_2021",1,101,"pct_cells","Cosine",0.673415775962388
"grit_brummerhoffman_2021",1,101,"pct_cells","eJaccard",0.653821281356453
"grit_brummerhoffman_2021",1,101,"pct_cells","eDice",0.603491433584982
"grit_brummerhoffman_2021",1,101,"pct_cells","Recursive Relationality",0.888462515105905
"grit_brummerhoffman_2021",1,101,"rk_corrected","Correlation",0.870132883235256
"grit_brummerhoffman_2021",1,101,"rk_corrected","Original Relationality",0.73221252710734
"grit_brummerhoffman_2021",1,101,"rk_corrected","ACE",0.769503500576848
"grit_brummerhoffman_2021",1,101,"rk_corrected","Podani",0.803434260244336
"grit_brummerhoffman_2021",1,101,"rk_corrected","Euclidean",0.64488464523464
"grit_brummerhoffman_2021",1,101,"rk_corrected","Cosine",0.676050143321513
"grit_brummerhoffman_2021",1,101,"rk_corrected","eJaccard",0.65566399593498
"grit_brummerhoffman_2021",1,101,"rk_corrected","eDice",0.604659782072826
"grit_brummerhoffman_2021",1,101,"rk_corrected","Recursive Relationality",0.888266255473751
"grit_brummerhoffman_2021",1,101,"positional","Correlation",2.45410394523885
"grit_brummerhoffman_2021",1,101,"positional","Original Relationality",3.02005887043668
"grit_brummerhoffman_2021",1,101,"positional","ACE",2.39813824413866
"grit_brummerhoffman_2021",1,101,"positional","Podani",1.88098932698355
"grit_brummerhoffman_2021",1,101,"positional","Euclidean",2.09148628552889
"grit_brummerhoffman_2021",1,101,"positional","Cosine",1.56916955420533
"grit_brummerhoffman_2021",1,101,"positional","eJaccard",3.30304849231713
"grit_brummerhoffman_2021",1,101,"positional","eDice",4.17894024357478
"grit_brummerhoffman_2021",1,101,"positional","Recursive Relationality",2.15798356441788
"hao_2025_self_efficacy",1,101,"primary","Correlation",-1.28782100750748
"hao_2025_self_efficacy",1,101,"primary","Original Relationality",-2.01626125191104
"hao_2025_self_efficacy",1,101,"primary","ACE",-1.60063419773899
"hao_2025_self_efficacy",1,101,"primary","Podani",-1.55052397421622
"hao_2025_self_efficacy",1,101,"primary","Euclidean",-2.10045611901422
"hao_2025_self_efficacy",1,101,"primary","Cosine",-1.48770860379172
"hao_2025_self_efficacy",1,101,"primary","eJaccard",-0.721422884060467
"hao_2025_self_efficacy",1,101,"primary","eDice",-0.776804533746715
"hao_2025_self_efficacy",1,101,"primary","Recursive Relationality",-1.25272965345001
"hao_2025_self_efficacy",1,101,"pct_cells","Correlation",0.90185314232247
"hao_2025_self_efficacy",1,101,"pct_cells","Original Relationality",0.644759181945196
"hao_2025_self_efficacy",1,101,"pct_cells","ACE",0.817219718406333
"hao_2025_self_efficacy",1,101,"pct_cells","Podani",0.8399482101533
"hao_2025_self_efficacy",1,101,"pct_cells","Euclidean",0.634636779590019
"hao_2025_self_efficacy",1,101,"pct_cells","Cosine",0.656256801949099
"hao_2025_self_efficacy",1,101,"pct_cells","eJaccard",0.618571866481013
"hao_2025_self_efficacy",1,101,"pct_cells","eDice",0.451097726031177
"hao_2025_self_efficacy",1,101,"pct_cells","Recursive Relationality",0.926369471379085
"hao_2025_self_efficacy",1,101,"rk_corrected","Correlation",-1.27382025508837
"hao_2025_self_efficacy",1,101,"rk_corrected","Original Relationality",-2.01097460781963
"hao_2025_self_efficacy",1,101,"rk_corrected","ACE",-1.57760150348424
"hao_2025_self_efficacy",1,101,"rk_corrected","Podani",-1.54089104783697
"hao_2025_self_efficacy",1,101,"rk_corrected","Euclidean",-2.05071508852967
"hao_2025_self_efficacy",1,101,"rk_corrected","Cosine",-1.44409255881081
"hao_2025_self_efficacy",1,101,"rk_corrected","eJaccard",-0.690913880953644
"hao_2025_self_efficacy",1,101,"rk_corrected","eDice",-0.75746070911926
"hao_2025_self_efficacy",1,101,"rk_corrected","Recursive Relationality",-1.25597903661379
"hao_2025_self_efficacy",1,101,"positional","Correlation",1.9532602262584
"hao_2025_self_efficacy",1,101,"positional","Original Relationality",2.15906455155878
"hao_2025_self_efficacy",1,101,"positional","ACE",1.80227973712848
"hao_2025_self_efficacy",1,101,"positional","Podani",1.46324622344651
"hao_2025_self_efficacy",1,101,"positional","Euclidean",1.56035264904419
"hao_2025_self_efficacy",1,101,"positional","Cosine",1.24668100600822
"hao_2025_self_efficacy",1,101,"positional","eJaccard",2.5288577746602
"hao_2025_self_efficacy",1,101,"positional","eDice",2.94785474705228
"hao_2025_self_efficacy",1,101,"positional","Recursive Relationality",1.69538452176314
"hao_2025_self_efficacy",2,202,"primary","Correlation",-1.28782100750748
"hao_2025_self_efficacy",2,202,"primary","Original Relationality",-2.01626125191104
"hao_2025_self_efficacy",2,202,"primary","ACE",-1.60063419773899
"hao_2025_self_efficacy",2,202,"primary","Podani",-1.55052397421622
"hao_2025_self_efficacy",2,202,"primary","Euclidean",-2.10045611901422
"hao_2025_self_efficacy",2,202,"primary","Cosine",-1.48770860379172
"hao_2025_self_efficacy",2,202,"primary","eJaccard",-0.721422884060467
"hao_2025_self_efficacy",2,202,"primary","eDice",-0.776804533746715
"hao_2025_self_efficacy",2,202,"primary","Recursive Relationality",-1.25272965345001
"hao_2025_self_efficacy",2,202,"pct_cells","Correlation",0.90185314232247
"hao_2025_self_efficacy",2,202,"pct_cells","Original Relationality",0.644759181945196
"hao_2025_self_efficacy",2,202,"pct_cells","ACE",0.817219718406333
"hao_2025_self_efficacy",2,202,"pct_cells","Podani",0.8399482101533
"hao_2025_self_efficacy",2,202,"pct_cells","Euclidean",0.634636779590019
"hao_2025_self_efficacy",2,202,"pct_cells","Cosine",0.656256801949099
"hao_2025_self_efficacy",2,202,"pct_cells","eJaccard",0.618571866481013
"hao_2025_self_efficacy",2,202,"pct_cells","eDice",0.451097726031177
"hao_2025_self_efficacy",2,202,"pct_cells","Recursive Relationality",0.926369471379085
"hao_2025_self_efficacy",2,202,"rk_corrected","Correlation",-1.27382025508837
"hao_2025_self_efficacy",2,202,"rk_corrected","Original Relationality",-2.01097460781963
"hao_2025_self_efficacy",2,202,"rk_corrected","ACE",-1.57760150348424
"hao_2025_self_efficacy",2,202,"rk_corrected","Podani",-1.54089104783697
"hao_2025_self_efficacy",2,202,"rk_corrected","Euclidean",-2.05071508852967
"hao_2025_self_efficacy",2,202,"rk_corrected","Cosine",-1.44409255881081
"hao_2025_self_efficacy",2,202,"rk_corrected","eJaccard",-0.690913880953644
"hao_2025_self_efficacy",2,202,"rk_corrected","eDice",-0.75746070911926
"hao_2025_self_efficacy",2,202,"rk_corrected","Recursive Relationality",-1.25597903661379
"hao_2025_self_efficacy",2,202,"positional","Correlation",1.9532602262584
"hao_2025_self_efficacy",2,202,"positional","Original Relationality",2.15906455155878
"hao_2025_self_efficacy",2,202,"positional","ACE",1.80227973712848
"hao_2025_self_efficacy",2,202,"positional","Podani",1.46324622344651
"hao_2025_self_efficacy",2,202,"positional","Euclidean",1.56035264904419
"hao_2025_self_efficacy",2,202,"positional","Cosine",1.24668100600822
"hao_2025_self_efficacy",2,202,"positional","eJaccard",2.5288577746602
"hao_2025_self_efficacy",2,202,"positional","eDice",2.94785474705228
"hao_2025_self_efficacy",2,202,"positional","Recursive Relationality",1.69538452176314
"hao_2025_self_efficacy",3,303,"primary","Correlation",-1.28782100750748
"hao_2025_self_efficacy",3,303,"primary","Original Relationality",-2.01626125191104
"hao_2025_self_efficacy",3,303,"primary","ACE",-1.60063419773899
"hao_2025_self_efficacy",3,303,"primary","Podani",-1.55052397421622
"hao_2025_self_efficacy",3,303,"primary","Euclidean",-2.10045611901422
"hao_2025_self_efficacy",3,303,"primary","Cosine",-1.48770860379172
"hao_2025_self_efficacy",3,303,"primary","eJaccard",-0.721422884060467
"hao_2025_self_efficacy",3,303,"primary","eDice",-0.776804533746715
"hao_2025_self_efficacy",3,303,"primary","Recursive Relationality",-1.25272965345001
"hao_2025_self_efficacy",3,303,"pct_cells","Correlation",0.90185314232247
"hao_2025_self_efficacy",3,303,"pct_cells","Original Relationality",0.644759181945196
"hao_2025_self_efficacy",3,303,"pct_cells","ACE",0.817219718406333
"hao_2025_self_efficacy",3,303,"pct_cells","Podani",0.8399482101533
"hao_2025_self_efficacy",3,303,"pct_cells","Euclidean",0.634636779590019
"hao_2025_self_efficacy",3,303,"pct_cells","Cosine",0.656256801949099
"hao_2025_self_efficacy",3,303,"pct_cells","eJaccard",0.618571866481013
"hao_2025_self_efficacy",3,303,"pct_cells","eDice",0.451097726031177
"hao_2025_self_efficacy",3,303,"pct_cells","Recursive Relationality",0.926369471379085
"hao_2025_self_efficacy",3,303,"rk_corrected","Correlation",-1.27382025508837
"hao_2025_self_efficacy",3,303,"rk_corrected","Original Relationality",-2.01097460781963
"hao_2025_self_efficacy",3,303,"rk_corrected","ACE",-1.57760150348424
"hao_2025_self_efficacy",3,303,"rk_corrected","Podani",-1.54089104783697
"hao_2025_self_efficacy",3,303,"rk_corrected","Euclidean",-2.05071508852967
"hao_2025_self_efficacy",3,303,"rk_corrected","Cosine",-1.44409255881081
"hao_2025_self_efficacy",3,303,"rk_corrected","eJaccard",-0.690913880953644
"hao_2025_self_efficacy",3,303,"rk_corrected","eDice",-0.75746070911926
"hao_2025_self_efficacy",3,303,"rk_corrected","Recursive Relationality",-1.25597903661379
"hao_2025_self_efficacy",3,303,"positional","Correlation",1.9532602262584
"hao_2025_self_efficacy",3,303,"positional","Original Relationality",2.15906455155878
"hao_2025_self_efficacy",3,303,"positional","ACE",1.80227973712848
"hao_2025_self_efficacy",3,303,"positional","Podani",1.46324622344651
"hao_2025_self_efficacy",3,303,"positional","Euclidean",1.56035264904419
"hao_2025_self_efficacy",3,303,"positional","Cosine",1.24668100600822
"hao_2025_self_efficacy",3,303,"positional","eJaccard",2.5288577746602
"hao_2025_self_efficacy",3,303,"positional","eDice",2.94785474705228
"hao_2025_self_efficacy",3,303,"positional","Recursive Relationality",1.69538452176314
"herrera_2018_se_d_items",1,101,"primary","Correlation",0.340150582700431
"herrera_2018_se_d_items",1,101,"primary","Original Relationality",0.0131609642917784
"herrera_2018_se_d_items",1,101,"primary","ACE",0.17724079289313
"herrera_2018_se_d_items",1,101,"primary","Podani",0.238850300479648
"herrera_2018_se_d_items",1,101,"primary","Euclidean",0.001900869577089
"herrera_2018_se_d_items",1,101,"primary","Cosine",0.15182213802975
"herrera_2018_se_d_items",1,101,"primary","eJaccard",0.337279518583884
"herrera_2018_se_d_items",1,101,"primary","eDice",0.231169521280478
"herrera_2018_se_d_items",1,101,"primary","Recursive Relationality",0.362425726628974
"herrera_2018_se_d_items",1,101,"pct_cells","Correlation",0.887227243175812
"herrera_2018_se_d_items",1,101,"pct_cells","Original Relationality",0.678000603798814
"herrera_2018_se_d_items",1,101,"pct_cells","ACE",0.781326768911449
"herrera_2018_se_d_items",1,101,"pct_cells","Podani",0.836095118703275
"herrera_2018_se_d_items",1,101,"pct_cells","Euclidean",0.685247060230404
"herrera_2018_se_d_items",1,101,"pct_cells","Cosine",0.687478749054967
"herrera_2018_se_d_items",1,101,"pct_cells","eJaccard",0.672068990906834
"herrera_2018_se_d_items",1,101,"pct_cells","eDice",0.53795337207473
"herrera_2018_se_d_items",1,101,"pct_cells","Recursive Relationality",0.906860281948041
"herrera_2018_se_d_items",1,101,"rk_corrected","Correlation",0.354379680573154
"herrera_2018_se_d_items",1,101,"rk_corrected","Original Relationality",0.0185338309737343
"herrera_2018_se_d_items",1,101,"rk_corrected","ACE",0.200649139174299
"herrera_2018_se_d_items",1,101,"rk_corrected","Podani",0.248640335196928
"herrera_2018_se_d_items",1,101,"rk_corrected","Euclidean",0.0524531520450464
"herrera_2018_se_d_items",1,101,"rk_corrected","Cosine",0.196149539463371
"herrera_2018_se_d_items",1,101,"rk_corrected","eJaccard",0.368286108673551
"herrera_2018_se_d_items",1,101,"rk_corrected","eDice",0.2508288342672
"herrera_2018_se_d_items",1,101,"rk_corrected","Recursive Relationality",0.359123347608235
"herrera_2018_se_d_items",1,101,"positional","Correlation",1.91675069382253
"herrera_2018_se_d_items",1,101,"positional","Original Relationality",2.1378273518532
"herrera_2018_se_d_items",1,101,"positional","ACE",1.81249680759988
"herrera_2018_se_d_items",1,101,"positional","Podani",1.49899081469301
"herrera_2018_se_d_items",1,101,"positional","Euclidean",1.60907734368543
"herrera_2018_se_d_items",1,101,"positional","Cosine",1.29385043362467
"herrera_2018_se_d_items",1,101,"positional","eJaccard",2.41848710552667
"herrera_2018_se_d_items",1,101,"positional","eDice",2.8569623329461
"herrera_2018_se_d_items",1,101,"positional","Recursive Relationality",1.72224703045726
"herrera_2018_se_d_items",2,202,"primary","Correlation",0.340150582700431
"herrera_2018_se_d_items",2,202,"primary","Original Relationality",0.0131609642917784
"herrera_2018_se_d_items",2,202,"primary","ACE",0.17724079289313
"herrera_2018_se_d_items",2,202,"primary","Podani",0.238850300479648
"herrera_2018_se_d_items",2,202,"primary","Euclidean",0.001900869577089
"herrera_2018_se_d_items",2,202,"primary","Cosine",0.15182213802975
"herrera_2018_se_d_items",2,202,"primary","eJaccard",0.337279518583884
"herrera_2018_se_d_items",2,202,"primary","eDice",0.231169521280478
"herrera_2018_se_d_items",2,202,"primary","Recursive Relationality",0.362425726628974
"herrera_2018_se_d_items",2,202,"pct_cells","Correlation",0.887227243175812
"herrera_2018_se_d_items",2,202,"pct_cells","Original Relationality",0.678000603798814
"herrera_2018_se_d_items",2,202,"pct_cells","ACE",0.781326768911449
"herrera_2018_se_d_items",2,202,"pct_cells","Podani",0.836095118703275
"herrera_2018_se_d_items",2,202,"pct_cells","Euclidean",0.685247060230404
"herrera_2018_se_d_items",2,202,"pct_cells","Cosine",0.687478749054967
"herrera_2018_se_d_items",2,202,"pct_cells","eJaccard",0.672068990906834
"herrera_2018_se_d_items",2,202,"pct_cells","eDice",0.53795337207473
"herrera_2018_se_d_items",2,202,"pct_cells","Recursive Relationality",0.906860281948041
"herrera_2018_se_d_items",2,202,"rk_corrected","Correlation",0.354379680573154
"herrera_2018_se_d_items",2,202,"rk_corrected","Original Relationality",0.0185338309737343
"herrera_2018_se_d_items",2,202,"rk_corrected","ACE",0.200649139174299
"herrera_2018_se_d_items",2,202,"rk_corrected","Podani",0.248640335196928
"herrera_2018_se_d_items",2,202,"rk_corrected","Euclidean",0.0524531520450464
"herrera_2018_se_d_items",2,202,"rk_corrected","Cosine",0.196149539463371
"herrera_2018_se_d_items",2,202,"rk_corrected","eJaccard",0.368286108673551
"herrera_2018_se_d_items",2,202,"rk_corrected","eDice",0.2508288342672
"herrera_2018_se_d_items",2,202,"rk_corrected","Recursive Relationality",0.359123347608235
"herrera_2018_se_d_items",2,202,"positional","Correlation",1.91675069382253
"herrera_2018_se_d_items",2,202,"positional","Original Relationality",2.1378273518532
"herrera_2018_se_d_items",2,202,"positional","ACE",1.81249680759988
"herrera_2018_se_d_items",2,202,"positional","Podani",1.49899081469301
"herrera_2018_se_d_items",2,202,"positional","Euclidean",1.60907734368543
"herrera_2018_se_d_items",2,202,"positional","Cosine",1.29385043362467
"herrera_2018_se_d_items",2,202,"positional","eJaccard",2.41848710552667
"herrera_2018_se_d_items",2,202,"positional","eDice",2.8569623329461
"herrera_2018_se_d_items",2,202,"positional","Recursive Relationality",1.72224703045726
"herrera_2018_se_d_items",3,303,"primary","Correlation",0.340150582700431
"herrera_2018_se_d_items",3,303,"primary","Original Relationality",0.0131609642917784
"herrera_2018_se_d_items",3,303,"primary","ACE",0.17724079289313
"herrera_2018_se_d_items",3,303,"primary","Podani",0.238850300479648
"herrera_2018_se_d_items",3,303,"primary","Euclidean",0.001900869577089
"herrera_2018_se_d_items",3,303,"primary","Cosine",0.15182213802975
"herrera_2018_se_d_items",3,303,"primary","eJaccard",0.337279518583884
"herrera_2018_se_d_items",3,303,"primary","eDice",0.231169521280478
"herrera_2018_se_d_items",3,303,"primary","Recursive Relationality",0.362425726628974
"herrera_2018_se_d_items",3,303,"pct_cells","Correlation",0.887227243175812
"herrera_2018_se_d_items",3,303,"pct_cells","Original Relationality",0.678000603798814
"herrera_2018_se_d_items",3,303,"pct_cells","ACE",0.781326768911449
"herrera_2018_se_d_items",3,303,"pct_cells","Podani",0.836095118703275
"herrera_2018_se_d_items",3,303,"pct_cells","Euclidean",0.685247060230404
"herrera_2018_se_d_items",3,303,"pct_cells","Cosine",0.687478749054967
"herrera_2018_se_d_items",3,303,"pct_cells","eJaccard",0.672068990906834
"herrera_2018_se_d_items",3,303,"pct_cells","eDice",0.53795337207473
"herrera_2018_se_d_items",3,303,"pct_cells","Recursive Relationality",0.906860281948041
"herrera_2018_se_d_items",3,303,"rk_corrected","Correlation",0.354379680573154
"herrera_2018_se_d_items",3,303,"rk_corrected","Original Relationality",0.0185338309737343
"herrera_2018_se_d_items",3,303,"rk_corrected","ACE",0.200649139174299
"herrera_2018_se_d_items",3,303,"rk_corrected","Podani",0.248640335196928
"herrera_2018_se_d_items",3,303,"rk_corrected","Euclidean",0.0524531520450464
"herrera_2018_se_d_items",3,303,"rk_corrected","Cosine",0.196149539463371
"herrera_2018_se_d_items",3,303,"rk_corrected","eJaccard",0.368286108673551
"herrera_2018_se_d_items",3,303,"rk_corrected","eDice",0.2508288342672
"herrera_2018_se_d_items",3,303,"rk_corrected","Recursive Relationality",0.359123347608235
"herrera_2018_se_d_items",3,303,"positional","Correlation",1.91675069382253
"herrera_2018_se_d_items",3,303,"positional","Original Relationality",2.1378273518532
"herrera_2018_se_d_items",3,303,"positional","ACE",1.81249680759988
"herrera_2018_se_d_items",3,303,"positional","Podani",1.49899081469301
"herrera_2018_se_d_items",3,303,"positional","Euclidean",1.60907734368543
"herrera_2018_se_d_items",3,303,"positional","Cosine",1.29385043362467
"herrera_2018_se_d_items",3,303,"positional","eJaccard",2.41848710552667
"herrera_2018_se_d_items",3,303,"positional","eDice",2.8569623329461
"herrera_2018_se_d_items",3,303,"positional","Recursive Relationality",1.72224703045726
"imos_1994",1,101,"primary","Correlation",0.373702134156318
"imos_1994",1,101,"primary","Original Relationality",0.130148259366861
"imos_1994",1,101,"primary","ACE",0.174395778148604
"imos_1994",1,101,"primary","Podani",0.329219969512573
"imos_1994",1,101,"primary","Euclidean",0.261143338453106
"imos_1994",1,101,"primary","Cosine",0.284949882069872
"imos_1994",1,101,"primary","eJaccard",0.412971694647415
"imos_1994",1,101,"primary","eDice",0.301818213104025
"imos_1994",1,101,"primary","Recursive Relationality",0.396169381315424
"imos_1994",1,101,"pct_cells","Correlation",0.738055010023634
"imos_1994",1,101,"pct_cells","Original Relationality",0.572931240520705
"imos_1994",1,101,"pct_cells","ACE",0.576716839409257
"imos_1994",1,101,"pct_cells","Podani",0.726984821932966
"imos_1994",1,101,"pct_cells","Euclidean",0.716251676581004
"imos_1994",1,101,"pct_cells","Cosine",0.641697008761016
"imos_1994",1,101,"pct_cells","eJaccard",0.635941373055871
"imos_1994",1,101,"pct_cells","eDice",0.506136156789297
"imos_1994",1,101,"pct_cells","Recursive Relationality",0.758762616017989
"imos_1994",1,101,"rk_corrected","Correlation",0.41285776632766
"imos_1994",1,101,"rk_corrected","Original Relationality",0.144933314145886
"imos_1994",1,101,"rk_corrected","ACE",0.238810866506515
"imos_1994",1,101,"rk_corrected","Podani",0.356160187491489
"imos_1994",1,101,"rk_corrected","Euclidean",0.400253111640597
"imos_1994",1,101,"rk_corrected","Cosine",0.406930027344824
"imos_1994",1,101,"rk_corrected","eJaccard",0.498295630662077
"imos_1994",1,101,"rk_corrected","eDice",0.355916711472289
"imos_1994",1,101,"rk_corrected","Recursive Relationality",0.387081894576418
"imos_1994",1,101,"positional","Correlation",2.14426173926778
"imos_1994",1,101,"positional","Original Relationality",2.54783479148101
"imos_1994",1,101,"positional","ACE",1.99480278052351
"imos_1994",1,101,"positional","Podani",1.62496215884802
"imos_1994",1,101,"positional","Euclidean",1.97021593777248
"imos_1994",1,101,"positional","Cosine",1.488252046409
"imos_1994",1,101,"positional","eJaccard",3.01223981259254
"imos_1994",1,101,"positional","eDice",3.66205436824672
"imos_1994",1,101,"positional","Recursive Relationality",1.88937572284553
"imos_1994",2,202,"primary","Correlation",0.373702134156318
"imos_1994",2,202,"primary","Original Relationality",0.130148259366861
"imos_1994",2,202,"primary","ACE",0.174395778148604
"imos_1994",2,202,"primary","Podani",0.329219969512573
"imos_1994",2,202,"primary","Euclidean",0.261143338453106
"imos_1994",2,202,"primary","Cosine",0.284949882069872
"imos_1994",2,202,"primary","eJaccard",0.412971694647415
"imos_1994",2,202,"primary","eDice",0.301818213104025
"imos_1994",2,202,"primary","Recursive Relationality",0.396169381315424
"imos_1994",2,202,"pct_cells","Correlation",0.738055010023634
"imos_1994",2,202,"pct_cells","Original Relationality",0.572931240520705
"imos_1994",2,202,"pct_cells","ACE",0.576716839409257
"imos_1994",2,202,"pct_cells","Podani",0.726984821932966
"imos_1994",2,202,"pct_cells","Euclidean",0.716251676581004
"imos_1994",2,202,"pct_cells","Cosine",0.641697008761016
"imos_1994",2,202,"pct_cells","eJaccard",0.635941373055871
"imos_1994",2,202,"pct_cells","eDice",0.506136156789297
"imos_1994",2,202,"pct_cells","Recursive Relationality",0.758762616017989
"imos_1994",2,202,"rk_corrected","Correlation",0.41285776632766
"imos_1994",2,202,"rk_corrected","Original Relationality",0.144933314145886
"imos_1994",2,202,"rk_corrected","ACE",0.238810866506515
"imos_1994",2,202,"rk_corrected","Podani",0.356160187491489
"imos_1994",2,202,"rk_corrected","Euclidean",0.400253111640597
"imos_1994",2,202,"rk_corrected","Cosine",0.406930027344824
"imos_1994",2,202,"rk_corrected","eJaccard",0.498295630662077
"imos_1994",2,202,"rk_corrected","eDice",0.355916711472289
"imos_1994",2,202,"rk_corrected","Recursive Relationality",0.387081894576418
"imos_1994",2,202,"positional","Correlation",2.14426173926778
"imos_1994",2,202,"positional","Original Relationality",2.54783479148101
"imos_1994",2,202,"positional","ACE",1.99480278052351
"imos_1994",2,202,"positional","Podani",1.62496215884802
"imos_1994",2,202,"positional","Euclidean",1.97021593777248
"imos_1994",2,202,"positional","Cosine",1.488252046409
"imos_1994",2,202,"positional","eJaccard",3.01223981259254
"imos_1994",2,202,"positional","eDice",3.66205436824672
"imos_1994",2,202,"positional","Recursive Relationality",1.88937572284553
"imos_1994",3,303,"primary","Correlation",0.373702134156318
"imos_1994",3,303,"primary","Original Relationality",0.130148259366861
"imos_1994",3,303,"primary","ACE",0.174395778148604
"imos_1994",3,303,"primary","Podani",0.329219969512573
"imos_1994",3,303,"primary","Euclidean",0.261143338453106
"imos_1994",3,303,"primary","Cosine",0.284949882069872
"imos_1994",3,303,"primary","eJaccard",0.412971694647415
"imos_1994",3,303,"primary","eDice",0.301818213104025
"imos_1994",3,303,"primary","Recursive Relationality",0.396169381315424
"imos_1994",3,303,"pct_cells","Correlation",0.738055010023634
"imos_1994",3,303,"pct_cells","Original Relationality",0.572931240520705
"imos_1994",3,303,"pct_cells","ACE",0.576716839409257
"imos_1994",3,303,"pct_cells","Podani",0.726984821932966
"imos_1994",3,303,"pct_cells","Euclidean",0.716251676581004
"imos_1994",3,303,"pct_cells","Cosine",0.641697008761016
"imos_1994",3,303,"pct_cells","eJaccard",0.635941373055871
"imos_1994",3,303,"pct_cells","eDice",0.506136156789297
"imos_1994",3,303,"pct_cells","Recursive Relationality",0.758762616017989
"imos_1994",3,303,"rk_corrected","Correlation",0.41285776632766
"imos_1994",3,303,"rk_corrected","Original Relationality",0.144933314145886
"imos_1994",3,303,"rk_corrected","ACE",0.238810866506515
"imos_1994",3,303,"rk_corrected","Podani",0.356160187491489
"imos_1994",3,303,"rk_corrected","Euclidean",0.400253111640597
"imos_1994",3,303,"rk_corrected","Cosine",0.406930027344824
"imos_1994",3,303,"rk_corrected","eJaccard",0.498295630662077
"imos_1994",3,303,"rk_corrected","eDice",0.355916711472289
"imos_1994",3,303,"rk_corrected","Recursive Relationality",0.387081894576418
"imos_1994",3,303,"positional","Correlation",2.14426173926778
"imos_1994",3,303,"positional","Original Relationality",2.54783479148101
"imos_1994",3,303,"positional","ACE",1.99480278052351
"imos_1994",3,303,"positional","Podani",1.62496215884802
"imos_1994",3,303,"positional","Euclidean",1.97021593777248
"imos_1994",3,303,"positional","Cosine",1.488252046409
"imos_1994",3,303,"positional","eJaccard",3.01223981259254
"imos_1994",3,303,"positional","eDice",3.66205436824672
"imos_1994",3,303,"positional","Recursive Relationality",1.88937572284553
"imos_1997",1,101,"primary","Correlation",0.548795096749245
"imos_1997",1,101,"primary","Original Relationality",0.248766048005672
"imos_1997",1,101,"primary","ACE",0.377167376075613
"imos_1997",1,101,"primary","Podani",0.485434444579943
"imos_1997",1,101,"primary","Euclidean",0.350105258914057
"imos_1997",1,101,"primary","Cosine",0.400229918990323
"imos_1997",1,101,"primary","eJaccard",0.560627682018298
"imos_1997",1,101,"primary","eDice",0.396701173233726
"imos_1997",1,101,"primary","Recursive Relationality",0.569200393529719
"imos_1997",1,101,"pct_cells","Correlation",0.9133203677837
"imos_1997",1,101,"pct_cells","Original Relationality",0.691758533876228
"imos_1997",1,101,"pct_cells","ACE",0.779678797317463
"imos_1997",1,101,"pct_cells","Podani",0.883387501191263
"imos_1997",1,101,"pct_cells","Euclidean",0.805428933555578
"imos_1997",1,101,"pct_cells","Cosine",0.757145842154901
"imos_1997",1,101,"pct_cells","eJaccard",0.783702859511631
"imos_1997",1,101,"pct_cells","eDice",0.601115790853483
"imos_1997",1,101,"pct_cells","Recursive Relationality",0.93196519081746
"imos_1997",1,101,"rk_corrected","Correlation",0.561146436918319
"imos_1997",1,101,"rk_corrected","Original Relationality",0.25342987874642
"imos_1997",1,101,"rk_corrected","ACE",0.397486615587517
"imos_1997",1,101,"rk_corrected","Podani",0.493932527180947
"imos_1997",1,101,"rk_corrected","Euclidean",0.393986356835367
"imos_1997",1,101,"rk_corrected","Cosine",0.438707608778887
"imos_1997",1,101,"rk_corrected","eJaccard",0.587542455189875
"imos_1997",1,101,"rk_corrected","eDice",0.413766124530096
"imos_1997",1,101,"rk_corrected","Recursive Relationality",0.566333816391998
"imos_1997",1,101,"positional","Correlation",2.11855719036452
"imos_1997",1,101,"positional","Original Relationality",2.36851644794443
"imos_1997",1,101,"positional","ACE",1.98910162507106
"imos_1997",1,101,"positional","Podani",1.63891860537797
"imos_1997",1,101,"positional","Euclidean",1.87371359630327
"imos_1997",1,101,"positional","Cosine",1.49796368323739
"imos_1997",1,101,"positional","eJaccard",2.82709347141298
"imos_1997",1,101,"positional","eDice",3.30042473861015
"imos_1997",1,101,"positional","Recursive Relationality",1.90475686218938
"imos_1997",2,202,"primary","Correlation",0.548795096749245
"imos_1997",2,202,"primary","Original Relationality",0.248766048005672
"imos_1997",2,202,"primary","ACE",0.377167376075613
"imos_1997",2,202,"primary","Podani",0.485434444579943
"imos_1997",2,202,"primary","Euclidean",0.350105258914057
"imos_1997",2,202,"primary","Cosine",0.400229918990323
"imos_1997",2,202,"primary","eJaccard",0.560627682018298
"imos_1997",2,202,"primary","eDice",0.396701173233726
"imos_1997",2,202,"primary","Recursive Relationality",0.569200393529719
"imos_1997",2,202,"pct_cells","Correlation",0.9133203677837
"imos_1997",2,202,"pct_cells","Original Relationality",0.691758533876228
"imos_1997",2,202,"pct_cells","ACE",0.779678797317463
"imos_1997",2,202,"pct_cells","Podani",0.883387501191263
"imos_1997",2,202,"pct_cells","Euclidean",0.805428933555578
"imos_1997",2,202,"pct_cells","Cosine",0.757145842154901
"imos_1997",2,202,"pct_cells","eJaccard",0.783702859511631
"imos_1997",2,202,"pct_cells","eDice",0.601115790853483
"imos_1997",2,202,"pct_cells","Recursive Relationality",0.93196519081746
"imos_1997",2,202,"rk_corrected","Correlation",0.561146436918319
"imos_1997",2,202,"rk_corrected","Original Relationality",0.25342987874642
"imos_1997",2,202,"rk_corrected","ACE",0.397486615587517
"imos_1997",2,202,"rk_corrected","Podani",0.493932527180947
"imos_1997",2,202,"rk_corrected","Euclidean",0.393986356835367
"imos_1997",2,202,"rk_corrected","Cosine",0.438707608778887
"imos_1997",2,202,"rk_corrected","eJaccard",0.587542455189875
"imos_1997",2,202,"rk_corrected","eDice",0.413766124530096
"imos_1997",2,202,"rk_corrected","Recursive Relationality",0.566333816391998
"imos_1997",2,202,"positional","Correlation",2.11855719036452
"imos_1997",2,202,"positional","Original Relationality",2.36851644794443
"imos_1997",2,202,"positional","ACE",1.98910162507106
"imos_1997",2,202,"positional","Podani",1.63891860537797
"imos_1997",2,202,"positional","Euclidean",1.87371359630327
"imos_1997",2,202,"positional","Cosine",1.49796368323739
"imos_1997",2,202,"positional","eJaccard",2.82709347141298
"imos_1997",2,202,"positional","eDice",3.30042473861015
"imos_1997",2,202,"positional","Recursive Relationality",1.90475686218938
"imos_1997",3,303,"primary","Correlation",0.548795096749245
"imos_1997",3,303,"primary","Original Relationality",0.248766048005672
"imos_1997",3,303,"primary","ACE",0.377167376075613
"imos_1997",3,303,"primary","Podani",0.485434444579943
"imos_1997",3,303,"primary","Euclidean",0.350105258914057
"imos_1997",3,303,"primary","Cosine",0.400229918990323
"imos_1997",3,303,"primary","eJaccard",0.560627682018298
"imos_1997",3,303,"primary","eDice",0.396701173233726
"imos_1997",3,303,"primary","Recursive Relationality",0.569200393529719
"imos_1997",3,303,"pct_cells","Correlation",0.9133203677837
"imos_1997",3,303,"pct_cells","Original Relationality",0.691758533876228
"imos_1997",3,303,"pct_cells","ACE",0.779678797317463
"imos_1997",3,303,"pct_cells","Podani",0.883387501191263
"imos_1997",3,303,"pct_cells","Euclidean",0.805428933555578
"imos_1997",3,303,"pct_cells","Cosine",0.757145842154901
"imos_1997",3,303,"pct_cells","eJaccard",0.783702859511631
"imos_1997",3,303,"pct_cells","eDice",0.601115790853483
"imos_1997",3,303,"pct_cells","Recursive Relationality",0.93196519081746
"imos_1997",3,303,"rk_corrected","Correlation",0.561146436918319
"imos_1997",3,303,"rk_corrected","Original Relationality",0.25342987874642
"imos_1997",3,303,"rk_corrected","ACE",0.397486615587517
"imos_1997",3,303,"rk_corrected","Podani",0.493932527180947
"imos_1997",3,303,"rk_corrected","Euclidean",0.393986356835367
"imos_1997",3,303,"rk_corrected","Cosine",0.438707608778887
"imos_1997",3,303,"rk_corrected","eJaccard",0.587542455189875
"imos_1997",3,303,"rk_corrected","eDice",0.413766124530096
"imos_1997",3,303,"rk_corrected","Recursive Relationality",0.566333816391998
"imos_1997",3,303,"positional","Correlation",2.11855719036452
"imos_1997",3,303,"positional","Original Relationality",2.36851644794443
"imos_1997",3,303,"positional","ACE",1.98910162507106
"imos_1997",3,303,"positional","Podani",1.63891860537797
"imos_1997",3,303,"positional","Euclidean",1.87371359630327
"imos_1997",3,303,"positional","Cosine",1.49796368323739
"imos_1997",3,303,"positional","eJaccard",2.82709347141298
"imos_1997",3,303,"positional","eDice",3.30042473861015
"imos_1997",3,303,"positional","Recursive Relationality",1.90475686218938
"imos_2001",1,101,"primary","Correlation",-0.203111874406274
"imos_2001",1,101,"primary","Original Relationality",-0.720302201116799
"imos_2001",1,101,"primary","ACE",-0.441196817690846
"imos_2001",1,101,"primary","Podani",-0.339806113028549
"imos_2001",1,101,"primary","Euclidean",-0.572345902958917
"imos_2001",1,101,"primary","Cosine",-0.348407222100406
"imos_2001",1,101,"primary","eJaccard",0.0759031692581814
"imos_2001",1,101,"primary","eDice",-0.0924083651224316
"imos_2001",1,101,"primary","Recursive Relationality",-0.188606835219017
"imos_2001",1,101,"pct_cells","Correlation",0.890381161652551
"imos_2001",1,101,"pct_cells","Original Relationality",0.608574660976132
"imos_2001",1,101,"pct_cells","ACE",0.766246043027859
"imos_2001",1,101,"pct_cells","Podani",0.853962688920087
"imos_2001",1,101,"pct_cells","Euclidean",0.793521725258707
"imos_2001",1,101,"pct_cells","Cosine",0.722259498292987
"imos_2001",1,101,"pct_cells","eJaccard",0.745078045431554
"imos_2001",1,101,"pct_cells","eDice",0.520789068903217
"imos_2001",1,101,"pct_cells","Recursive Relationality",0.899605179371165
"imos_2001",1,101,"rk_corrected","Correlation",-0.194251229977285
"imos_2001",1,101,"rk_corrected","Original Relationality",-0.71695644710913
"imos_2001",1,101,"rk_corrected","ACE",-0.426620135815203
"imos_2001",1,101,"rk_corrected","Podani",-0.333709730998345
"imos_2001",1,101,"rk_corrected","Euclidean",-0.540866338756814
"imos_2001",1,101,"rk_corrected","Cosine",-0.320803972331683
"imos_2001",1,101,"rk_corrected","eJaccard",0.0952113764402143
"imos_2001",1,101,"rk_corrected","eDice",-0.0801662550707831
"imos_2001",1,101,"rk_corrected","Recursive Relationality",-0.190663269613822
"imos_2001",1,101,"positional","Correlation",1.96280238877231
"imos_2001",1,101,"positional","Original Relationality",2.10206051861164
"imos_2001",1,101,"positional","ACE",1.80801042622175
"imos_2001",1,101,"positional","Podani",1.49921687577757
"imos_2001",1,101,"positional","Euclidean",1.74043594373906
"imos_2001",1,101,"positional","Cosine",1.37936902345541
"imos_2001",1,101,"positional","eJaccard",2.62682063657433
"imos_2001",1,101,"positional","eDice",2.97523638850421
"imos_2001",1,101,"positional","Recursive Relationality",1.74101132462856
"imos_2001",2,202,"primary","Correlation",-0.203111874406274
"imos_2001",2,202,"primary","Original Relationality",-0.720302201116799
"imos_2001",2,202,"primary","ACE",-0.441196817690846
"imos_2001",2,202,"primary","Podani",-0.339806113028549
"imos_2001",2,202,"primary","Euclidean",-0.572345902958917
"imos_2001",2,202,"primary","Cosine",-0.348407222100406
"imos_2001",2,202,"primary","eJaccard",0.0759031692581814
"imos_2001",2,202,"primary","eDice",-0.0924083651224316
"imos_2001",2,202,"primary","Recursive Relationality",-0.188606835219017
"imos_2001",2,202,"pct_cells","Correlation",0.890381161652551
"imos_2001",2,202,"pct_cells","Original Relationality",0.608574660976132
"imos_2001",2,202,"pct_cells","ACE",0.766246043027859
"imos_2001",2,202,"pct_cells","Podani",0.853962688920087
"imos_2001",2,202,"pct_cells","Euclidean",0.793521725258707
"imos_2001",2,202,"pct_cells","Cosine",0.722259498292987
"imos_2001",2,202,"pct_cells","eJaccard",0.745078045431554
"imos_2001",2,202,"pct_cells","eDice",0.520789068903217
"imos_2001",2,202,"pct_cells","Recursive Relationality",0.899605179371165
"imos_2001",2,202,"rk_corrected","Correlation",-0.194251229977285
"imos_2001",2,202,"rk_corrected","Original Relationality",-0.71695644710913
"imos_2001",2,202,"rk_corrected","ACE",-0.426620135815203
"imos_2001",2,202,"rk_corrected","Podani",-0.333709730998345
"imos_2001",2,202,"rk_corrected","Euclidean",-0.540866338756814
"imos_2001",2,202,"rk_corrected","Cosine",-0.320803972331683
"imos_2001",2,202,"rk_corrected","eJaccard",0.0952113764402143
"imos_2001",2,202,"rk_corrected","eDice",-0.0801662550707831
"imos_2001",2,202,"rk_corrected","Recursive Relationality",-0.190663269613822
"imos_2001",2,202,"positional","Correlation",1.96280238877231
"imos_2001",2,202,"positional","Original Relationality",2.10206051861164
"imos_2001",2,202,"positional","ACE",1.80801042622175
"imos_2001",2,202,"positional","Podani",1.49921687577757
"imos_2001",2,202,"positional","Euclidean",1.74043594373906
"imos_2001",2,202,"positional","Cosine",1.37936902345541
"imos_2001",2,202,"positional","eJaccard",2.62682063657433
"imos_2001",2,202,"positional","eDice",2.97523638850421
"imos_2001",2,202,"positional","Recursive Relationality",1.74101132462856
"imos_2001",3,303,"primary","Correlation",-0.203111874406274
"imos_2001",3,303,"primary","Original Relationality",-0.720302201116799
"imos_2001",3,303,"primary","ACE",-0.441196817690846
"imos_2001",3,303,"primary","Podani",-0.339806113028549
"imos_2001",3,303,"primary","Euclidean",-0.572345902958917
"imos_2001",3,303,"primary","Cosine",-0.348407222100406
"imos_2001",3,303,"primary","eJaccard",0.0759031692581814
"imos_2001",3,303,"primary","eDice",-0.0924083651224316
"imos_2001",3,303,"primary","Recursive Relationality",-0.188606835219017
"imos_2001",3,303,"pct_cells","Correlation",0.890381161652551
"imos_2001",3,303,"pct_cells","Original Relationality",0.608574660976132
"imos_2001",3,303,"pct_cells","ACE",0.766246043027859
"imos_2001",3,303,"pct_cells","Podani",0.853962688920087
"imos_2001",3,303,"pct_cells","Euclidean",0.793521725258707
"imos_2001",3,303,"pct_cells","Cosine",0.722259498292987
"imos_2001",3,303,"pct_cells","eJaccard",0.745078045431554
"imos_2001",3,303,"pct_cells","eDice",0.520789068903217
"imos_2001",3,303,"pct_cells","Recursive Relationality",0.899605179371165
"imos_2001",3,303,"rk_corrected","Correlation",-0.194251229977285
"imos_2001",3,303,"rk_corrected","Original Relationality",-0.71695644710913
"imos_2001",3,303,"rk_corrected","ACE",-0.426620135815203
"imos_2001",3,303,"rk_corrected","Podani",-0.333709730998345
"imos_2001",3,303,"rk_corrected","Euclidean",-0.540866338756814
"imos_2001",3,303,"rk_corrected","Cosine",-0.320803972331683
"imos_2001",3,303,"rk_corrected","eJaccard",0.0952113764402143
"imos_2001",3,303,"rk_corrected","eDice",-0.0801662550707831
"imos_2001",3,303,"rk_corrected","Recursive Relationality",-0.190663269613822
"imos_2001",3,303,"positional","Correlation",1.96280238877231
"imos_2001",3,303,"positional","Original Relationality",2.10206051861164
"imos_2001",3,303,"positional","ACE",1.80801042622175
"imos_2001",3,303,"positional","Podani",1.49921687577757
"imos_2001",3,303,"positional","Euclidean",1.74043594373906
"imos_2001",3,303,"positional","Cosine",1.37936902345541
"imos_2001",3,303,"positional","eJaccard",2.62682063657433
"imos_2001",3,303,"positional","eDice",2.97523638850421
"imos_2001",3,303,"positional","Recursive Relationality",1.74101132462856
"imos_2003",1,101,"primary","Correlation",-0.529002099853427
"imos_2003",1,101,"primary","Original Relationality",-1.21708958385952
"imos_2003",1,101,"primary","ACE",-0.803693345059936
"imos_2003",1,101,"primary","Podani",-0.69935745112622
"imos_2003",1,101,"primary","Euclidean",-0.973390075122894
"imos_2003",1,101,"primary","Cosine",-0.728336357221859
"imos_2003",1,101,"primary","eJaccard",-0.100958042975276
"imos_2003",1,101,"primary","eDice",-0.345217725174495
"imos_2003",1,101,"primary","Recursive Relationality",-0.52128479487568
"imos_2003",1,101,"pct_cells","Correlation",0.928946783143901
"imos_2003",1,101,"pct_cells","Original Relationality",0.554695395871391
"imos_2003",1,101,"pct_cells","ACE",0.806184278315467
"imos_2003",1,101,"pct_cells","Podani",0.892288616992355
"imos_2003",1,101,"pct_cells","Euclidean",0.847714511020047
"imos_2003",1,101,"pct_cells","Cosine",0.69917831144585
"imos_2003",1,101,"pct_cells","eJaccard",0.791249525865939
"imos_2003",1,101,"pct_cells","eDice",0.47235539556226
"imos_2003",1,101,"pct_cells","Recursive Relationality",0.929622928189763
"imos_2003",1,101,"rk_corrected","Correlation",-0.502638944540799
"imos_2003",1,101,"rk_corrected","Original Relationality",-1.20713493177424
"imos_2003",1,101,"rk_corrected","ACE",-0.760323211960689
"imos_2003",1,101,"rk_corrected","Podani",-0.681218830668598
"imos_2003",1,101,"rk_corrected","Euclidean",-0.879728643735498
"imos_2003",1,101,"rk_corrected","Cosine",-0.646208159141224
"imos_2003",1,101,"rk_corrected","eJaccard",-0.0435101599428676
"imos_2003",1,101,"rk_corrected","eDice",-0.3087936646863
"imos_2003",1,101,"rk_corrected","Recursive Relationality",-0.527403322684234
"imos_2003",1,101,"positional","Correlation",2.12494382568727
"imos_2003",1,101,"positional","Original Relationality",2.23525229953499
"imos_2003",1,101,"positional","ACE",1.96126601794196
"imos_2003",1,101,"positional","Podani",1.6163871577674
"imos_2003",1,101,"positional","Euclidean",1.9121973525323
"imos_2003",1,101,"positional","Cosine",1.41688590172106
"imos_2003",1,101,"positional","eJaccard",2.90672118033468
"imos_2003",1,101,"positional","eDice",3.2292897857133
"imos_2003",1,101,"positional","Recursive Relationality",1.85756330550134
"imos_2003",2,202,"primary","Correlation",-0.529002099853427
"imos_2003",2,202,"primary","Original Relationality",-1.21708958385952
"imos_2003",2,202,"primary","ACE",-0.803693345059936
"imos_2003",2,202,"primary","Podani",-0.69935745112622
"imos_2003",2,202,"primary","Euclidean",-0.973390075122894
"imos_2003",2,202,"primary","Cosine",-0.728336357221859
"imos_2003",2,202,"primary","eJaccard",-0.100958042975276
"imos_2003",2,202,"primary","eDice",-0.345217725174495
"imos_2003",2,202,"primary","Recursive Relationality",-0.52128479487568
"imos_2003",2,202,"pct_cells","Correlation",0.928946783143901
"imos_2003",2,202,"pct_cells","Original Relationality",0.554695395871391
"imos_2003",2,202,"pct_cells","ACE",0.806184278315467
"imos_2003",2,202,"pct_cells","Podani",0.892288616992355
"imos_2003",2,202,"pct_cells","Euclidean",0.847714511020047
"imos_2003",2,202,"pct_cells","Cosine",0.69917831144585
"imos_2003",2,202,"pct_cells","eJaccard",0.791249525865939
"imos_2003",2,202,"pct_cells","eDice",0.47235539556226
"imos_2003",2,202,"pct_cells","Recursive Relationality",0.929622928189763
"imos_2003",2,202,"rk_corrected","Correlation",-0.502638944540799
"imos_2003",2,202,"rk_corrected","Original Relationality",-1.20713493177424
"imos_2003",2,202,"rk_corrected","ACE",-0.760323211960689
"imos_2003",2,202,"rk_corrected","Podani",-0.681218830668598
"imos_2003",2,202,"rk_corrected","Euclidean",-0.879728643735498
"imos_2003",2,202,"rk_corrected","Cosine",-0.646208159141224
"imos_2003",2,202,"rk_corrected","eJaccard",-0.0435101599428676
"imos_2003",2,202,"rk_corrected","eDice",-0.3087936646863
"imos_2003",2,202,"rk_corrected","Recursive Relationality",-0.527403322684234
"imos_2003",2,202,"positional","Correlation",2.12494382568727
"imos_2003",2,202,"positional","Original Relationality",2.23525229953499
"imos_2003",2,202,"positional","ACE",1.96126601794196
"imos_2003",2,202,"positional","Podani",1.6163871577674
"imos_2003",2,202,"positional","Euclidean",1.9121973525323
"imos_2003",2,202,"positional","Cosine",1.41688590172106
"imos_2003",2,202,"positional","eJaccard",2.90672118033468
"imos_2003",2,202,"positional","eDice",3.2292897857133
"imos_2003",2,202,"positional","Recursive Relationality",1.85756330550134
"imos_2003",3,303,"primary","Correlation",-0.529002099853427
"imos_2003",3,303,"primary","Original Relationality",-1.21708958385952
"imos_2003",3,303,"primary","ACE",-0.803693345059936
"imos_2003",3,303,"primary","Podani",-0.69935745112622
"imos_2003",3,303,"primary","Euclidean",-0.973390075122894
"imos_2003",3,303,"primary","Cosine",-0.728336357221859
"imos_2003",3,303,"primary","eJaccard",-0.100958042975276
"imos_2003",3,303,"primary","eDice",-0.345217725174495
"imos_2003",3,303,"primary","Recursive Relationality",-0.52128479487568
"imos_2003",3,303,"pct_cells","Correlation",0.928946783143901
"imos_2003",3,303,"pct_cells","Original Relationality",0.554695395871391
"imos_2003",3,303,"pct_cells","ACE",0.806184278315467
"imos_2003",3,303,"pct_cells","Podani",0.892288616992355
"imos_2003",3,303,"pct_cells","Euclidean",0.847714511020047
"imos_2003",3,303,"pct_cells","Cosine",0.69917831144585
"imos_2003",3,303,"pct_cells","eJaccard",0.791249525865939
"imos_2003",3,303,"pct_cells","eDice",0.47235539556226
"imos_2003",3,303,"pct_cells","Recursive Relationality",0.929622928189763
"imos_2003",3,303,"rk_corrected","Correlation",-0.502638944540799
"imos_2003",3,303,"rk_corrected","Original Relationality",-1.20713493177424
"imos_2003",3,303,"rk_corrected","ACE",-0.760323211960689
"imos_2003",3,303,"rk_corrected","Podani",-0.681218830668598
"imos_2003",3,303,"rk_corrected","Euclidean",-0.879728643735498
"imos_2003",3,303,"rk_corrected","Cosine",-0.646208159141224
"imos_2003",3,303,"rk_corrected","eJaccard",-0.0435101599428676
"imos_2003",3,303,"rk_corrected","eDice",-0.3087936646863
"imos_2003",3,303,"rk_corrected","Recursive Relationality",-0.527403322684234
"imos_2003",3,303,"positional","Correlation",2.12494382568727
"imos_2003",3,303,"positional","Original Relationality",2.23525229953499
"imos_2003",3,303,"positional","ACE",1.96126601794196
"imos_2003",3,303,"positional","Podani",1.6163871577674
"imos_2003",3,303,"positional","Euclidean",1.9121973525323
"imos_2003",3,303,"positional","Cosine",1.41688590172106
"imos_2003",3,303,"positional","eJaccard",2.90672118033468
"imos_2003",3,303,"positional","eDice",3.2292897857133
"imos_2003",3,303,"positional","Recursive Relationality",1.85756330550134
"imos_2007",1,101,"primary","Correlation",-0.352437353451102
"imos_2007",1,101,"primary","Original Relationality",-1.05497134264573
"imos_2007",1,101,"primary","ACE",-0.64410042256538
"imos_2007",1,101,"primary","Podani",-0.546990727042972
"imos_2007",1,101,"primary","Euclidean",-0.867429924307059
"imos_2007",1,101,"primary","Cosine",-0.655342054625377
"imos_2007",1,101,"primary","eJaccard",0.113064508283403
"imos_2007",1,101,"primary","eDice",-0.166892354453011
"imos_2007",1,101,"primary","Recursive Relationality",-0.390669229685626
"imos_2007",1,101,"pct_cells","Correlation",1.10545823052684
"imos_2007",1,101,"pct_cells","Original Relationality",0.716748864991259
"imos_2007",1,101,"pct_cells","ACE",0.965718347650176
"imos_2007",1,101,"pct_cells","Podani",1.0445971544165
"imos_2007",1,101,"pct_cells","Euclidean",0.953608086738651
"imos_2007",1,101,"pct_cells","Cosine",0.772120427622843
"imos_2007",1,101,"pct_cells","eJaccard",1.00523946021393
"imos_2007",1,101,"pct_cells","eDice",0.650650877824607
"imos_2007",1,101,"pct_cells","Recursive Relationality",1.06018545176789
"imos_2007",1,101,"rk_corrected","Correlation",-0.314310252496126
"imos_2007",1,101,"rk_corrected","Original Relationality",-1.04057465831389
"imos_2007",1,101,"rk_corrected","ACE",-0.581377375058481
"imos_2007",1,101,"rk_corrected","Podani",-0.520758168566162
"imos_2007",1,101,"rk_corrected","Euclidean",-0.731974254917429
"imos_2007",1,101,"rk_corrected","Cosine",-0.536566055988721
"imos_2007",1,101,"rk_corrected","eJaccard",0.196147174605106
"imos_2007",1,101,"rk_corrected","eDice",-0.114214903102627
"imos_2007",1,101,"rk_corrected","Recursive Relationality",-0.399518008395389
"imos_2007",1,101,"positional","Correlation",1.64992118575037
"imos_2007",1,101,"positional","Original Relationality",1.42880806457259
"imos_2007",1,101,"positional","ACE",1.44874392211571
"imos_2007",1,101,"positional","Podani",1.34023070997803
"imos_2007",1,101,"positional","Euclidean",1.45802581968041
"imos_2007",1,101,"positional","Cosine",1.15832913443066
"imos_2007",1,101,"positional","eJaccard",2.02031762387701
"imos_2007",1,101,"positional","eDice",1.87143661067719
"imos_2007",1,101,"positional","Recursive Relationality",1.49188338754491
"imos_2007",2,202,"primary","Correlation",-0.352437353451102
"imos_2007",2,202,"primary","Original Relationality",-1.05497134264573
"imos_2007",2,202,"primary","ACE",-0.64410042256538
"imos_2007",2,202,"primary","Podani",-0.546990727042972
"imos_2007",2,202,"primary","Euclidean",-0.867429924307059
"imos_2007",2,202,"primary","Cosine",-0.655342054625377
"imos_2007",2,202,"primary","eJaccard",0.113064508283403
"imos_2007",2,202,"primary","eDice",-0.166892354453011
"imos_2007",2,202,"primary","Recursive Relationality",-0.390669229685626
"imos_2007",2,202,"pct_cells","Correlation",1.10545823052684
"imos_2007",2,202,"pct_cells","Original Relationality",0.716748864991259
"imos_2007",2,202,"pct_cells","ACE",0.965718347650176
"imos_2007",2,202,"pct_cells","Podani",1.0445971544165
"imos_2007",2,202,"pct_cells","Euclidean",0.953608086738651
"imos_2007",2,202,"pct_cells","Cosine",0.772120427622843
"imos_2007",2,202,"pct_cells","eJaccard",1.00523946021393
"imos_2007",2,202,"pct_cells","eDice",0.650650877824607
"imos_2007",2,202,"pct_cells","Recursive Relationality",1.06018545176789
"imos_2007",2,202,"rk_corrected","Correlation",-0.314310252496126
"imos_2007",2,202,"rk_corrected","Original Relationality",-1.04057465831389
"imos_2007",2,202,"rk_corrected","ACE",-0.581377375058481
"imos_2007",2,202,"rk_corrected","Podani",-0.520758168566162
"imos_2007",2,202,"rk_corrected","Euclidean",-0.731974254917429
"imos_2007",2,202,"rk_corrected","Cosine",-0.536566055988721
"imos_2007",2,202,"rk_corrected","eJaccard",0.196147174605106
"imos_2007",2,202,"rk_corrected","eDice",-0.114214903102627
"imos_2007",2,202,"rk_corrected","Recursive Relationality",-0.399518008395389
"imos_2007",2,202,"positional","Correlation",1.64992118575037
"imos_2007",2,202,"positional","Original Relationality",1.42880806457259
"imos_2007",2,202,"positional","ACE",1.44874392211571
"imos_2007",2,202,"positional","Podani",1.34023070997803
"imos_2007",2,202,"positional","Euclidean",1.45802581968041
"imos_2007",2,202,"positional","Cosine",1.15832913443066
"imos_2007",2,202,"positional","eJaccard",2.02031762387701
"imos_2007",2,202,"positional","eDice",1.87143661067719
"imos_2007",2,202,"positional","Recursive Relationality",1.49188338754491
"imos_2007",3,303,"primary","Correlation",-0.352437353451102
"imos_2007",3,303,"primary","Original Relationality",-1.05497134264573
"imos_2007",3,303,"primary","ACE",-0.64410042256538
"imos_2007",3,303,"primary","Podani",-0.546990727042972
"imos_2007",3,303,"primary","Euclidean",-0.867429924307059
"imos_2007",3,303,"primary","Cosine",-0.655342054625377
"imos_2007",3,303,"primary","eJaccard",0.113064508283403
"imos_2007",3,303,"primary","eDice",-0.166892354453011
"imos_2007",3,303,"primary","Recursive Relationality",-0.390669229685626
"imos_2007",3,303,"pct_cells","Correlation",1.10545823052684
"imos_2007",3,303,"pct_cells","Original Relationality",0.716748864991259
"imos_2007",3,303,"pct_cells","ACE",0.965718347650176
"imos_2007",3,303,"pct_cells","Podani",1.0445971544165
"imos_2007",3,303,"pct_cells","Euclidean",0.953608086738651
"imos_2007",3,303,"pct_cells","Cosine",0.772120427622843
"imos_2007",3,303,"pct_cells","eJaccard",1.00523946021393
"imos_2007",3,303,"pct_cells","eDice",0.650650877824607
"imos_2007",3,303,"pct_cells","Recursive Relationality",1.06018545176789
"imos_2007",3,303,"rk_corrected","Correlation",-0.314310252496126
"imos_2007",3,303,"rk_corrected","Original Relationality",-1.04057465831389
"imos_2007",3,303,"rk_corrected","ACE",-0.581377375058481
"imos_2007",3,303,"rk_corrected","Podani",-0.520758168566162
"imos_2007",3,303,"rk_corrected","Euclidean",-0.731974254917429
"imos_2007",3,303,"rk_corrected","Cosine",-0.536566055988721
"imos_2007",3,303,"rk_corrected","eJaccard",0.196147174605106
"imos_2007",3,303,"rk_corrected","eDice",-0.114214903102627
"imos_2007",3,303,"rk_corrected","Recursive Relationality",-0.399518008395389
"imos_2007",3,303,"positional","Correlation",1.64992118575037
"imos_2007",3,303,"positional","Original Relationality",1.42880806457259
"imos_2007",3,303,"positional","ACE",1.44874392211571
"imos_2007",3,303,"positional","Podani",1.34023070997803
"imos_2007",3,303,"positional","Euclidean",1.45802581968041
"imos_2007",3,303,"positional","Cosine",1.15832913443066
"imos_2007",3,303,"positional","eJaccard",2.02031762387701
"imos_2007",3,303,"positional","eDice",1.87143661067719
"imos_2007",3,303,"positional","Recursive Relationality",1.49188338754491
"imos_2012",1,101,"primary","Correlation",-0.116434058062203
"imos_2012",1,101,"primary","Original Relationality",-0.782294712948176
"imos_2012",1,101,"primary","ACE",-0.409245633884633
"imos_2012",1,101,"primary","Podani",-0.229685441806229
"imos_2012",1,101,"primary","Euclidean",-0.414851403696012
"imos_2012",1,101,"primary","Cosine",-0.395069914340861
"imos_2012",1,101,"primary","eJaccard",0.227959262408922
"imos_2012",1,101,"primary","eDice",-0.159811136262627
"imos_2012",1,101,"primary","Recursive Relationality",-0.136982261441286
"imos_2012",1,101,"pct_cells","Correlation",0.976863690141831
"imos_2012",1,101,"pct_cells","Original Relationality",0.546344823891532
"imos_2012",1,101,"pct_cells","ACE",0.79798158858282
"imos_2012",1,101,"pct_cells","Podani",0.963870163952983
"imos_2012",1,101,"pct_cells","Euclidean",0.95077229305589
"imos_2012",1,101,"pct_cells","Cosine",0.675405594768942
"imos_2012",1,101,"pct_cells","eJaccard",0.897014630069905
"imos_2012",1,101,"pct_cells","eDice",0.453276786309812
"imos_2012",1,101,"pct_cells","Recursive Relationality",0.951035408436238
"imos_2012",1,101,"rk_corrected","Correlation",-0.0953467667831248
"imos_2012",1,101,"rk_corrected","Original Relationality",-0.774332212040564
"imos_2012",1,101,"rk_corrected","ACE",-0.374554845978903
"imos_2012",1,101,"rk_corrected","Podani",-0.215176769818574
"imos_2012",1,101,"rk_corrected","Euclidean",-0.339933744490955
"imos_2012",1,101,"rk_corrected","Cosine",-0.329377427435751
"imos_2012",1,101,"rk_corrected","eJaccard",0.273910523876116
"imos_2012",1,101,"rk_corrected","eDice",-0.130676354633759
"imos_2012",1,101,"rk_corrected","Recursive Relationality",-0.141876333359768
"imos_2012",1,101,"positional","Correlation",1.70488571880073
"imos_2012",1,101,"positional","Original Relationality",1.54176404345362
"imos_2012",1,101,"positional","ACE",1.48730725718384
"imos_2012",1,101,"positional","Podani",1.38441349399771
"imos_2012",1,101,"positional","Euclidean",1.59539774062961
"imos_2012",1,101,"positional","Cosine",1.14055276964121
"imos_2012",1,101,"positional","eJaccard",2.19564856969471
"imos_2012",1,101,"positional","eDice",2.11151080852222
"imos_2012",1,101,"positional","Recursive Relationality",1.52184170908315
"imos_2012",2,202,"primary","Correlation",-0.116434058062203
"imos_2012",2,202,"primary","Original Relationality",-0.782294712948176
"imos_2012",2,202,"primary","ACE",-0.409245633884633
"imos_2012",2,202,"primary","Podani",-0.229685441806229
"imos_2012",2,202,"primary","Euclidean",-0.414851403696012
"imos_2012",2,202,"primary","Cosine",-0.395069914340861
"imos_2012",2,202,"primary","eJaccard",0.227959262408922
"imos_2012",2,202,"primary","eDice",-0.159811136262627
"imos_2012",2,202,"primary","Recursive Relationality",-0.136982261441286
"imos_2012",2,202,"pct_cells","Correlation",0.976863690141831
"imos_2012",2,202,"pct_cells","Original Relationality",0.546344823891532
"imos_2012",2,202,"pct_cells","ACE",0.79798158858282
"imos_2012",2,202,"pct_cells","Podani",0.963870163952983
"imos_2012",2,202,"pct_cells","Euclidean",0.95077229305589
"imos_2012",2,202,"pct_cells","Cosine",0.675405594768942
"imos_2012",2,202,"pct_cells","eJaccard",0.897014630069905
"imos_2012",2,202,"pct_cells","eDice",0.453276786309812
"imos_2012",2,202,"pct_cells","Recursive Relationality",0.951035408436238
"imos_2012",2,202,"rk_corrected","Correlation",-0.0953467667831248
"imos_2012",2,202,"rk_corrected","Original Relationality",-0.774332212040564
"imos_2012",2,202,"rk_corrected","ACE",-0.374554845978903
"imos_2012",2,202,"rk_corrected","Podani",-0.215176769818574
"imos_2012",2,202,"rk_corrected","Euclidean",-0.339933744490955
"imos_2012",2,202,"rk_corrected","Cosine",-0.329377427435751
"imos_2012",2,202,"rk_corrected","eJaccard",0.273910523876116
"imos_2012",2,202,"rk_corrected","eDice",-0.130676354633759
"imos_2012",2,202,"rk_corrected","Recursive Relationality",-0.141876333359768
"imos_2012",2,202,"positional","Correlation",1.70488571880073
"imos_2012",2,202,"positional","Original Relationality",1.54176404345362
"imos_2012",2,202,"positional","ACE",1.48730725718384
"imos_2012",2,202,"positional","Podani",1.38441349399771
"imos_2012",2,202,"positional","Euclidean",1.59539774062961
"imos_2012",2,202,"positional","Cosine",1.14055276964121
"imos_2012",2,202,"positional","eJaccard",2.19564856969471
"imos_2012",2,202,"positional","eDice",2.11151080852222
"imos_2012",2,202,"positional","Recursive Relationality",1.52184170908315
"imos_2012",3,303,"primary","Correlation",-0.116434058062203
"imos_2012",3,303,"primary","Original Relationality",-0.782294712948176
"imos_2012",3,303,"primary","ACE",-0.409245633884633
"imos_2012",3,303,"primary","Podani",-0.229685441806229
"imos_2012",3,303,"primary","Euclidean",-0.414851403696012
"imos_2012",3,303,"primary","Cosine",-0.395069914340861
"imos_2012",3,303,"primary","eJaccard",0.227959262408922
"imos_2012",3,303,"primary","eDice",-0.159811136262627
"imos_2012",3,303,"primary","Recursive Relationality",-0.136982261441286
"imos_2012",3,303,"pct_cells","Correlation",0.976863690141831
"imos_2012",3,303,"pct_cells","Original Relationality",0.546344823891532
"imos_2012",3,303,"pct_cells","ACE",0.79798158858282
"imos_2012",3,303,"pct_cells","Podani",0.963870163952983
"imos_2012",3,303,"pct_cells","Euclidean",0.95077229305589
"imos_2012",3,303,"pct_cells","Cosine",0.675405594768942
"imos_2012",3,303,"pct_cells","eJaccard",0.897014630069905
"imos_2012",3,303,"pct_cells","eDice",0.453276786309812
"imos_2012",3,303,"pct_cells","Recursive Relationality",0.951035408436238
"imos_2012",3,303,"rk_corrected","Correlation",-0.0953467667831248
"imos_2012",3,303,"rk_corrected","Original Relationality",-0.774332212040564
"imos_2012",3,303,"rk_corrected","ACE",-0.374554845978903
"imos_2012",3,303,"rk_corrected","Podani",-0.215176769818574
"imos_2012",3,303,"rk_corrected","Euclidean",-0.339933744490955
"imos_2012",3,303,"rk_corrected","Cosine",-0.329377427435751
"imos_2012",3,303,"rk_corrected","eJaccard",0.273910523876116
"imos_2012",3,303,"rk_corrected","eDice",-0.130676354633759
"imos_2012",3,303,"rk_corrected","Recursive Relationality",-0.141876333359768
"imos_2012",3,303,"positional","Correlation",1.70488571880073
"imos_2012",3,303,"positional","Original Relationality",1.54176404345362
"imos_2012",3,303,"positional","ACE",1.48730725718384
"imos_2012",3,303,"positional","Podani",1.38441349399771
"imos_2012",3,303,"positional","Euclidean",1.59539774062961
"imos_2012",3,303,"positional","Cosine",1.14055276964121
"imos_2012",3,303,"positional","eJaccard",2.19564856969471
"imos_2012",3,303,"positional","eDice",2.11151080852222
"imos_2012",3,303,"positional","Recursive Relationality",1.52184170908315
"imos_2015",1,101,"primary","Correlation",-0.403759847913431
"imos_2015",1,101,"primary","Original Relationality",-1.15651810548413
"imos_2015",1,101,"primary","ACE",-0.691494815471972
"imos_2015",1,101,"primary","Podani",-0.576302178524621
"imos_2015",1,101,"primary","Euclidean",-0.860685009881671
"imos_2015",1,101,"primary","Cosine",-0.677734715449112
"imos_2015",1,101,"primary","eJaccard",0.044546136412429
"imos_2015",1,101,"primary","eDice",-0.295422623060013
"imos_2015",1,101,"primary","Recursive Relationality",-0.415959730891068
"imos_2015",1,101,"pct_cells","Correlation",1.05525456297987
"imos_2015",1,101,"pct_cells","Original Relationality",0.616561766230719
"imos_2015",1,101,"pct_cells","ACE",0.919559371455704
"imos_2015",1,101,"pct_cells","Podani",1.0165071287897
"imos_2015",1,101,"pct_cells","Euclidean",0.961750513004425
"imos_2015",1,101,"pct_cells","Cosine",0.750823238562217
"imos_2015",1,101,"pct_cells","eJaccard",0.937405766560242
"imos_2015",1,101,"pct_cells","eDice",0.522748013115934
"imos_2015",1,101,"pct_cells","Recursive Relationality",1.03600837410644
"imos_2015",1,101,"rk_corrected","Correlation",-0.390609495464297
"imos_2015",1,101,"rk_corrected","Original Relationality",-1.15155256999045
"imos_2015",1,101,"rk_corrected","ACE",-0.669861117636579
"imos_2015",1,101,"rk_corrected","Podani",-0.567254352149888
"imos_2015",1,101,"rk_corrected","Euclidean",-0.813965229224587
"imos_2015",1,101,"rk_corrected","Cosine",-0.63676789118376
"imos_2015",1,101,"rk_corrected","eJaccard",0.0732020351610474
"imos_2015",1,101,"rk_corrected","eDice",-0.277253734420993
"imos_2015",1,101,"rk_corrected","Recursive Relationality",-0.419011747851791
"imos_2015",1,101,"positional","Correlation",1.87805363059593
"imos_2015",1,101,"positional","Original Relationality",1.76048229854902
"imos_2015",1,101,"positional","ACE",1.69152739533689
"imos_2015",1,101,"positional","Podani",1.4929924283406
"imos_2015",1,101,"positional","Euclidean",1.69163647808767
"imos_2015",1,101,"positional","Cosine",1.2572347717778
"imos_2015",1,101,"positional","eJaccard",2.42904268841958
"imos_2015",1,101,"positional","eDice",2.43613181409832
"imos_2015",1,101,"positional","Recursive Relationality",1.66611361315874
"imos_2015",2,202,"primary","Correlation",-0.403759847913431
"imos_2015",2,202,"primary","Original Relationality",-1.15651810548413
"imos_2015",2,202,"primary","ACE",-0.691494815471972
"imos_2015",2,202,"primary","Podani",-0.576302178524621
"imos_2015",2,202,"primary","Euclidean",-0.860685009881671
"imos_2015",2,202,"primary","Cosine",-0.677734715449112
"imos_2015",2,202,"primary","eJaccard",0.044546136412429
"imos_2015",2,202,"primary","eDice",-0.295422623060013
"imos_2015",2,202,"primary","Recursive Relationality",-0.415959730891068
"imos_2015",2,202,"pct_cells","Correlation",1.05525456297987
"imos_2015",2,202,"pct_cells","Original Relationality",0.616561766230719
"imos_2015",2,202,"pct_cells","ACE",0.919559371455704
"imos_2015",2,202,"pct_cells","Podani",1.0165071287897
"imos_2015",2,202,"pct_cells","Euclidean",0.961750513004425
"imos_2015",2,202,"pct_cells","Cosine",0.750823238562217
"imos_2015",2,202,"pct_cells","eJaccard",0.937405766560242
"imos_2015",2,202,"pct_cells","eDice",0.522748013115934
"imos_2015",2,202,"pct_cells","Recursive Relationality",1.03600837410644
"imos_2015",2,202,"rk_corrected","Correlation",-0.390609495464297
"imos_2015",2,202,"rk_corrected","Original Relationality",-1.15155256999045
"imos_2015",2,202,"rk_corrected","ACE",-0.669861117636579
"imos_2015",2,202,"rk_corrected","Podani",-0.567254352149888
"imos_2015",2,202,"rk_corrected","Euclidean",-0.813965229224587
"imos_2015",2,202,"rk_corrected","Cosine",-0.63676789118376
"imos_2015",2,202,"rk_corrected","eJaccard",0.0732020351610474
"imos_2015",2,202,"rk_corrected","eDice",-0.277253734420993
"imos_2015",2,202,"rk_corrected","Recursive Relationality",-0.419011747851791
"imos_2015",2,202,"positional","Correlation",1.87805363059593
"imos_2015",2,202,"positional","Original Relationality",1.76048229854902
"imos_2015",2,202,"positional","ACE",1.69152739533689
"imos_2015",2,202,"positional","Podani",1.4929924283406
"imos_2015",2,202,"positional","Euclidean",1.69163647808767
"imos_2015",2,202,"positional","Cosine",1.2572347717778
"imos_2015",2,202,"positional","eJaccard",2.42904268841958
"imos_2015",2,202,"positional","eDice",2.43613181409832
"imos_2015",2,202,"positional","Recursive Relationality",1.66611361315874
"imos_2015",3,303,"primary","Correlation",-0.403759847913431
"imos_2015",3,303,"primary","Original Relationality",-1.15651810548413
"imos_2015",3,303,"primary","ACE",-0.691494815471972
"imos_2015",3,303,"primary","Podani",-0.576302178524621
"imos_2015",3,303,"primary","Euclidean",-0.860685009881671
"imos_2015",3,303,"primary","Cosine",-0.677734715449112
"imos_2015",3,303,"primary","eJaccard",0.044546136412429
"imos_2015",3,303,"primary","eDice",-0.295422623060013
"imos_2015",3,303,"primary","Recursive Relationality",-0.415959730891068
"imos_2015",3,303,"pct_cells","Correlation",1.05525456297987
"imos_2015",3,303,"pct_cells","Original Relationality",0.616561766230719
"imos_2015",3,303,"pct_cells","ACE",0.919559371455704
"imos_2015",3,303,"pct_cells","Podani",1.0165071287897
"imos_2015",3,303,"pct_cells","Euclidean",0.961750513004425
"imos_2015",3,303,"pct_cells","Cosine",0.750823238562217
"imos_2015",3,303,"pct_cells","eJaccard",0.937405766560242
"imos_2015",3,303,"pct_cells","eDice",0.522748013115934
"imos_2015",3,303,"pct_cells","Recursive Relationality",1.03600837410644
"imos_2015",3,303,"rk_corrected","Correlation",-0.390609495464297
"imos_2015",3,303,"rk_corrected","Original Relationality",-1.15155256999045
"imos_2015",3,303,"rk_corrected","ACE",-0.669861117636579
"imos_2015",3,303,"rk_corrected","Podani",-0.567254352149888
"imos_2015",3,303,"rk_corrected","Euclidean",-0.813965229224587
"imos_2015",3,303,"rk_corrected","Cosine",-0.63676789118376
"imos_2015",3,303,"rk_corrected","eJaccard",0.0732020351610474
"imos_2015",3,303,"rk_corrected","eDice",-0.277253734420993
"imos_2015",3,303,"rk_corrected","Recursive Relationality",-0.419011747851791
"imos_2015",3,303,"positional","Correlation",1.87805363059593
"imos_2015",3,303,"positional","Original Relationality",1.76048229854902
"imos_2015",3,303,"positional","ACE",1.69152739533689
"imos_2015",3,303,"positional","Podani",1.4929924283406
"imos_2015",3,303,"positional","Euclidean",1.69163647808767
"imos_2015",3,303,"positional","Cosine",1.2572347717778
"imos_2015",3,303,"positional","eJaccard",2.42904268841958
"imos_2015",3,303,"positional","eDice",2.43613181409832
"imos_2015",3,303,"positional","Recursive Relationality",1.66611361315874
"karajko2025_ai_benefit",1,101,"primary","Correlation",0.364651665832985
"karajko2025_ai_benefit",1,101,"primary","Original Relationality",0.0792638971258552
"karajko2025_ai_benefit",1,101,"primary","ACE",0.21425495622731
"karajko2025_ai_benefit",1,101,"primary","Podani",0.226802453048775
"karajko2025_ai_benefit",1,101,"primary","Euclidean",-0.112787220497114
"karajko2025_ai_benefit",1,101,"primary","Cosine",0.176781579806498
"karajko2025_ai_benefit",1,101,"primary","eJaccard",0.372763700115756
"karajko2025_ai_benefit",1,101,"primary","eDice",0.339660349116415
"karajko2025_ai_benefit",1,101,"primary","Recursive Relationality",0.385542327840579
"karajko2025_ai_benefit",1,101,"pct_cells","Correlation",1.02124049581692
"karajko2025_ai_benefit",1,101,"pct_cells","Original Relationality",0.877189147037907
"karajko2025_ai_benefit",1,101,"pct_cells","ACE",0.939265056016465
"karajko2025_ai_benefit",1,101,"pct_cells","Podani",0.943601952538791
"karajko2025_ai_benefit",1,101,"pct_cells","Euclidean",0.707349166613909
"karajko2025_ai_benefit",1,101,"pct_cells","Cosine",0.819664329000359
"karajko2025_ai_benefit",1,101,"pct_cells","eJaccard",0.774570327604589
"karajko2025_ai_benefit",1,101,"pct_cells","eDice",0.707855273527799
"karajko2025_ai_benefit",1,101,"pct_cells","Recursive Relationality",1.03896016396093
"karajko2025_ai_benefit",1,101,"rk_corrected","Correlation",0.379914314414065
"karajko2025_ai_benefit",1,101,"rk_corrected","Original Relationality",0.0850270296008158
"karajko2025_ai_benefit",1,101,"rk_corrected","ACE",0.239363600946001
"karajko2025_ai_benefit",1,101,"rk_corrected","Podani",0.237303600825181
"karajko2025_ai_benefit",1,101,"rk_corrected","Euclidean",-0.0585630012822778
"karajko2025_ai_benefit",1,101,"rk_corrected","Cosine",0.224328764922901
"karajko2025_ai_benefit",1,101,"rk_corrected","eJaccard",0.406022497860296
"karajko2025_ai_benefit",1,101,"rk_corrected","eDice",0.36074764418921
"karajko2025_ai_benefit",1,101,"rk_corrected","Recursive Relationality",0.382000075835153
"karajko2025_ai_benefit",1,101,"positional","Correlation",2.30095465439125
"karajko2025_ai_benefit",1,101,"positional","Original Relationality",2.71150811124062
"karajko2025_ai_benefit",1,101,"positional","ACE",2.2225086671713
"karajko2025_ai_benefit",1,101,"positional","Podani",1.76938959446962
"karajko2025_ai_benefit",1,101,"positional","Euclidean",1.85471789114966
"karajko2025_ai_benefit",1,101,"positional","Cosine",1.55122010235508
"karajko2025_ai_benefit",1,101,"positional","eJaccard",2.96998970855838
"karajko2025_ai_benefit",1,101,"positional","eDice",3.64032479905713
"karajko2025_ai_benefit",1,101,"positional","Recursive Relationality",2.04389859727004
"karajko2025_ai_benefit",2,202,"primary","Correlation",0.364651665832985
"karajko2025_ai_benefit",2,202,"primary","Original Relationality",0.0792638971258552
"karajko2025_ai_benefit",2,202,"primary","ACE",0.21425495622731
"karajko2025_ai_benefit",2,202,"primary","Podani",0.226802453048775
"karajko2025_ai_benefit",2,202,"primary","Euclidean",-0.112787220497114
"karajko2025_ai_benefit",2,202,"primary","Cosine",0.176781579806498
"karajko2025_ai_benefit",2,202,"primary","eJaccard",0.372763700115756
"karajko2025_ai_benefit",2,202,"primary","eDice",0.339660349116415
"karajko2025_ai_benefit",2,202,"primary","Recursive Relationality",0.385542327840579
"karajko2025_ai_benefit",2,202,"pct_cells","Correlation",1.02124049581692
"karajko2025_ai_benefit",2,202,"pct_cells","Original Relationality",0.877189147037907
"karajko2025_ai_benefit",2,202,"pct_cells","ACE",0.939265056016465
"karajko2025_ai_benefit",2,202,"pct_cells","Podani",0.943601952538791
"karajko2025_ai_benefit",2,202,"pct_cells","Euclidean",0.707349166613909
"karajko2025_ai_benefit",2,202,"pct_cells","Cosine",0.819664329000359
"karajko2025_ai_benefit",2,202,"pct_cells","eJaccard",0.774570327604589
"karajko2025_ai_benefit",2,202,"pct_cells","eDice",0.707855273527799
"karajko2025_ai_benefit",2,202,"pct_cells","Recursive Relationality",1.03896016396093
"karajko2025_ai_benefit",2,202,"rk_corrected","Correlation",0.379914314414065
"karajko2025_ai_benefit",2,202,"rk_corrected","Original Relationality",0.0850270296008158
"karajko2025_ai_benefit",2,202,"rk_corrected","ACE",0.239363600946001
"karajko2025_ai_benefit",2,202,"rk_corrected","Podani",0.237303600825181
"karajko2025_ai_benefit",2,202,"rk_corrected","Euclidean",-0.0585630012822778
"karajko2025_ai_benefit",2,202,"rk_corrected","Cosine",0.224328764922901
"karajko2025_ai_benefit",2,202,"rk_corrected","eJaccard",0.406022497860296
"karajko2025_ai_benefit",2,202,"rk_corrected","eDice",0.36074764418921
"karajko2025_ai_benefit",2,202,"rk_corrected","Recursive Relationality",0.382000075835153
"karajko2025_ai_benefit",2,202,"positional","Correlation",2.30095465439125
"karajko2025_ai_benefit",2,202,"positional","Original Relationality",2.71150811124062
"karajko2025_ai_benefit",2,202,"positional","ACE",2.2225086671713
"karajko2025_ai_benefit",2,202,"positional","Podani",1.76938959446962
"karajko2025_ai_benefit",2,202,"positional","Euclidean",1.85471789114966
"karajko2025_ai_benefit",2,202,"positional","Cosine",1.55122010235508
"karajko2025_ai_benefit",2,202,"positional","eJaccard",2.96998970855838
"karajko2025_ai_benefit",2,202,"positional","eDice",3.64032479905713
"karajko2025_ai_benefit",2,202,"positional","Recursive Relationality",2.04389859727004
"karajko2025_ai_benefit",3,303,"primary","Correlation",0.364651665832985
"karajko2025_ai_benefit",3,303,"primary","Original Relationality",0.0792638971258552
"karajko2025_ai_benefit",3,303,"primary","ACE",0.21425495622731
"karajko2025_ai_benefit",3,303,"primary","Podani",0.226802453048775
"karajko2025_ai_benefit",3,303,"primary","Euclidean",-0.112787220497114
"karajko2025_ai_benefit",3,303,"primary","Cosine",0.176781579806498
"karajko2025_ai_benefit",3,303,"primary","eJaccard",0.372763700115756
"karajko2025_ai_benefit",3,303,"primary","eDice",0.339660349116415
"karajko2025_ai_benefit",3,303,"primary","Recursive Relationality",0.385542327840579
"karajko2025_ai_benefit",3,303,"pct_cells","Correlation",1.02124049581692
"karajko2025_ai_benefit",3,303,"pct_cells","Original Relationality",0.877189147037907
"karajko2025_ai_benefit",3,303,"pct_cells","ACE",0.939265056016465
"karajko2025_ai_benefit",3,303,"pct_cells","Podani",0.943601952538791
"karajko2025_ai_benefit",3,303,"pct_cells","Euclidean",0.707349166613909
"karajko2025_ai_benefit",3,303,"pct_cells","Cosine",0.819664329000359
"karajko2025_ai_benefit",3,303,"pct_cells","eJaccard",0.774570327604589
"karajko2025_ai_benefit",3,303,"pct_cells","eDice",0.707855273527799
"karajko2025_ai_benefit",3,303,"pct_cells","Recursive Relationality",1.03896016396093
"karajko2025_ai_benefit",3,303,"rk_corrected","Correlation",0.379914314414065
"karajko2025_ai_benefit",3,303,"rk_corrected","Original Relationality",0.0850270296008158
"karajko2025_ai_benefit",3,303,"rk_corrected","ACE",0.239363600946001
"karajko2025_ai_benefit",3,303,"rk_corrected","Podani",0.237303600825181
"karajko2025_ai_benefit",3,303,"rk_corrected","Euclidean",-0.0585630012822778
"karajko2025_ai_benefit",3,303,"rk_corrected","Cosine",0.224328764922901
"karajko2025_ai_benefit",3,303,"rk_corrected","eJaccard",0.406022497860296
"karajko2025_ai_benefit",3,303,"rk_corrected","eDice",0.36074764418921
"karajko2025_ai_benefit",3,303,"rk_corrected","Recursive Relationality",0.382000075835153
"karajko2025_ai_benefit",3,303,"positional","Correlation",2.30095465439125
"karajko2025_ai_benefit",3,303,"positional","Original Relationality",2.71150811124062
"karajko2025_ai_benefit",3,303,"positional","ACE",2.2225086671713
"karajko2025_ai_benefit",3,303,"positional","Podani",1.76938959446962
"karajko2025_ai_benefit",3,303,"positional","Euclidean",1.85471789114966
"karajko2025_ai_benefit",3,303,"positional","Cosine",1.55122010235508
"karajko2025_ai_benefit",3,303,"positional","eJaccard",2.96998970855838
"karajko2025_ai_benefit",3,303,"positional","eDice",3.64032479905713
"karajko2025_ai_benefit",3,303,"positional","Recursive Relationality",2.04389859727004
"karajko2025_ai_governance",1,101,"primary","Correlation",-0.740047806253727
"karajko2025_ai_governance",1,101,"primary","Original Relationality",-1.31296065755395
"karajko2025_ai_governance",1,101,"primary","ACE",-0.99214816610475
"karajko2025_ai_governance",1,101,"primary","Podani",-0.92481038248829
"karajko2025_ai_governance",1,101,"primary","Euclidean",-1.26559678887264
"karajko2025_ai_governance",1,101,"primary","Cosine",-0.915940564766657
"karajko2025_ai_governance",1,101,"primary","eJaccard",-0.429184132553649
"karajko2025_ai_governance",1,101,"primary","eDice",-0.502074977502156
"karajko2025_ai_governance",1,101,"primary","Recursive Relationality",-0.717865868138735
"karajko2025_ai_governance",1,101,"pct_cells","Correlation",0.719454058356234
"karajko2025_ai_governance",1,101,"pct_cells","Original Relationality",0.460711596502663
"karajko2025_ai_governance",1,101,"pct_cells","ACE",0.619444270716341
"karajko2025_ai_governance",1,101,"pct_cells","Podani",0.668531079142659
"karajko2025_ai_governance",1,101,"pct_cells","Euclidean",0.557447605976868
"karajko2025_ai_governance",1,101,"pct_cells","Cosine",0.513094667521668
"karajko2025_ai_governance",1,101,"pct_cells","eJaccard",0.463973800161924
"karajko2025_ai_governance",1,101,"pct_cells","eDice",0.316369007802139
"karajko2025_ai_governance",1,101,"pct_cells","Recursive Relationality",0.734587336419115
"karajko2025_ai_governance",1,101,"rk_corrected","Correlation",-0.752510609891239
"karajko2025_ai_governance",1,101,"rk_corrected","Original Relationality",-1.31766657658176
"karajko2025_ai_governance",1,101,"rk_corrected","ACE",-1.012650774618
"karajko2025_ai_governance",1,101,"rk_corrected","Podani",-0.933385155209461
"karajko2025_ai_governance",1,101,"rk_corrected","Euclidean",-1.30987388749559
"karajko2025_ai_governance",1,101,"rk_corrected","Cosine",-0.954765492725542
"karajko2025_ai_governance",1,101,"rk_corrected","eJaccard",-0.456341795478798
"karajko2025_ai_governance",1,101,"rk_corrected","eDice",-0.51929392979228
"karajko2025_ai_governance",1,101,"rk_corrected","Recursive Relationality",-0.71497342185435
"karajko2025_ai_governance",1,101,"positional","Correlation",2.17560903501777
"karajko2025_ai_governance",1,101,"positional","Original Relationality",2.55932158407516
"karajko2025_ai_governance",1,101,"positional","ACE",2.05473178955559
"karajko2025_ai_governance",1,101,"positional","Podani",1.61012461405175
"karajko2025_ai_governance",1,101,"positional","Euclidean",1.87784062758447
"karajko2025_ai_governance",1,101,"positional","Cosine",1.33888525684691
"karajko2025_ai_governance",1,101,"positional","eJaccard",2.98515704353931
"karajko2025_ai_governance",1,101,"positional","eDice",3.65787587288444
"karajko2025_ai_governance",1,101,"positional","Recursive Relationality",1.85661898806078
"karajko2025_ai_governance",2,202,"primary","Correlation",-0.740047806253727
"karajko2025_ai_governance",2,202,"primary","Original Relationality",-1.31296065755395
"karajko2025_ai_governance",2,202,"primary","ACE",-0.99214816610475
"karajko2025_ai_governance",2,202,"primary","Podani",-0.92481038248829
"karajko2025_ai_governance",2,202,"primary","Euclidean",-1.26559678887264
"karajko2025_ai_governance",2,202,"primary","Cosine",-0.915940564766657
"karajko2025_ai_governance",2,202,"primary","eJaccard",-0.429184132553649
"karajko2025_ai_governance",2,202,"primary","eDice",-0.502074977502156
"karajko2025_ai_governance",2,202,"primary","Recursive Relationality",-0.717865868138735
"karajko2025_ai_governance",2,202,"pct_cells","Correlation",0.719454058356234
"karajko2025_ai_governance",2,202,"pct_cells","Original Relationality",0.460711596502663
"karajko2025_ai_governance",2,202,"pct_cells","ACE",0.619444270716341
"karajko2025_ai_governance",2,202,"pct_cells","Podani",0.668531079142659
"karajko2025_ai_governance",2,202,"pct_cells","Euclidean",0.557447605976868
"karajko2025_ai_governance",2,202,"pct_cells","Cosine",0.513094667521668
"karajko2025_ai_governance",2,202,"pct_cells","eJaccard",0.463973800161924
"karajko2025_ai_governance",2,202,"pct_cells","eDice",0.316369007802139
"karajko2025_ai_governance",2,202,"pct_cells","Recursive Relationality",0.734587336419115
"karajko2025_ai_governance",2,202,"rk_corrected","Correlation",-0.752510609891239
"karajko2025_ai_governance",2,202,"rk_corrected","Original Relationality",-1.31766657658176
"karajko2025_ai_governance",2,202,"rk_corrected","ACE",-1.012650774618
"karajko2025_ai_governance",2,202,"rk_corrected","Podani",-0.933385155209461
"karajko2025_ai_governance",2,202,"rk_corrected","Euclidean",-1.30987388749559
"karajko2025_ai_governance",2,202,"rk_corrected","Cosine",-0.954765492725542
"karajko2025_ai_governance",2,202,"rk_corrected","eJaccard",-0.456341795478798
"karajko2025_ai_governance",2,202,"rk_corrected","eDice",-0.51929392979228
"karajko2025_ai_governance",2,202,"rk_corrected","Recursive Relationality",-0.71497342185435
"karajko2025_ai_governance",2,202,"positional","Correlation",2.17560903501777
"karajko2025_ai_governance",2,202,"positional","Original Relationality",2.55932158407516
"karajko2025_ai_governance",2,202,"positional","ACE",2.05473178955559
"karajko2025_ai_governance",2,202,"positional","Podani",1.61012461405175
"karajko2025_ai_governance",2,202,"positional","Euclidean",1.87784062758447
"karajko2025_ai_governance",2,202,"positional","Cosine",1.33888525684691
"karajko2025_ai_governance",2,202,"positional","eJaccard",2.98515704353931
"karajko2025_ai_governance",2,202,"positional","eDice",3.65787587288444
"karajko2025_ai_governance",2,202,"positional","Recursive Relationality",1.85661898806078
"karajko2025_ai_governance",3,303,"primary","Correlation",-0.740047806253727
"karajko2025_ai_governance",3,303,"primary","Original Relationality",-1.31296065755395
"karajko2025_ai_governance",3,303,"primary","ACE",-0.99214816610475
"karajko2025_ai_governance",3,303,"primary","Podani",-0.92481038248829
"karajko2025_ai_governance",3,303,"primary","Euclidean",-1.26559678887264
"karajko2025_ai_governance",3,303,"primary","Cosine",-0.915940564766657
"karajko2025_ai_governance",3,303,"primary","eJaccard",-0.429184132553649
"karajko2025_ai_governance",3,303,"primary","eDice",-0.502074977502156
"karajko2025_ai_governance",3,303,"primary","Recursive Relationality",-0.717865868138735
"karajko2025_ai_governance",3,303,"pct_cells","Correlation",0.719454058356234
"karajko2025_ai_governance",3,303,"pct_cells","Original Relationality",0.460711596502663
"karajko2025_ai_governance",3,303,"pct_cells","ACE",0.619444270716341
"karajko2025_ai_governance",3,303,"pct_cells","Podani",0.668531079142659
"karajko2025_ai_governance",3,303,"pct_cells","Euclidean",0.557447605976868
"karajko2025_ai_governance",3,303,"pct_cells","Cosine",0.513094667521668
"karajko2025_ai_governance",3,303,"pct_cells","eJaccard",0.463973800161924
"karajko2025_ai_governance",3,303,"pct_cells","eDice",0.316369007802139
"karajko2025_ai_governance",3,303,"pct_cells","Recursive Relationality",0.734587336419115
"karajko2025_ai_governance",3,303,"rk_corrected","Correlation",-0.752510609891239
"karajko2025_ai_governance",3,303,"rk_corrected","Original Relationality",-1.31766657658176
"karajko2025_ai_governance",3,303,"rk_corrected","ACE",-1.012650774618
"karajko2025_ai_governance",3,303,"rk_corrected","Podani",-0.933385155209461
"karajko2025_ai_governance",3,303,"rk_corrected","Euclidean",-1.30987388749559
"karajko2025_ai_governance",3,303,"rk_corrected","Cosine",-0.954765492725542
"karajko2025_ai_governance",3,303,"rk_corrected","eJaccard",-0.456341795478798
"karajko2025_ai_governance",3,303,"rk_corrected","eDice",-0.51929392979228
"karajko2025_ai_governance",3,303,"rk_corrected","Recursive Relationality",-0.71497342185435
"karajko2025_ai_governance",3,303,"positional","Correlation",2.17560903501777
"karajko2025_ai_governance",3,303,"positional","Original Relationality",2.55932158407516
"karajko2025_ai_governance",3,303,"positional","ACE",2.05473178955559
"karajko2025_ai_governance",3,303,"positional","Podani",1.61012461405175
"karajko2025_ai_governance",3,303,"positional","Euclidean",1.87784062758447
"karajko2025_ai_governance",3,303,"positional","Cosine",1.33888525684691
"karajko2025_ai_governance",3,303,"positional","eJaccard",2.98515704353931
"karajko2025_ai_governance",3,303,"positional","eDice",3.65787587288444
"karajko2025_ai_governance",3,303,"positional","Recursive Relationality",1.85661898806078
"liu_2025_learning_motivation",3,303,"primary","Correlation",-1.21808430300277
"liu_2025_learning_motivation",3,303,"primary","Original Relationality",-2.01547885400511
"liu_2025_learning_motivation",3,303,"primary","ACE",-1.52183584363393
"liu_2025_learning_motivation",3,303,"primary","Podani",-1.46927115952105
"liu_2025_learning_motivation",3,303,"primary","Euclidean",-1.87053889660331
"liu_2025_learning_motivation",3,303,"primary","Cosine",-1.44550055710573
"liu_2025_learning_motivation",3,303,"primary","eJaccard",-0.651407255838402
"liu_2025_learning_motivation",3,303,"primary","eDice",-0.800764290206575
"liu_2025_learning_motivation",3,303,"primary","Recursive Relationality",-1.22272093250843
"liu_2025_learning_motivation",3,303,"pct_cells","Correlation",0.834150515483791
"liu_2025_learning_motivation",3,303,"pct_cells","Original Relationality",0.478517244678386
"liu_2025_learning_motivation",3,303,"pct_cells","ACE",0.744256576150485
"liu_2025_learning_motivation",3,303,"pct_cells","Podani",0.771158198320958
"liu_2025_learning_motivation",3,303,"pct_cells","Euclidean",0.69288035860727
"liu_2025_learning_motivation",3,303,"pct_cells","Cosine",0.563894519158787
"liu_2025_learning_motivation",3,303,"pct_cells","eJaccard",0.604480011161578
"liu_2025_learning_motivation",3,303,"pct_cells","eDice",0.350066198160939
"liu_2025_learning_motivation",3,303,"pct_cells","Recursive Relationality",0.819602623832204
"liu_2025_learning_motivation",3,303,"rk_corrected","Correlation",-1.23794963998623
"liu_2025_learning_motivation",3,303,"rk_corrected","Original Relationality",-2.02297994846373
"liu_2025_learning_motivation",3,303,"rk_corrected","ACE",-1.55451638960111
"liu_2025_learning_motivation",3,303,"rk_corrected","Podani",-1.4829390912816
"liu_2025_learning_motivation",3,303,"rk_corrected","Euclidean",-1.94111527013675
"liu_2025_learning_motivation",3,303,"rk_corrected","Cosine",-1.50738633334796
"liu_2025_learning_motivation",3,303,"rk_corrected","eJaccard",-0.694695759884756
"liu_2025_learning_motivation",3,303,"rk_corrected","eDice",-0.828210786171246
"liu_2025_learning_motivation",3,303,"rk_corrected","Recursive Relationality",-1.21811045947066
"liu_2025_learning_motivation",3,303,"positional","Correlation",1.82784773014312
"liu_2025_learning_motivation",3,303,"positional","Original Relationality",1.89930753171567
"liu_2025_learning_motivation",3,303,"positional","ACE",1.67681552097023
"liu_2025_learning_motivation",3,303,"positional","Podani",1.36666077991393
"liu_2025_learning_motivation",3,303,"positional","Euclidean",1.57536925562049
"liu_2025_learning_motivation",3,303,"positional","Cosine",1.13529207573929
"liu_2025_learning_motivation",3,303,"positional","eJaccard",2.38798133022679
"liu_2025_learning_motivation",3,303,"positional","eDice",2.66876656474029
"liu_2025_learning_motivation",3,303,"positional","Recursive Relationality",1.55413945827589
"lorenz_2016_optimism2",1,101,"primary","Correlation",-0.800018014473618
"lorenz_2016_optimism2",1,101,"primary","Original Relationality",-1.37967785791178
"lorenz_2016_optimism2",1,101,"primary","ACE",-1.08571874103222
"lorenz_2016_optimism2",1,101,"primary","Podani",-0.985847134475339
"lorenz_2016_optimism2",1,101,"primary","Euclidean",-1.3405012472601
"lorenz_2016_optimism2",1,101,"primary","Cosine",-1.01359228419739
"lorenz_2016_optimism2",1,101,"primary","eJaccard",-0.432101216370121
"lorenz_2016_optimism2",1,101,"primary","eDice",-0.512861805192566
"lorenz_2016_optimism2",1,101,"primary","Recursive Relationality",-0.775976240746364
"lorenz_2016_optimism2",1,101,"pct_cells","Correlation",0.732434664328661
"lorenz_2016_optimism2",1,101,"pct_cells","Original Relationality",0.48264850353669
"lorenz_2016_optimism2",1,101,"pct_cells","ACE",0.606426508541668
"lorenz_2016_optimism2",1,101,"pct_cells","Podani",0.68713489475668
"lorenz_2016_optimism2",1,101,"pct_cells","Euclidean",0.573665040707747
"lorenz_2016_optimism2",1,101,"pct_cells","Cosine",0.48687093748429
"lorenz_2016_optimism2",1,101,"pct_cells","eJaccard",0.505699755161536
"lorenz_2016_optimism2",1,101,"pct_cells","eDice",0.346490764435265
"lorenz_2016_optimism2",1,101,"pct_cells","Recursive Relationality",0.749075462256744
"lorenz_2016_optimism2",1,101,"rk_corrected","Correlation",-0.785407299783528
"lorenz_2016_optimism2",1,101,"rk_corrected","Original Relationality",-1.37416089381047
"lorenz_2016_optimism2",1,101,"rk_corrected","ACE",-1.06168259538615
"lorenz_2016_optimism2",1,101,"rk_corrected","Podani",-0.975794536247417
"lorenz_2016_optimism2",1,101,"rk_corrected","Euclidean",-1.28859317953305
"lorenz_2016_optimism2",1,101,"rk_corrected","Cosine",-0.968076045494635
"lorenz_2016_optimism2",1,101,"rk_corrected","eJaccard",-0.400263046068324
"lorenz_2016_optimism2",1,101,"rk_corrected","eDice",-0.492675239914749
"lorenz_2016_optimism2",1,101,"rk_corrected","Recursive Relationality",-0.779367187811465
"lorenz_2016_optimism2",1,101,"positional","Correlation",2.01753673245092
"lorenz_2016_optimism2",1,101,"positional","Original Relationality",2.33389093472046
"lorenz_2016_optimism2",1,101,"positional","ACE",1.8615265052297
"lorenz_2016_optimism2",1,101,"positional","Podani",1.5036881887314
"lorenz_2016_optimism2",1,101,"positional","Euclidean",1.7313529181726
"lorenz_2016_optimism2",1,101,"positional","Cosine",1.21455410347616
"lorenz_2016_optimism2",1,101,"positional","eJaccard",2.75307537621792
"lorenz_2016_optimism2",1,101,"positional","eDice",3.31754601101134
"lorenz_2016_optimism2",1,101,"positional","Recursive Relationality",1.73023684313767
"lorenz_2016_optimism2",2,202,"primary","Correlation",-0.800018014473618
"lorenz_2016_optimism2",2,202,"primary","Original Relationality",-1.37967785791178
"lorenz_2016_optimism2",2,202,"primary","ACE",-1.08571874103222
"lorenz_2016_optimism2",2,202,"primary","Podani",-0.985847134475339
"lorenz_2016_optimism2",2,202,"primary","Euclidean",-1.3405012472601
"lorenz_2016_optimism2",2,202,"primary","Cosine",-1.01359228419739
"lorenz_2016_optimism2",2,202,"primary","eJaccard",-0.432101216370121
"lorenz_2016_optimism2",2,202,"primary","eDice",-0.512861805192566
"lorenz_2016_optimism2",2,202,"primary","Recursive Relationality",-0.775976240746364
"lorenz_2016_optimism2",2,202,"pct_cells","Correlation",0.732434664328661
"lorenz_2016_optimism2",2,202,"pct_cells","Original Relationality",0.48264850353669
"lorenz_2016_optimism2",2,202,"pct_cells","ACE",0.606426508541668
"lorenz_2016_optimism2",2,202,"pct_cells","Podani",0.68713489475668
"lorenz_2016_optimism2",2,202,"pct_cells","Euclidean",0.573665040707747
"lorenz_2016_optimism2",2,202,"pct_cells","Cosine",0.48687093748429
"lorenz_2016_optimism2",2,202,"pct_cells","eJaccard",0.505699755161536
"lorenz_2016_optimism2",2,202,"pct_cells","eDice",0.346490764435265
"lorenz_2016_optimism2",2,202,"pct_cells","Recursive Relationality",0.749075462256744
"lorenz_2016_optimism2",2,202,"rk_corrected","Correlation",-0.785407299783528
"lorenz_2016_optimism2",2,202,"rk_corrected","Original Relationality",-1.37416089381047
"lorenz_2016_optimism2",2,202,"rk_corrected","ACE",-1.06168259538615
"lorenz_2016_optimism2",2,202,"rk_corrected","Podani",-0.975794536247417
"lorenz_2016_optimism2",2,202,"rk_corrected","Euclidean",-1.28859317953305
"lorenz_2016_optimism2",2,202,"rk_corrected","Cosine",-0.968076045494635
"lorenz_2016_optimism2",2,202,"rk_corrected","eJaccard",-0.400263046068324
"lorenz_2016_optimism2",2,202,"rk_corrected","eDice",-0.492675239914749
"lorenz_2016_optimism2",2,202,"rk_corrected","Recursive Relationality",-0.779367187811465
"lorenz_2016_optimism2",2,202,"positional","Correlation",2.01753673245092
"lorenz_2016_optimism2",2,202,"positional","Original Relationality",2.33389093472046
"lorenz_2016_optimism2",2,202,"positional","ACE",1.8615265052297
"lorenz_2016_optimism2",2,202,"positional","Podani",1.5036881887314
"lorenz_2016_optimism2",2,202,"positional","Euclidean",1.7313529181726
"lorenz_2016_optimism2",2,202,"positional","Cosine",1.21455410347616
"lorenz_2016_optimism2",2,202,"positional","eJaccard",2.75307537621792
"lorenz_2016_optimism2",2,202,"positional","eDice",3.31754601101134
"lorenz_2016_optimism2",2,202,"positional","Recursive Relationality",1.73023684313767
"lorenz_2016_optimism2",3,303,"primary","Correlation",-0.800018014473618
"lorenz_2016_optimism2",3,303,"primary","Original Relationality",-1.37967785791178
"lorenz_2016_optimism2",3,303,"primary","ACE",-1.08571874103222
"lorenz_2016_optimism2",3,303,"primary","Podani",-0.985847134475339
"lorenz_2016_optimism2",3,303,"primary","Euclidean",-1.3405012472601
"lorenz_2016_optimism2",3,303,"primary","Cosine",-1.01359228419739
"lorenz_2016_optimism2",3,303,"primary","eJaccard",-0.432101216370121
"lorenz_2016_optimism2",3,303,"primary","eDice",-0.512861805192566
"lorenz_2016_optimism2",3,303,"primary","Recursive Relationality",-0.775976240746364
"lorenz_2016_optimism2",3,303,"pct_cells","Correlation",0.732434664328661
"lorenz_2016_optimism2",3,303,"pct_cells","Original Relationality",0.48264850353669
"lorenz_2016_optimism2",3,303,"pct_cells","ACE",0.606426508541668
"lorenz_2016_optimism2",3,303,"pct_cells","Podani",0.68713489475668
"lorenz_2016_optimism2",3,303,"pct_cells","Euclidean",0.573665040707747
"lorenz_2016_optimism2",3,303,"pct_cells","Cosine",0.48687093748429
"lorenz_2016_optimism2",3,303,"pct_cells","eJaccard",0.505699755161536
"lorenz_2016_optimism2",3,303,"pct_cells","eDice",0.346490764435265
"lorenz_2016_optimism2",3,303,"pct_cells","Recursive Relationality",0.749075462256744
"lorenz_2016_optimism2",3,303,"rk_corrected","Correlation",-0.785407299783528
"lorenz_2016_optimism2",3,303,"rk_corrected","Original Relationality",-1.37416089381047
"lorenz_2016_optimism2",3,303,"rk_corrected","ACE",-1.06168259538615
"lorenz_2016_optimism2",3,303,"rk_corrected","Podani",-0.975794536247417
"lorenz_2016_optimism2",3,303,"rk_corrected","Euclidean",-1.28859317953305
"lorenz_2016_optimism2",3,303,"rk_corrected","Cosine",-0.968076045494635
"lorenz_2016_optimism2",3,303,"rk_corrected","eJaccard",-0.400263046068324
"lorenz_2016_optimism2",3,303,"rk_corrected","eDice",-0.492675239914749
"lorenz_2016_optimism2",3,303,"rk_corrected","Recursive Relationality",-0.779367187811465
"lorenz_2016_optimism2",3,303,"positional","Correlation",2.01753673245092
"lorenz_2016_optimism2",3,303,"positional","Original Relationality",2.33389093472046
"lorenz_2016_optimism2",3,303,"positional","ACE",1.8615265052297
"lorenz_2016_optimism2",3,303,"positional","Podani",1.5036881887314
"lorenz_2016_optimism2",3,303,"positional","Euclidean",1.7313529181726
"lorenz_2016_optimism2",3,303,"positional","Cosine",1.21455410347616
"lorenz_2016_optimism2",3,303,"positional","eJaccard",2.75307537621792
"lorenz_2016_optimism2",3,303,"positional","eDice",3.31754601101134
"lorenz_2016_optimism2",3,303,"positional","Recursive Relationality",1.73023684313767
"merlo2025_eet",2,202,"primary","Correlation",-0.986079054898031
"merlo2025_eet",2,202,"primary","Original Relationality",-1.76667647127838
"merlo2025_eet",2,202,"primary","ACE",-1.28138163017347
"merlo2025_eet",2,202,"primary","Podani",-1.20364642582034
"merlo2025_eet",2,202,"primary","Euclidean",-1.66254023356617
"merlo2025_eet",2,202,"primary","Cosine",-1.27033656812331
"merlo2025_eet",2,202,"primary","eJaccard",-0.62237612597296
"merlo2025_eet",2,202,"primary","eDice",-0.806541194533937
"merlo2025_eet",2,202,"primary","Recursive Relationality",-0.973635171611966
"merlo2025_eet",2,202,"pct_cells","Correlation",0.749253096569601
"merlo2025_eet",2,202,"pct_cells","Original Relationality",0.342200922621385
"merlo2025_eet",2,202,"pct_cells","ACE",0.634784589610767
"merlo2025_eet",2,202,"pct_cells","Podani",0.690819579109045
"merlo2025_eet",2,202,"pct_cells","Euclidean",0.505040109183607
"merlo2025_eet",2,202,"pct_cells","Cosine",0.428771082439829
"merlo2025_eet",2,202,"pct_cells","eJaccard",0.439579130517173
"merlo2025_eet",2,202,"pct_cells","eDice",0.166579975306706
"merlo2025_eet",2,202,"pct_cells","Recursive Relationality",0.753316198227503
"merlo2025_eet",2,202,"rk_corrected","Correlation",-0.936822153143372
"merlo2025_eet",2,202,"rk_corrected","Original Relationality",-1.74807720597982
"merlo2025_eet",2,202,"rk_corrected","ACE",-1.20034890249641
"merlo2025_eet",2,202,"rk_corrected","Podani",-1.16975623948827
"merlo2025_eet",2,202,"rk_corrected","Euclidean",-1.48754327780193
"merlo2025_eet",2,202,"rk_corrected","Cosine",-1.11688829775609
"merlo2025_eet",2,202,"rk_corrected","eJaccard",-0.515040539735866
"merlo2025_eet",2,202,"rk_corrected","eDice",-0.738486504277897
"merlo2025_eet",2,202,"rk_corrected","Recursive Relationality",-0.985067024877448
"merlo2025_eet",2,202,"positional","Correlation",1.25124414518218
"merlo2025_eet",2,202,"positional","Original Relationality",1.04716199107196
"merlo2025_eet",2,202,"positional","ACE",1.06909607373964
"merlo2025_eet",2,202,"positional","Podani",0.94985556447448
"merlo2025_eet",2,202,"positional","Euclidean",0.946318518314957
"merlo2025_eet",2,202,"positional","Cosine",0.726342458531431
"merlo2025_eet",2,202,"positional","eJaccard",1.42919994619321
"merlo2025_eet",2,202,"positional","eDice",1.40646007851821
"merlo2025_eet",2,202,"positional","Recursive Relationality",1.1102988384684
"namprb_siwiak_2024_gcbs",1,101,"primary","Correlation",0.607485999269251
"namprb_siwiak_2024_gcbs",1,101,"primary","Original Relationality",0.281864949460916
"namprb_siwiak_2024_gcbs",1,101,"primary","ACE",0.471555688428404
"namprb_siwiak_2024_gcbs",1,101,"primary","Podani",0.524931937468385
"namprb_siwiak_2024_gcbs",1,101,"primary","Euclidean",0.327683391447421
"namprb_siwiak_2024_gcbs",1,101,"primary","Cosine",0.347508380843546
"namprb_siwiak_2024_gcbs",1,101,"primary","eJaccard",0.49280719814302
"namprb_siwiak_2024_gcbs",1,101,"primary","eDice",0.30757268086287
"namprb_siwiak_2024_gcbs",1,101,"primary","Recursive Relationality",0.624149263404303
"namprb_siwiak_2024_gcbs",1,101,"pct_cells","Correlation",0.899310546256167
"namprb_siwiak_2024_gcbs",1,101,"pct_cells","Original Relationality",0.636507252149346
"namprb_siwiak_2024_gcbs",1,101,"pct_cells","ACE",0.793790448250749
"namprb_siwiak_2024_gcbs",1,101,"pct_cells","Podani",0.843517450451051
"namprb_siwiak_2024_gcbs",1,101,"pct_cells","Euclidean",0.692197557248894
"namprb_siwiak_2024_gcbs",1,101,"pct_cells","Cosine",0.633241184208159
"namprb_siwiak_2024_gcbs",1,101,"pct_cells","eJaccard",0.671392382186034
"namprb_siwiak_2024_gcbs",1,101,"pct_cells","eDice",0.471218957059592
"namprb_siwiak_2024_gcbs",1,101,"pct_cells","Recursive Relationality",0.914564444581932
"namprb_siwiak_2024_gcbs",1,101,"rk_corrected","Correlation",0.625962980115027
"namprb_siwiak_2024_gcbs",1,101,"rk_corrected","Original Relationality",0.288841804610652
"namprb_siwiak_2024_gcbs",1,101,"rk_corrected","ACE",0.501952244115716
"namprb_siwiak_2024_gcbs",1,101,"rk_corrected","Podani",0.537644639676824
"namprb_siwiak_2024_gcbs",1,101,"rk_corrected","Euclidean",0.393327296860518
"namprb_siwiak_2024_gcbs",1,101,"rk_corrected","Cosine",0.405069060695368
"namprb_siwiak_2024_gcbs",1,101,"rk_corrected","eJaccard",0.533070338948164
"namprb_siwiak_2024_gcbs",1,101,"rk_corrected","eDice",0.333100985801521
"namprb_siwiak_2024_gcbs",1,101,"rk_corrected","Recursive Relationality",0.619861008839082
"namprb_siwiak_2024_gcbs",1,101,"positional","Correlation",2.17287939434418
"namprb_siwiak_2024_gcbs",1,101,"positional","Original Relationality",2.45904959093957
"namprb_siwiak_2024_gcbs",1,101,"positional","ACE",2.08607194995034
"namprb_siwiak_2024_gcbs",1,101,"positional","Podani",1.68019594377879
"namprb_siwiak_2024_gcbs",1,101,"positional","Euclidean",1.84133804724023
"namprb_siwiak_2024_gcbs",1,101,"positional","Cosine",1.36637802553466
"namprb_siwiak_2024_gcbs",1,101,"positional","eJaccard",2.8305673873172
"namprb_siwiak_2024_gcbs",1,101,"positional","eDice",3.36422196499554
"namprb_siwiak_2024_gcbs",1,101,"positional","Recursive Relationality",1.92871681477433
"namprb_siwiak_2024_gcbs",2,202,"primary","Correlation",0.607485999269251
"namprb_siwiak_2024_gcbs",2,202,"primary","Original Relationality",0.281864949460916
"namprb_siwiak_2024_gcbs",2,202,"primary","ACE",0.471555688428404
"namprb_siwiak_2024_gcbs",2,202,"primary","Podani",0.524931937468385
"namprb_siwiak_2024_gcbs",2,202,"primary","Euclidean",0.327683391447421
"namprb_siwiak_2024_gcbs",2,202,"primary","Cosine",0.347508380843546
"namprb_siwiak_2024_gcbs",2,202,"primary","eJaccard",0.49280719814302
"namprb_siwiak_2024_gcbs",2,202,"primary","eDice",0.30757268086287
"namprb_siwiak_2024_gcbs",2,202,"primary","Recursive Relationality",0.624149263404303
"namprb_siwiak_2024_gcbs",2,202,"pct_cells","Correlation",0.899310546256167
"namprb_siwiak_2024_gcbs",2,202,"pct_cells","Original Relationality",0.636507252149346
"namprb_siwiak_2024_gcbs",2,202,"pct_cells","ACE",0.793790448250749
"namprb_siwiak_2024_gcbs",2,202,"pct_cells","Podani",0.843517450451051
"namprb_siwiak_2024_gcbs",2,202,"pct_cells","Euclidean",0.692197557248894
"namprb_siwiak_2024_gcbs",2,202,"pct_cells","Cosine",0.633241184208159
"namprb_siwiak_2024_gcbs",2,202,"pct_cells","eJaccard",0.671392382186034
"namprb_siwiak_2024_gcbs",2,202,"pct_cells","eDice",0.471218957059592
"namprb_siwiak_2024_gcbs",2,202,"pct_cells","Recursive Relationality",0.914564444581932
"namprb_siwiak_2024_gcbs",2,202,"rk_corrected","Correlation",0.625962980115027
"namprb_siwiak_2024_gcbs",2,202,"rk_corrected","Original Relationality",0.288841804610652
"namprb_siwiak_2024_gcbs",2,202,"rk_corrected","ACE",0.501952244115716
"namprb_siwiak_2024_gcbs",2,202,"rk_corrected","Podani",0.537644639676824
"namprb_siwiak_2024_gcbs",2,202,"rk_corrected","Euclidean",0.393327296860518
"namprb_siwiak_2024_gcbs",2,202,"rk_corrected","Cosine",0.405069060695368
"namprb_siwiak_2024_gcbs",2,202,"rk_corrected","eJaccard",0.533070338948164
"namprb_siwiak_2024_gcbs",2,202,"rk_corrected","eDice",0.333100985801521
"namprb_siwiak_2024_gcbs",2,202,"rk_corrected","Recursive Relationality",0.619861008839082
"namprb_siwiak_2024_gcbs",2,202,"positional","Correlation",2.17287939434418
"namprb_siwiak_2024_gcbs",2,202,"positional","Original Relationality",2.45904959093957
"namprb_siwiak_2024_gcbs",2,202,"positional","ACE",2.08607194995034
"namprb_siwiak_2024_gcbs",2,202,"positional","Podani",1.68019594377879
"namprb_siwiak_2024_gcbs",2,202,"positional","Euclidean",1.84133804724023
"namprb_siwiak_2024_gcbs",2,202,"positional","Cosine",1.36637802553466
"namprb_siwiak_2024_gcbs",2,202,"positional","eJaccard",2.8305673873172
"namprb_siwiak_2024_gcbs",2,202,"positional","eDice",3.36422196499554
"namprb_siwiak_2024_gcbs",2,202,"positional","Recursive Relationality",1.92871681477433
"namprb_siwiak_2024_gcbs",3,303,"primary","Correlation",0.607485999269251
"namprb_siwiak_2024_gcbs",3,303,"primary","Original Relationality",0.281864949460916
"namprb_siwiak_2024_gcbs",3,303,"primary","ACE",0.471555688428404
"namprb_siwiak_2024_gcbs",3,303,"primary","Podani",0.524931937468385
"namprb_siwiak_2024_gcbs",3,303,"primary","Euclidean",0.327683391447421
"namprb_siwiak_2024_gcbs",3,303,"primary","Cosine",0.347508380843546
"namprb_siwiak_2024_gcbs",3,303,"primary","eJaccard",0.49280719814302
"namprb_siwiak_2024_gcbs",3,303,"primary","eDice",0.30757268086287
"namprb_siwiak_2024_gcbs",3,303,"primary","Recursive Relationality",0.624149263404303
"namprb_siwiak_2024_gcbs",3,303,"pct_cells","Correlation",0.899310546256167
"namprb_siwiak_2024_gcbs",3,303,"pct_cells","Original Relationality",0.636507252149346
"namprb_siwiak_2024_gcbs",3,303,"pct_cells","ACE",0.793790448250749
"namprb_siwiak_2024_gcbs",3,303,"pct_cells","Podani",0.843517450451051
"namprb_siwiak_2024_gcbs",3,303,"pct_cells","Euclidean",0.692197557248894
"namprb_siwiak_2024_gcbs",3,303,"pct_cells","Cosine",0.633241184208159
"namprb_siwiak_2024_gcbs",3,303,"pct_cells","eJaccard",0.671392382186034
"namprb_siwiak_2024_gcbs",3,303,"pct_cells","eDice",0.471218957059592
"namprb_siwiak_2024_gcbs",3,303,"pct_cells","Recursive Relationality",0.914564444581932
"namprb_siwiak_2024_gcbs",3,303,"rk_corrected","Correlation",0.625962980115027
"namprb_siwiak_2024_gcbs",3,303,"rk_corrected","Original Relationality",0.288841804610652
"namprb_siwiak_2024_gcbs",3,303,"rk_corrected","ACE",0.501952244115716
"namprb_siwiak_2024_gcbs",3,303,"rk_corrected","Podani",0.537644639676824
"namprb_siwiak_2024_gcbs",3,303,"rk_corrected","Euclidean",0.393327296860518
"namprb_siwiak_2024_gcbs",3,303,"rk_corrected","Cosine",0.405069060695368
"namprb_siwiak_2024_gcbs",3,303,"rk_corrected","eJaccard",0.533070338948164
"namprb_siwiak_2024_gcbs",3,303,"rk_corrected","eDice",0.333100985801521
"namprb_siwiak_2024_gcbs",3,303,"rk_corrected","Recursive Relationality",0.619861008839082
"namprb_siwiak_2024_gcbs",3,303,"positional","Correlation",2.17287939434418
"namprb_siwiak_2024_gcbs",3,303,"positional","Original Relationality",2.45904959093957
"namprb_siwiak_2024_gcbs",3,303,"positional","ACE",2.08607194995034
"namprb_siwiak_2024_gcbs",3,303,"positional","Podani",1.68019594377879
"namprb_siwiak_2024_gcbs",3,303,"positional","Euclidean",1.84133804724023
"namprb_siwiak_2024_gcbs",3,303,"positional","Cosine",1.36637802553466
"namprb_siwiak_2024_gcbs",3,303,"positional","eJaccard",2.8305673873172
"namprb_siwiak_2024_gcbs",3,303,"positional","eDice",3.36422196499554
"namprb_siwiak_2024_gcbs",3,303,"positional","Recursive Relationality",1.92871681477433
"nas_rogoza_2024_study2_ngs",1,101,"primary","Correlation",0.567266149107256
"nas_rogoza_2024_study2_ngs",1,101,"primary","Original Relationality",0.372363723152477
"nas_rogoza_2024_study2_ngs",1,101,"primary","ACE",0.425881247827748
"nas_rogoza_2024_study2_ngs",1,101,"primary","Podani",0.472354902869675
"nas_rogoza_2024_study2_ngs",1,101,"primary","Euclidean",0.221619555998313
"nas_rogoza_2024_study2_ngs",1,101,"primary","Cosine",0.416761027526525
"nas_rogoza_2024_study2_ngs",1,101,"primary","eJaccard",0.470495990465153
"nas_rogoza_2024_study2_ngs",1,101,"primary","eDice",0.446354917172118
"nas_rogoza_2024_study2_ngs",1,101,"primary","Recursive Relationality",0.58428824391991
"nas_rogoza_2024_study2_ngs",1,101,"pct_cells","Correlation",0.90397520895329
"nas_rogoza_2024_study2_ngs",1,101,"pct_cells","Original Relationality",0.781552317987194
"nas_rogoza_2024_study2_ngs",1,101,"pct_cells","ACE",0.797677808979813
"nas_rogoza_2024_study2_ngs",1,101,"pct_cells","Podani",0.839940939289598
"nas_rogoza_2024_study2_ngs",1,101,"pct_cells","Euclidean",0.642198370682733
"nas_rogoza_2024_study2_ngs",1,101,"pct_cells","Cosine",0.746441393970764
"nas_rogoza_2024_study2_ngs",1,101,"pct_cells","eJaccard",0.676548737029514
"nas_rogoza_2024_study2_ngs",1,101,"pct_cells","eDice",0.635171054726074
"nas_rogoza_2024_study2_ngs",1,101,"pct_cells","Recursive Relationality",0.919371168331061
"nas_rogoza_2024_study2_ngs",1,101,"rk_corrected","Correlation",0.593530840830056
"nas_rogoza_2024_study2_ngs",1,101,"rk_corrected","Original Relationality",0.382281195667709
"nas_rogoza_2024_study2_ngs",1,101,"rk_corrected","ACE",0.469089398078372
"nas_rogoza_2024_study2_ngs",1,101,"rk_corrected","Podani",0.490425777503111
"nas_rogoza_2024_study2_ngs",1,101,"rk_corrected","Euclidean",0.314931171870327
"nas_rogoza_2024_study2_ngs",1,101,"rk_corrected","Cosine",0.49858248549532
"nas_rogoza_2024_study2_ngs",1,101,"rk_corrected","eJaccard",0.527729311745591
"nas_rogoza_2024_study2_ngs",1,101,"rk_corrected","eDice",0.482642937656405
"nas_rogoza_2024_study2_ngs",1,101,"rk_corrected","Recursive Relationality",0.578192568163978
"nas_rogoza_2024_study2_ngs",1,101,"positional","Correlation",1.57901677949784
"nas_rogoza_2024_study2_ngs",1,101,"positional","Original Relationality",1.69372457153787
"nas_rogoza_2024_study2_ngs",1,101,"positional","ACE",1.46309211494328
"nas_rogoza_2024_study2_ngs",1,101,"positional","Podani",1.23233897397099
"nas_rogoza_2024_study2_ngs",1,101,"positional","Euclidean",1.2216687205985
"nas_rogoza_2024_study2_ngs",1,101,"positional","Cosine",1.18495187499461
"nas_rogoza_2024_study2_ngs",1,101,"positional","eJaccard",1.83553768869641
"nas_rogoza_2024_study2_ngs",1,101,"positional","eDice",2.14518330476397
"nas_rogoza_2024_study2_ngs",1,101,"positional","Recursive Relationality",1.46700960234637
"nas_rogoza_2024_study2_ngs",2,202,"primary","Correlation",0.567266149107256
"nas_rogoza_2024_study2_ngs",2,202,"primary","Original Relationality",0.372363723152477
"nas_rogoza_2024_study2_ngs",2,202,"primary","ACE",0.425881247827748
"nas_rogoza_2024_study2_ngs",2,202,"primary","Podani",0.472354902869675
"nas_rogoza_2024_study2_ngs",2,202,"primary","Euclidean",0.221619555998313
"nas_rogoza_2024_study2_ngs",2,202,"primary","Cosine",0.416761027526525
"nas_rogoza_2024_study2_ngs",2,202,"primary","eJaccard",0.470495990465153
"nas_rogoza_2024_study2_ngs",2,202,"primary","eDice",0.446354917172118
"nas_rogoza_2024_study2_ngs",2,202,"primary","Recursive Relationality",0.58428824391991
"nas_rogoza_2024_study2_ngs",2,202,"pct_cells","Correlation",0.90397520895329
"nas_rogoza_2024_study2_ngs",2,202,"pct_cells","Original Relationality",0.781552317987194
"nas_rogoza_2024_study2_ngs",2,202,"pct_cells","ACE",0.797677808979813
"nas_rogoza_2024_study2_ngs",2,202,"pct_cells","Podani",0.839940939289598
"nas_rogoza_2024_study2_ngs",2,202,"pct_cells","Euclidean",0.642198370682733
"nas_rogoza_2024_study2_ngs",2,202,"pct_cells","Cosine",0.746441393970764
"nas_rogoza_2024_study2_ngs",2,202,"pct_cells","eJaccard",0.676548737029514
"nas_rogoza_2024_study2_ngs",2,202,"pct_cells","eDice",0.635171054726074
"nas_rogoza_2024_study2_ngs",2,202,"pct_cells","Recursive Relationality",0.919371168331061
"nas_rogoza_2024_study2_ngs",2,202,"rk_corrected","Correlation",0.593530840830056
"nas_rogoza_2024_study2_ngs",2,202,"rk_corrected","Original Relationality",0.382281195667709
"nas_rogoza_2024_study2_ngs",2,202,"rk_corrected","ACE",0.469089398078372
"nas_rogoza_2024_study2_ngs",2,202,"rk_corrected","Podani",0.490425777503111
"nas_rogoza_2024_study2_ngs",2,202,"rk_corrected","Euclidean",0.314931171870327
"nas_rogoza_2024_study2_ngs",2,202,"rk_corrected","Cosine",0.49858248549532
"nas_rogoza_2024_study2_ngs",2,202,"rk_corrected","eJaccard",0.527729311745591
"nas_rogoza_2024_study2_ngs",2,202,"rk_corrected","eDice",0.482642937656405
"nas_rogoza_2024_study2_ngs",2,202,"rk_corrected","Recursive Relationality",0.578192568163978
"nas_rogoza_2024_study2_ngs",2,202,"positional","Correlation",1.57901677949784
"nas_rogoza_2024_study2_ngs",2,202,"positional","Original Relationality",1.69372457153787
"nas_rogoza_2024_study2_ngs",2,202,"positional","ACE",1.46309211494328
"nas_rogoza_2024_study2_ngs",2,202,"positional","Podani",1.23233897397099
"nas_rogoza_2024_study2_ngs",2,202,"positional","Euclidean",1.2216687205985
"nas_rogoza_2024_study2_ngs",2,202,"positional","Cosine",1.18495187499461
"nas_rogoza_2024_study2_ngs",2,202,"positional","eJaccard",1.83553768869641
"nas_rogoza_2024_study2_ngs",2,202,"positional","eDice",2.14518330476397
"nas_rogoza_2024_study2_ngs",2,202,"positional","Recursive Relationality",1.46700960234637
"nas_rogoza_2024_study2_ngs",3,303,"primary","Correlation",0.567266149107256
"nas_rogoza_2024_study2_ngs",3,303,"primary","Original Relationality",0.372363723152477
"nas_rogoza_2024_study2_ngs",3,303,"primary","ACE",0.425881247827748
"nas_rogoza_2024_study2_ngs",3,303,"primary","Podani",0.472354902869675
"nas_rogoza_2024_study2_ngs",3,303,"primary","Euclidean",0.221619555998313
"nas_rogoza_2024_study2_ngs",3,303,"primary","Cosine",0.416761027526525
"nas_rogoza_2024_study2_ngs",3,303,"primary","eJaccard",0.470495990465153
"nas_rogoza_2024_study2_ngs",3,303,"primary","eDice",0.446354917172118
"nas_rogoza_2024_study2_ngs",3,303,"primary","Recursive Relationality",0.58428824391991
"nas_rogoza_2024_study2_ngs",3,303,"pct_cells","Correlation",0.90397520895329
"nas_rogoza_2024_study2_ngs",3,303,"pct_cells","Original Relationality",0.781552317987194
"nas_rogoza_2024_study2_ngs",3,303,"pct_cells","ACE",0.797677808979813
"nas_rogoza_2024_study2_ngs",3,303,"pct_cells","Podani",0.839940939289598
"nas_rogoza_2024_study2_ngs",3,303,"pct_cells","Euclidean",0.642198370682733
"nas_rogoza_2024_study2_ngs",3,303,"pct_cells","Cosine",0.746441393970764
"nas_rogoza_2024_study2_ngs",3,303,"pct_cells","eJaccard",0.676548737029514
"nas_rogoza_2024_study2_ngs",3,303,"pct_cells","eDice",0.635171054726074
"nas_rogoza_2024_study2_ngs",3,303,"pct_cells","Recursive Relationality",0.919371168331061
"nas_rogoza_2024_study2_ngs",3,303,"rk_corrected","Correlation",0.593530840830056
"nas_rogoza_2024_study2_ngs",3,303,"rk_corrected","Original Relationality",0.382281195667709
"nas_rogoza_2024_study2_ngs",3,303,"rk_corrected","ACE",0.469089398078372
"nas_rogoza_2024_study2_ngs",3,303,"rk_corrected","Podani",0.490425777503111
"nas_rogoza_2024_study2_ngs",3,303,"rk_corrected","Euclidean",0.314931171870327
"nas_rogoza_2024_study2_ngs",3,303,"rk_corrected","Cosine",0.49858248549532
"nas_rogoza_2024_study2_ngs",3,303,"rk_corrected","eJaccard",0.527729311745591
"nas_rogoza_2024_study2_ngs",3,303,"rk_corrected","eDice",0.482642937656405
"nas_rogoza_2024_study2_ngs",3,303,"rk_corrected","Recursive Relationality",0.578192568163978
"nas_rogoza_2024_study2_ngs",3,303,"positional","Correlation",1.57901677949784
"nas_rogoza_2024_study2_ngs",3,303,"positional","Original Relationality",1.69372457153787
"nas_rogoza_2024_study2_ngs",3,303,"positional","ACE",1.46309211494328
"nas_rogoza_2024_study2_ngs",3,303,"positional","Podani",1.23233897397099
"nas_rogoza_2024_study2_ngs",3,303,"positional","Euclidean",1.2216687205985
"nas_rogoza_2024_study2_ngs",3,303,"positional","Cosine",1.18495187499461
"nas_rogoza_2024_study2_ngs",3,303,"positional","eJaccard",1.83553768869641
"nas_rogoza_2024_study2_ngs",3,303,"positional","eDice",2.14518330476397
"nas_rogoza_2024_study2_ngs",3,303,"positional","Recursive Relationality",1.46700960234637
"odachi_2022_fear_covid19",1,101,"primary","Correlation",0.0552275621556796
"odachi_2022_fear_covid19",1,101,"primary","Original Relationality",-0.62881866966354
"odachi_2022_fear_covid19",1,101,"primary","ACE",-0.23861343245351
"odachi_2022_fear_covid19",1,101,"primary","Podani",-0.0971898404939564
"odachi_2022_fear_covid19",1,101,"primary","Euclidean",-0.470390788190588
"odachi_2022_fear_covid19",1,101,"primary","Cosine",-0.320074035922966
"odachi_2022_fear_covid19",1,101,"primary","eJaccard",0.39199683032582
"odachi_2022_fear_covid19",1,101,"primary","eDice",-0.0334566336041008
"odachi_2022_fear_covid19",1,101,"primary","Recursive Relationality",0.00899808945174236
"odachi_2022_fear_covid19",1,101,"pct_cells","Correlation",1.30598054915981
"odachi_2022_fear_covid19",1,101,"pct_cells","Original Relationality",0.891169706864166
"odachi_2022_fear_covid19",1,101,"pct_cells","ACE",1.14247699508488
"odachi_2022_fear_covid19",1,101,"pct_cells","Podani",1.26826000289149
"odachi_2022_fear_covid19",1,101,"pct_cells","Euclidean",1.09190815611978
"odachi_2022_fear_covid19",1,101,"pct_cells","Cosine",0.904569884485056
"odachi_2022_fear_covid19",1,101,"pct_cells","eJaccard",1.15740863232374
"odachi_2022_fear_covid19",1,101,"pct_cells","eDice",0.667927368798991
"odachi_2022_fear_covid19",1,101,"pct_cells","Recursive Relationality",1.25371056850701
"odachi_2022_fear_covid19",1,101,"rk_corrected","Correlation",0.066266480763816
"odachi_2022_fear_covid19",1,101,"rk_corrected","Original Relationality",-0.624650405552561
"odachi_2022_fear_covid19",1,101,"rk_corrected","ACE",-0.220453262943098
"odachi_2022_fear_covid19",1,101,"rk_corrected","Podani",-0.089594742239551
"odachi_2022_fear_covid19",1,101,"rk_corrected","Euclidean",-0.431172382595876
"odachi_2022_fear_covid19",1,101,"rk_corrected","Cosine",-0.285684886244408
"odachi_2022_fear_covid19",1,101,"rk_corrected","eJaccard",0.416051709094475
"odachi_2022_fear_covid19",1,101,"rk_corrected","eDice",-0.0182049600339639
"odachi_2022_fear_covid19",1,101,"rk_corrected","Recursive Relationality",0.00643610740978664
"odachi_2022_fear_covid19",1,101,"positional","Correlation",2.02522984748346
"odachi_2022_fear_covid19",1,101,"positional","Original Relationality",1.92139561761186
"odachi_2022_fear_covid19",1,101,"positional","ACE",1.82577489514938
"odachi_2022_fear_covid19",1,101,"positional","Podani",1.70055042732314
"odachi_2022_fear_covid19",1,101,"positional","Euclidean",1.72720566355334
"odachi_2022_fear_covid19",1,101,"positional","Cosine",1.31491632615378
"odachi_2022_fear_covid19",1,101,"positional","eJaccard",2.44848663623566
"odachi_2022_fear_covid19",1,101,"positional","eDice",2.35901612678431
"odachi_2022_fear_covid19",1,101,"positional","Recursive Relationality",1.79020525688618
"odachi_2022_fear_covid19",2,202,"primary","Correlation",0.0552275621556796
"odachi_2022_fear_covid19",2,202,"primary","Original Relationality",-0.62881866966354
"odachi_2022_fear_covid19",2,202,"primary","ACE",-0.23861343245351
"odachi_2022_fear_covid19",2,202,"primary","Podani",-0.0971898404939564
"odachi_2022_fear_covid19",2,202,"primary","Euclidean",-0.470390788190588
"odachi_2022_fear_covid19",2,202,"primary","Cosine",-0.320074035922966
"odachi_2022_fear_covid19",2,202,"primary","eJaccard",0.39199683032582
"odachi_2022_fear_covid19",2,202,"primary","eDice",-0.0334566336041008
"odachi_2022_fear_covid19",2,202,"primary","Recursive Relationality",0.00899808945174236
"odachi_2022_fear_covid19",2,202,"pct_cells","Correlation",1.30598054915981
"odachi_2022_fear_covid19",2,202,"pct_cells","Original Relationality",0.891169706864166
"odachi_2022_fear_covid19",2,202,"pct_cells","ACE",1.14247699508488
"odachi_2022_fear_covid19",2,202,"pct_cells","Podani",1.26826000289149
"odachi_2022_fear_covid19",2,202,"pct_cells","Euclidean",1.09190815611978
"odachi_2022_fear_covid19",2,202,"pct_cells","Cosine",0.904569884485056
"odachi_2022_fear_covid19",2,202,"pct_cells","eJaccard",1.15740863232374
"odachi_2022_fear_covid19",2,202,"pct_cells","eDice",0.667927368798991
"odachi_2022_fear_covid19",2,202,"pct_cells","Recursive Relationality",1.25371056850701
"odachi_2022_fear_covid19",2,202,"rk_corrected","Correlation",0.066266480763816
"odachi_2022_fear_covid19",2,202,"rk_corrected","Original Relationality",-0.624650405552561
"odachi_2022_fear_covid19",2,202,"rk_corrected","ACE",-0.220453262943098
"odachi_2022_fear_covid19",2,202,"rk_corrected","Podani",-0.089594742239551
"odachi_2022_fear_covid19",2,202,"rk_corrected","Euclidean",-0.431172382595876
"odachi_2022_fear_covid19",2,202,"rk_corrected","Cosine",-0.285684886244408
"odachi_2022_fear_covid19",2,202,"rk_corrected","eJaccard",0.416051709094475
"odachi_2022_fear_covid19",2,202,"rk_corrected","eDice",-0.0182049600339639
"odachi_2022_fear_covid19",2,202,"rk_corrected","Recursive Relationality",0.00643610740978664
"odachi_2022_fear_covid19",2,202,"positional","Correlation",2.02522984748346
"odachi_2022_fear_covid19",2,202,"positional","Original Relationality",1.92139561761186
"odachi_2022_fear_covid19",2,202,"positional","ACE",1.82577489514938
"odachi_2022_fear_covid19",2,202,"positional","Podani",1.70055042732314
"odachi_2022_fear_covid19",2,202,"positional","Euclidean",1.72720566355334
"odachi_2022_fear_covid19",2,202,"positional","Cosine",1.31491632615378
"odachi_2022_fear_covid19",2,202,"positional","eJaccard",2.44848663623566
"odachi_2022_fear_covid19",2,202,"positional","eDice",2.35901612678431
"odachi_2022_fear_covid19",2,202,"positional","Recursive Relationality",1.79020525688618
"odachi_2022_fear_covid19",3,303,"primary","Correlation",0.0552275621556796
"odachi_2022_fear_covid19",3,303,"primary","Original Relationality",-0.62881866966354
"odachi_2022_fear_covid19",3,303,"primary","ACE",-0.23861343245351
"odachi_2022_fear_covid19",3,303,"primary","Podani",-0.0971898404939564
"odachi_2022_fear_covid19",3,303,"primary","Euclidean",-0.470390788190588
"odachi_2022_fear_covid19",3,303,"primary","Cosine",-0.320074035922966
"odachi_2022_fear_covid19",3,303,"primary","eJaccard",0.39199683032582
"odachi_2022_fear_covid19",3,303,"primary","eDice",-0.0334566336041008
"odachi_2022_fear_covid19",3,303,"primary","Recursive Relationality",0.00899808945174236
"odachi_2022_fear_covid19",3,303,"pct_cells","Correlation",1.30598054915981
"odachi_2022_fear_covid19",3,303,"pct_cells","Original Relationality",0.891169706864166
"odachi_2022_fear_covid19",3,303,"pct_cells","ACE",1.14247699508488
"odachi_2022_fear_covid19",3,303,"pct_cells","Podani",1.26826000289149
"odachi_2022_fear_covid19",3,303,"pct_cells","Euclidean",1.09190815611978
"odachi_2022_fear_covid19",3,303,"pct_cells","Cosine",0.904569884485056
"odachi_2022_fear_covid19",3,303,"pct_cells","eJaccard",1.15740863232374
"odachi_2022_fear_covid19",3,303,"pct_cells","eDice",0.667927368798991
"odachi_2022_fear_covid19",3,303,"pct_cells","Recursive Relationality",1.25371056850701
"odachi_2022_fear_covid19",3,303,"rk_corrected","Correlation",0.066266480763816
"odachi_2022_fear_covid19",3,303,"rk_corrected","Original Relationality",-0.624650405552561
"odachi_2022_fear_covid19",3,303,"rk_corrected","ACE",-0.220453262943098
"odachi_2022_fear_covid19",3,303,"rk_corrected","Podani",-0.089594742239551
"odachi_2022_fear_covid19",3,303,"rk_corrected","Euclidean",-0.431172382595876
"odachi_2022_fear_covid19",3,303,"rk_corrected","Cosine",-0.285684886244408
"odachi_2022_fear_covid19",3,303,"rk_corrected","eJaccard",0.416051709094475
"odachi_2022_fear_covid19",3,303,"rk_corrected","eDice",-0.0182049600339639
"odachi_2022_fear_covid19",3,303,"rk_corrected","Recursive Relationality",0.00643610740978664
"odachi_2022_fear_covid19",3,303,"positional","Correlation",2.02522984748346
"odachi_2022_fear_covid19",3,303,"positional","Original Relationality",1.92139561761186
"odachi_2022_fear_covid19",3,303,"positional","ACE",1.82577489514938
"odachi_2022_fear_covid19",3,303,"positional","Podani",1.70055042732314
"odachi_2022_fear_covid19",3,303,"positional","Euclidean",1.72720566355334
"odachi_2022_fear_covid19",3,303,"positional","Cosine",1.31491632615378
"odachi_2022_fear_covid19",3,303,"positional","eJaccard",2.44848663623566
"odachi_2022_fear_covid19",3,303,"positional","eDice",2.35901612678431
"odachi_2022_fear_covid19",3,303,"positional","Recursive Relationality",1.79020525688618
"ozkurt_2026_continuance_intention",1,101,"primary","Correlation",0.0352254739570131
"ozkurt_2026_continuance_intention",1,101,"primary","Original Relationality",-0.296221111013952
"ozkurt_2026_continuance_intention",1,101,"primary","ACE",-0.156347951408277
"ozkurt_2026_continuance_intention",1,101,"primary","Podani",-0.0759768316392495
"ozkurt_2026_continuance_intention",1,101,"primary","Euclidean",-0.304428845229292
"ozkurt_2026_continuance_intention",1,101,"primary","Cosine",-0.108280745912773
"ozkurt_2026_continuance_intention",1,101,"primary","eJaccard",0.118589666592433
"ozkurt_2026_continuance_intention",1,101,"primary","eDice",0.0834107528802605
"ozkurt_2026_continuance_intention",1,101,"primary","Recursive Relationality",0.0651608320560858
"ozkurt_2026_continuance_intention",1,101,"pct_cells","Correlation",0.764833684496498
"ozkurt_2026_continuance_intention",1,101,"pct_cells","Original Relationality",0.590441572155428
"ozkurt_2026_continuance_intention",1,101,"pct_cells","ACE",0.649290672604195
"ozkurt_2026_continuance_intention",1,101,"pct_cells","Podani",0.720538089504477
"ozkurt_2026_continuance_intention",1,101,"pct_cells","Euclidean",0.606915080333725
"ozkurt_2026_continuance_intention",1,101,"pct_cells","Cosine",0.606097127736876
"ozkurt_2026_continuance_intention",1,101,"pct_cells","eJaccard",0.565081292824035
"ozkurt_2026_continuance_intention",1,101,"pct_cells","eDice",0.492552711533566
"ozkurt_2026_continuance_intention",1,101,"pct_cells","Recursive Relationality",0.791245401843871
"ozkurt_2026_continuance_intention",1,101,"rk_corrected","Correlation",0.0441217246018836
"ozkurt_2026_continuance_intention",1,101,"rk_corrected","Original Relationality",-0.292861912200949
"ozkurt_2026_continuance_intention",1,101,"rk_corrected","ACE",-0.141712693603325
"ozkurt_2026_continuance_intention",1,101,"rk_corrected","Podani",-0.0698559514930903
"ozkurt_2026_continuance_intention",1,101,"rk_corrected","Euclidean",-0.272822781406556
"ozkurt_2026_continuance_intention",1,101,"rk_corrected","Cosine",-0.0805665733688313
"ozkurt_2026_continuance_intention",1,101,"rk_corrected","eJaccard",0.137975463186694
"ozkurt_2026_continuance_intention",1,101,"rk_corrected","eDice",0.0957020574591057
"ozkurt_2026_continuance_intention",1,101,"rk_corrected","Recursive Relationality",0.0630961339455212
"ozkurt_2026_continuance_intention",1,101,"positional","Correlation",2.50212221102335
"ozkurt_2026_continuance_intention",1,101,"positional","Original Relationality",3.07844251831479
"ozkurt_2026_continuance_intention",1,101,"positional","ACE",2.4025871173693
"ozkurt_2026_continuance_intention",1,101,"positional","Podani",1.86724768352679
"ozkurt_2026_continuance_intention",1,101,"positional","Euclidean",2.18365958214621
"ozkurt_2026_continuance_intention",1,101,"positional","Cosine",1.6070657210643
"ozkurt_2026_continuance_intention",1,101,"positional","eJaccard",3.50089082526885
"ozkurt_2026_continuance_intention",1,101,"positional","eDice",4.41103882115223
"ozkurt_2026_continuance_intention",1,101,"positional","Recursive Relationality",2.16723109975155
"ozkurt_2026_continuance_intention",2,202,"primary","Correlation",0.0352254739570131
"ozkurt_2026_continuance_intention",2,202,"primary","Original Relationality",-0.296221111013952
"ozkurt_2026_continuance_intention",2,202,"primary","ACE",-0.156347951408277
"ozkurt_2026_continuance_intention",2,202,"primary","Podani",-0.0759768316392495
"ozkurt_2026_continuance_intention",2,202,"primary","Euclidean",-0.304428845229292
"ozkurt_2026_continuance_intention",2,202,"primary","Cosine",-0.108280745912773
"ozkurt_2026_continuance_intention",2,202,"primary","eJaccard",0.118589666592433
"ozkurt_2026_continuance_intention",2,202,"primary","eDice",0.0834107528802605
"ozkurt_2026_continuance_intention",2,202,"primary","Recursive Relationality",0.0651608320560858
"ozkurt_2026_continuance_intention",2,202,"pct_cells","Correlation",0.764833684496498
"ozkurt_2026_continuance_intention",2,202,"pct_cells","Original Relationality",0.590441572155428
"ozkurt_2026_continuance_intention",2,202,"pct_cells","ACE",0.649290672604195
"ozkurt_2026_continuance_intention",2,202,"pct_cells","Podani",0.720538089504477
"ozkurt_2026_continuance_intention",2,202,"pct_cells","Euclidean",0.606915080333725
"ozkurt_2026_continuance_intention",2,202,"pct_cells","Cosine",0.606097127736876
"ozkurt_2026_continuance_intention",2,202,"pct_cells","eJaccard",0.565081292824035
"ozkurt_2026_continuance_intention",2,202,"pct_cells","eDice",0.492552711533566
"ozkurt_2026_continuance_intention",2,202,"pct_cells","Recursive Relationality",0.791245401843871
"ozkurt_2026_continuance_intention",2,202,"rk_corrected","Correlation",0.0441217246018836
"ozkurt_2026_continuance_intention",2,202,"rk_corrected","Original Relationality",-0.292861912200949
"ozkurt_2026_continuance_intention",2,202,"rk_corrected","ACE",-0.141712693603325
"ozkurt_2026_continuance_intention",2,202,"rk_corrected","Podani",-0.0698559514930903
"ozkurt_2026_continuance_intention",2,202,"rk_corrected","Euclidean",-0.272822781406556
"ozkurt_2026_continuance_intention",2,202,"rk_corrected","Cosine",-0.0805665733688313
"ozkurt_2026_continuance_intention",2,202,"rk_corrected","eJaccard",0.137975463186694
"ozkurt_2026_continuance_intention",2,202,"rk_corrected","eDice",0.0957020574591057
"ozkurt_2026_continuance_intention",2,202,"rk_corrected","Recursive Relationality",0.0630961339455212
"ozkurt_2026_continuance_intention",2,202,"positional","Correlation",2.50212221102335
"ozkurt_2026_continuance_intention",2,202,"positional","Original Relationality",3.07844251831479
"ozkurt_2026_continuance_intention",2,202,"positional","ACE",2.4025871173693
"ozkurt_2026_continuance_intention",2,202,"positional","Podani",1.86724768352679
"ozkurt_2026_continuance_intention",2,202,"positional","Euclidean",2.18365958214621
"ozkurt_2026_continuance_intention",2,202,"positional","Cosine",1.6070657210643
"ozkurt_2026_continuance_intention",2,202,"positional","eJaccard",3.50089082526885
"ozkurt_2026_continuance_intention",2,202,"positional","eDice",4.41103882115223
"ozkurt_2026_continuance_intention",2,202,"positional","Recursive Relationality",2.16723109975155
"ozkurt_2026_continuance_intention",3,303,"primary","Correlation",0.0352254739570131
"ozkurt_2026_continuance_intention",3,303,"primary","Original Relationality",-0.296221111013952
"ozkurt_2026_continuance_intention",3,303,"primary","ACE",-0.156347951408277
"ozkurt_2026_continuance_intention",3,303,"primary","Podani",-0.0759768316392495
"ozkurt_2026_continuance_intention",3,303,"primary","Euclidean",-0.304428845229292
"ozkurt_2026_continuance_intention",3,303,"primary","Cosine",-0.108280745912773
"ozkurt_2026_continuance_intention",3,303,"primary","eJaccard",0.118589666592433
"ozkurt_2026_continuance_intention",3,303,"primary","eDice",0.0834107528802605
"ozkurt_2026_continuance_intention",3,303,"primary","Recursive Relationality",0.0651608320560858
"ozkurt_2026_continuance_intention",3,303,"pct_cells","Correlation",0.764833684496498
"ozkurt_2026_continuance_intention",3,303,"pct_cells","Original Relationality",0.590441572155428
"ozkurt_2026_continuance_intention",3,303,"pct_cells","ACE",0.649290672604195
"ozkurt_2026_continuance_intention",3,303,"pct_cells","Podani",0.720538089504477
"ozkurt_2026_continuance_intention",3,303,"pct_cells","Euclidean",0.606915080333725
"ozkurt_2026_continuance_intention",3,303,"pct_cells","Cosine",0.606097127736876
"ozkurt_2026_continuance_intention",3,303,"pct_cells","eJaccard",0.565081292824035
"ozkurt_2026_continuance_intention",3,303,"pct_cells","eDice",0.492552711533566
"ozkurt_2026_continuance_intention",3,303,"pct_cells","Recursive Relationality",0.791245401843871
"ozkurt_2026_continuance_intention",3,303,"rk_corrected","Correlation",0.0441217246018836
"ozkurt_2026_continuance_intention",3,303,"rk_corrected","Original Relationality",-0.292861912200949
"ozkurt_2026_continuance_intention",3,303,"rk_corrected","ACE",-0.141712693603325
"ozkurt_2026_continuance_intention",3,303,"rk_corrected","Podani",-0.0698559514930903
"ozkurt_2026_continuance_intention",3,303,"rk_corrected","Euclidean",-0.272822781406556
"ozkurt_2026_continuance_intention",3,303,"rk_corrected","Cosine",-0.0805665733688313
"ozkurt_2026_continuance_intention",3,303,"rk_corrected","eJaccard",0.137975463186694
"ozkurt_2026_continuance_intention",3,303,"rk_corrected","eDice",0.0957020574591057
"ozkurt_2026_continuance_intention",3,303,"rk_corrected","Recursive Relationality",0.0630961339455212
"ozkurt_2026_continuance_intention",3,303,"positional","Correlation",2.50212221102335
"ozkurt_2026_continuance_intention",3,303,"positional","Original Relationality",3.07844251831479
"ozkurt_2026_continuance_intention",3,303,"positional","ACE",2.4025871173693
"ozkurt_2026_continuance_intention",3,303,"positional","Podani",1.86724768352679
"ozkurt_2026_continuance_intention",3,303,"positional","Euclidean",2.18365958214621
"ozkurt_2026_continuance_intention",3,303,"positional","Cosine",1.6070657210643
"ozkurt_2026_continuance_intention",3,303,"positional","eJaccard",3.50089082526885
"ozkurt_2026_continuance_intention",3,303,"positional","eDice",4.41103882115223
"ozkurt_2026_continuance_intention",3,303,"positional","Recursive Relationality",2.16723109975155
"ozkurt_2026_paces_enjoyment",1,101,"primary","Correlation",-1.19857921834741
"ozkurt_2026_paces_enjoyment",1,101,"primary","Original Relationality",-1.73209725244081
"ozkurt_2026_paces_enjoyment",1,101,"primary","ACE",-1.52823784921469
"ozkurt_2026_paces_enjoyment",1,101,"primary","Podani",-1.42031347901926
"ozkurt_2026_paces_enjoyment",1,101,"primary","Euclidean",-1.87863365185001
"ozkurt_2026_paces_enjoyment",1,101,"primary","Cosine",-1.28984341557891
"ozkurt_2026_paces_enjoyment",1,101,"primary","eJaccard",-0.690487694514958
"ozkurt_2026_paces_enjoyment",1,101,"primary","eDice",-0.607953430692391
"ozkurt_2026_paces_enjoyment",1,101,"primary","Recursive Relationality",-1.1747597637046
"ozkurt_2026_paces_enjoyment",1,101,"pct_cells","Correlation",0.717658784716666
"ozkurt_2026_paces_enjoyment",1,101,"pct_cells","Original Relationality",0.596627541009113
"ozkurt_2026_paces_enjoyment",1,101,"pct_cells","ACE",0.587685910644648
"ozkurt_2026_paces_enjoyment",1,101,"pct_cells","Podani",0.671647850163989
"ozkurt_2026_paces_enjoyment",1,101,"pct_cells","Euclidean",0.514913787445078
"ozkurt_2026_paces_enjoyment",1,101,"pct_cells","Cosine",0.586393735073988
"ozkurt_2026_paces_enjoyment",1,101,"pct_cells","eJaccard",0.48217485214449
"ozkurt_2026_paces_enjoyment",1,101,"pct_cells","eDice",0.466614205052583
"ozkurt_2026_paces_enjoyment",1,101,"pct_cells","Recursive Relationality",0.732223773441999
"ozkurt_2026_paces_enjoyment",1,101,"rk_corrected","Correlation",-1.19649487030037
"ozkurt_2026_paces_enjoyment",1,101,"rk_corrected","Original Relationality",-1.73131020857649
"ozkurt_2026_paces_enjoyment",1,101,"rk_corrected","ACE",-1.52480887983855
"ozkurt_2026_paces_enjoyment",1,101,"rk_corrected","Podani",-1.41887938671587
"ozkurt_2026_paces_enjoyment",1,101,"rk_corrected","Euclidean",-1.8712285055661
"ozkurt_2026_paces_enjoyment",1,101,"rk_corrected","Cosine",-1.28335012040061
"ozkurt_2026_paces_enjoyment",1,101,"rk_corrected","eJaccard",-0.68594569711801
"ozkurt_2026_paces_enjoyment",1,101,"rk_corrected","eDice",-0.605073638101421
"ozkurt_2026_paces_enjoyment",1,101,"rk_corrected","Recursive Relationality",-1.17524351238101
"ozkurt_2026_paces_enjoyment",1,101,"positional","Correlation",1.2533191550316
"ozkurt_2026_paces_enjoyment",1,101,"positional","Original Relationality",1.32810669045727
"ozkurt_2026_paces_enjoyment",1,101,"positional","ACE",1.0504847774703
"ozkurt_2026_paces_enjoyment",1,101,"positional","Podani",0.947833941692104
"ozkurt_2026_paces_enjoyment",1,101,"positional","Euclidean",0.974916776830926
"ozkurt_2026_paces_enjoyment",1,101,"positional","Cosine",0.928938105600348
"ozkurt_2026_paces_enjoyment",1,101,"positional","eJaccard",1.48172007593896
"ozkurt_2026_paces_enjoyment",1,101,"positional","eDice",1.71079549354893
"ozkurt_2026_paces_enjoyment",1,101,"positional","Recursive Relationality",1.11521975494975
"ozkurt_2026_paces_enjoyment",2,202,"primary","Correlation",-1.19857921834741
"ozkurt_2026_paces_enjoyment",2,202,"primary","Original Relationality",-1.73209725244081
"ozkurt_2026_paces_enjoyment",2,202,"primary","ACE",-1.52823784921469
"ozkurt_2026_paces_enjoyment",2,202,"primary","Podani",-1.42031347901926
"ozkurt_2026_paces_enjoyment",2,202,"primary","Euclidean",-1.87863365185001
"ozkurt_2026_paces_enjoyment",2,202,"primary","Cosine",-1.28984341557891
"ozkurt_2026_paces_enjoyment",2,202,"primary","eJaccard",-0.690487694514958
"ozkurt_2026_paces_enjoyment",2,202,"primary","eDice",-0.607953430692391
"ozkurt_2026_paces_enjoyment",2,202,"primary","Recursive Relationality",-1.1747597637046
"ozkurt_2026_paces_enjoyment",2,202,"pct_cells","Correlation",0.717658784716666
"ozkurt_2026_paces_enjoyment",2,202,"pct_cells","Original Relationality",0.596627541009113
"ozkurt_2026_paces_enjoyment",2,202,"pct_cells","ACE",0.587685910644648
"ozkurt_2026_paces_enjoyment",2,202,"pct_cells","Podani",0.671647850163989
"ozkurt_2026_paces_enjoyment",2,202,"pct_cells","Euclidean",0.514913787445078
"ozkurt_2026_paces_enjoyment",2,202,"pct_cells","Cosine",0.586393735073988
"ozkurt_2026_paces_enjoyment",2,202,"pct_cells","eJaccard",0.48217485214449
"ozkurt_2026_paces_enjoyment",2,202,"pct_cells","eDice",0.466614205052583
"ozkurt_2026_paces_enjoyment",2,202,"pct_cells","Recursive Relationality",0.732223773441999
"ozkurt_2026_paces_enjoyment",2,202,"rk_corrected","Correlation",-1.19649487030037
"ozkurt_2026_paces_enjoyment",2,202,"rk_corrected","Original Relationality",-1.73131020857649
"ozkurt_2026_paces_enjoyment",2,202,"rk_corrected","ACE",-1.52480887983855
"ozkurt_2026_paces_enjoyment",2,202,"rk_corrected","Podani",-1.41887938671587
"ozkurt_2026_paces_enjoyment",2,202,"rk_corrected","Euclidean",-1.8712285055661
"ozkurt_2026_paces_enjoyment",2,202,"rk_corrected","Cosine",-1.28335012040061
"ozkurt_2026_paces_enjoyment",2,202,"rk_corrected","eJaccard",-0.68594569711801
"ozkurt_2026_paces_enjoyment",2,202,"rk_corrected","eDice",-0.605073638101421
"ozkurt_2026_paces_enjoyment",2,202,"rk_corrected","Recursive Relationality",-1.17524351238101
"ozkurt_2026_paces_enjoyment",2,202,"positional","Correlation",1.2533191550316
"ozkurt_2026_paces_enjoyment",2,202,"positional","Original Relationality",1.32810669045727
"ozkurt_2026_paces_enjoyment",2,202,"positional","ACE",1.0504847774703
"ozkurt_2026_paces_enjoyment",2,202,"positional","Podani",0.947833941692104
"ozkurt_2026_paces_enjoyment",2,202,"positional","Euclidean",0.974916776830926
"ozkurt_2026_paces_enjoyment",2,202,"positional","Cosine",0.928938105600348
"ozkurt_2026_paces_enjoyment",2,202,"positional","eJaccard",1.48172007593896
"ozkurt_2026_paces_enjoyment",2,202,"positional","eDice",1.71079549354893
"ozkurt_2026_paces_enjoyment",2,202,"positional","Recursive Relationality",1.11521975494975
"ozkurt_2026_paces_enjoyment",3,303,"primary","Correlation",-1.19857921834741
"ozkurt_2026_paces_enjoyment",3,303,"primary","Original Relationality",-1.73209725244081
"ozkurt_2026_paces_enjoyment",3,303,"primary","ACE",-1.52823784921469
"ozkurt_2026_paces_enjoyment",3,303,"primary","Podani",-1.42031347901926
"ozkurt_2026_paces_enjoyment",3,303,"primary","Euclidean",-1.87863365185001
"ozkurt_2026_paces_enjoyment",3,303,"primary","Cosine",-1.28984341557891
"ozkurt_2026_paces_enjoyment",3,303,"primary","eJaccard",-0.690487694514958
"ozkurt_2026_paces_enjoyment",3,303,"primary","eDice",-0.607953430692391
"ozkurt_2026_paces_enjoyment",3,303,"primary","Recursive Relationality",-1.1747597637046
"ozkurt_2026_paces_enjoyment",3,303,"pct_cells","Correlation",0.717658784716666
"ozkurt_2026_paces_enjoyment",3,303,"pct_cells","Original Relationality",0.596627541009113
"ozkurt_2026_paces_enjoyment",3,303,"pct_cells","ACE",0.587685910644648
"ozkurt_2026_paces_enjoyment",3,303,"pct_cells","Podani",0.671647850163989
"ozkurt_2026_paces_enjoyment",3,303,"pct_cells","Euclidean",0.514913787445078
"ozkurt_2026_paces_enjoyment",3,303,"pct_cells","Cosine",0.586393735073988
"ozkurt_2026_paces_enjoyment",3,303,"pct_cells","eJaccard",0.48217485214449
"ozkurt_2026_paces_enjoyment",3,303,"pct_cells","eDice",0.466614205052583
"ozkurt_2026_paces_enjoyment",3,303,"pct_cells","Recursive Relationality",0.732223773441999
"ozkurt_2026_paces_enjoyment",3,303,"rk_corrected","Correlation",-1.19649487030037
"ozkurt_2026_paces_enjoyment",3,303,"rk_corrected","Original Relationality",-1.73131020857649
"ozkurt_2026_paces_enjoyment",3,303,"rk_corrected","ACE",-1.52480887983855
"ozkurt_2026_paces_enjoyment",3,303,"rk_corrected","Podani",-1.41887938671587
"ozkurt_2026_paces_enjoyment",3,303,"rk_corrected","Euclidean",-1.8712285055661
"ozkurt_2026_paces_enjoyment",3,303,"rk_corrected","Cosine",-1.28335012040061
"ozkurt_2026_paces_enjoyment",3,303,"rk_corrected","eJaccard",-0.68594569711801
"ozkurt_2026_paces_enjoyment",3,303,"rk_corrected","eDice",-0.605073638101421
"ozkurt_2026_paces_enjoyment",3,303,"rk_corrected","Recursive Relationality",-1.17524351238101
"ozkurt_2026_paces_enjoyment",3,303,"positional","Correlation",1.2533191550316
"ozkurt_2026_paces_enjoyment",3,303,"positional","Original Relationality",1.32810669045727
"ozkurt_2026_paces_enjoyment",3,303,"positional","ACE",1.0504847774703
"ozkurt_2026_paces_enjoyment",3,303,"positional","Podani",0.947833941692104
"ozkurt_2026_paces_enjoyment",3,303,"positional","Euclidean",0.974916776830926
"ozkurt_2026_paces_enjoyment",3,303,"positional","Cosine",0.928938105600348
"ozkurt_2026_paces_enjoyment",3,303,"positional","eJaccard",1.48172007593896
"ozkurt_2026_paces_enjoyment",3,303,"positional","eDice",1.71079549354893
"ozkurt_2026_paces_enjoyment",3,303,"positional","Recursive Relationality",1.11521975494975
"pavic_2022_vaccine_conspiracy",1,101,"primary","Correlation",0.308100635126875
"pavic_2022_vaccine_conspiracy",1,101,"primary","Original Relationality",-0.100241797106326
"pavic_2022_vaccine_conspiracy",1,101,"primary","ACE",0.158264252595878
"pavic_2022_vaccine_conspiracy",1,101,"primary","Podani",0.200198616096884
"pavic_2022_vaccine_conspiracy",1,101,"primary","Euclidean",-0.110793125703156
"pavic_2022_vaccine_conspiracy",1,101,"primary","Cosine",0.109637967962757
"pavic_2022_vaccine_conspiracy",1,101,"primary","eJaccard",0.258559213622564
"pavic_2022_vaccine_conspiracy",1,101,"primary","eDice",0.0857234994284024
"pavic_2022_vaccine_conspiracy",1,101,"primary","Recursive Relationality",0.336035576008439
"pavic_2022_vaccine_conspiracy",1,101,"pct_cells","Correlation",0.933134414365941
"pavic_2022_vaccine_conspiracy",1,101,"pct_cells","Original Relationality",0.659335904687664
"pavic_2022_vaccine_conspiracy",1,101,"pct_cells","ACE",0.848431038815486
"pavic_2022_vaccine_conspiracy",1,101,"pct_cells","Podani",0.882549395859426
"pavic_2022_vaccine_conspiracy",1,101,"pct_cells","Euclidean",0.669928266617842
"pavic_2022_vaccine_conspiracy",1,101,"pct_cells","Cosine",0.721624367953858
"pavic_2022_vaccine_conspiracy",1,101,"pct_cells","eJaccard",0.641055386926018
"pavic_2022_vaccine_conspiracy",1,101,"pct_cells","eDice",0.436223316958224
"pavic_2022_vaccine_conspiracy",1,101,"pct_cells","Recursive Relationality",0.958050756410621
"pavic_2022_vaccine_conspiracy",1,101,"rk_corrected","Correlation",0.315269590996992
"pavic_2022_vaccine_conspiracy",1,101,"rk_corrected","Original Relationality",-0.097534819862688
"pavic_2022_vaccine_conspiracy",1,101,"rk_corrected","ACE",0.170057930802548
"pavic_2022_vaccine_conspiracy",1,101,"rk_corrected","Podani",0.205131067014215
"pavic_2022_vaccine_conspiracy",1,101,"rk_corrected","Euclidean",-0.085323690789703
"pavic_2022_vaccine_conspiracy",1,101,"rk_corrected","Cosine",0.131971160661064
"pavic_2022_vaccine_conspiracy",1,101,"rk_corrected","eJaccard",0.274181066674945
"pavic_2022_vaccine_conspiracy",1,101,"rk_corrected","eDice",0.0956283260378815
"pavic_2022_vaccine_conspiracy",1,101,"rk_corrected","Recursive Relationality",0.334371759392809
"pavic_2022_vaccine_conspiracy",1,101,"positional","Correlation",3.5112106970686
"pavic_2022_vaccine_conspiracy",1,101,"positional","Original Relationality",4.39250739166619
"pavic_2022_vaccine_conspiracy",1,101,"positional","ACE",3.47096017771292
"pavic_2022_vaccine_conspiracy",1,101,"positional","Podani",2.60295910136513
"pavic_2022_vaccine_conspiracy",1,101,"positional","Euclidean",3.01196359079207
"pavic_2022_vaccine_conspiracy",1,101,"positional","Cosine",2.16185871296913
"pavic_2022_vaccine_conspiracy",1,101,"positional","eJaccard",5.02111874870358
"pavic_2022_vaccine_conspiracy",1,101,"positional","eDice",6.33368275815254
"pavic_2022_vaccine_conspiracy",1,101,"positional","Recursive Relationality",2.99516207069419
"pavic_2022_vaccine_conspiracy",2,202,"primary","Correlation",0.308100635126875
"pavic_2022_vaccine_conspiracy",2,202,"primary","Original Relationality",-0.100241797106326
"pavic_2022_vaccine_conspiracy",2,202,"primary","ACE",0.158264252595878
"pavic_2022_vaccine_conspiracy",2,202,"primary","Podani",0.200198616096884
"pavic_2022_vaccine_conspiracy",2,202,"primary","Euclidean",-0.110793125703156
"pavic_2022_vaccine_conspiracy",2,202,"primary","Cosine",0.109637967962757
"pavic_2022_vaccine_conspiracy",2,202,"primary","eJaccard",0.258559213622564
"pavic_2022_vaccine_conspiracy",2,202,"primary","eDice",0.0857234994284024
"pavic_2022_vaccine_conspiracy",2,202,"primary","Recursive Relationality",0.336035576008439
"pavic_2022_vaccine_conspiracy",2,202,"pct_cells","Correlation",0.933134414365941
"pavic_2022_vaccine_conspiracy",2,202,"pct_cells","Original Relationality",0.659335904687664
"pavic_2022_vaccine_conspiracy",2,202,"pct_cells","ACE",0.848431038815486
"pavic_2022_vaccine_conspiracy",2,202,"pct_cells","Podani",0.882549395859426
"pavic_2022_vaccine_conspiracy",2,202,"pct_cells","Euclidean",0.669928266617842
"pavic_2022_vaccine_conspiracy",2,202,"pct_cells","Cosine",0.721624367953858
"pavic_2022_vaccine_conspiracy",2,202,"pct_cells","eJaccard",0.641055386926018
"pavic_2022_vaccine_conspiracy",2,202,"pct_cells","eDice",0.436223316958224
"pavic_2022_vaccine_conspiracy",2,202,"pct_cells","Recursive Relationality",0.958050756410621
"pavic_2022_vaccine_conspiracy",2,202,"rk_corrected","Correlation",0.315269590996992
"pavic_2022_vaccine_conspiracy",2,202,"rk_corrected","Original Relationality",-0.097534819862688
"pavic_2022_vaccine_conspiracy",2,202,"rk_corrected","ACE",0.170057930802548
"pavic_2022_vaccine_conspiracy",2,202,"rk_corrected","Podani",0.205131067014215
"pavic_2022_vaccine_conspiracy",2,202,"rk_corrected","Euclidean",-0.085323690789703
"pavic_2022_vaccine_conspiracy",2,202,"rk_corrected","Cosine",0.131971160661064
"pavic_2022_vaccine_conspiracy",2,202,"rk_corrected","eJaccard",0.274181066674945
"pavic_2022_vaccine_conspiracy",2,202,"rk_corrected","eDice",0.0956283260378815
"pavic_2022_vaccine_conspiracy",2,202,"rk_corrected","Recursive Relationality",0.334371759392809
"pavic_2022_vaccine_conspiracy",2,202,"positional","Correlation",3.5112106970686
"pavic_2022_vaccine_conspiracy",2,202,"positional","Original Relationality",4.39250739166619
"pavic_2022_vaccine_conspiracy",2,202,"positional","ACE",3.47096017771292
"pavic_2022_vaccine_conspiracy",2,202,"positional","Podani",2.60295910136513
"pavic_2022_vaccine_conspiracy",2,202,"positional","Euclidean",3.01196359079207
"pavic_2022_vaccine_conspiracy",2,202,"positional","Cosine",2.16185871296913
"pavic_2022_vaccine_conspiracy",2,202,"positional","eJaccard",5.02111874870358
"pavic_2022_vaccine_conspiracy",2,202,"positional","eDice",6.33368275815254
"pavic_2022_vaccine_conspiracy",2,202,"positional","Recursive Relationality",2.99516207069419
"pavic_2022_vaccine_conspiracy",3,303,"primary","Correlation",0.308100635126875
"pavic_2022_vaccine_conspiracy",3,303,"primary","Original Relationality",-0.100241797106326
"pavic_2022_vaccine_conspiracy",3,303,"primary","ACE",0.158264252595878
"pavic_2022_vaccine_conspiracy",3,303,"primary","Podani",0.200198616096884
"pavic_2022_vaccine_conspiracy",3,303,"primary","Euclidean",-0.110793125703156
"pavic_2022_vaccine_conspiracy",3,303,"primary","Cosine",0.109637967962757
"pavic_2022_vaccine_conspiracy",3,303,"primary","eJaccard",0.258559213622564
"pavic_2022_vaccine_conspiracy",3,303,"primary","eDice",0.0857234994284024
"pavic_2022_vaccine_conspiracy",3,303,"primary","Recursive Relationality",0.336035576008439
"pavic_2022_vaccine_conspiracy",3,303,"pct_cells","Correlation",0.933134414365941
"pavic_2022_vaccine_conspiracy",3,303,"pct_cells","Original Relationality",0.659335904687664
"pavic_2022_vaccine_conspiracy",3,303,"pct_cells","ACE",0.848431038815486
"pavic_2022_vaccine_conspiracy",3,303,"pct_cells","Podani",0.882549395859426
"pavic_2022_vaccine_conspiracy",3,303,"pct_cells","Euclidean",0.669928266617842
"pavic_2022_vaccine_conspiracy",3,303,"pct_cells","Cosine",0.721624367953858
"pavic_2022_vaccine_conspiracy",3,303,"pct_cells","eJaccard",0.641055386926018
"pavic_2022_vaccine_conspiracy",3,303,"pct_cells","eDice",0.436223316958224
"pavic_2022_vaccine_conspiracy",3,303,"pct_cells","Recursive Relationality",0.958050756410621
"pavic_2022_vaccine_conspiracy",3,303,"rk_corrected","Correlation",0.315269590996992
"pavic_2022_vaccine_conspiracy",3,303,"rk_corrected","Original Relationality",-0.097534819862688
"pavic_2022_vaccine_conspiracy",3,303,"rk_corrected","ACE",0.170057930802548
"pavic_2022_vaccine_conspiracy",3,303,"rk_corrected","Podani",0.205131067014215
"pavic_2022_vaccine_conspiracy",3,303,"rk_corrected","Euclidean",-0.085323690789703
"pavic_2022_vaccine_conspiracy",3,303,"rk_corrected","Cosine",0.131971160661064
"pavic_2022_vaccine_conspiracy",3,303,"rk_corrected","eJaccard",0.274181066674945
"pavic_2022_vaccine_conspiracy",3,303,"rk_corrected","eDice",0.0956283260378815
"pavic_2022_vaccine_conspiracy",3,303,"rk_corrected","Recursive Relationality",0.334371759392809
"pavic_2022_vaccine_conspiracy",3,303,"positional","Correlation",3.5112106970686
"pavic_2022_vaccine_conspiracy",3,303,"positional","Original Relationality",4.39250739166619
"pavic_2022_vaccine_conspiracy",3,303,"positional","ACE",3.47096017771292
"pavic_2022_vaccine_conspiracy",3,303,"positional","Podani",2.60295910136513
"pavic_2022_vaccine_conspiracy",3,303,"positional","Euclidean",3.01196359079207
"pavic_2022_vaccine_conspiracy",3,303,"positional","Cosine",2.16185871296913
"pavic_2022_vaccine_conspiracy",3,303,"positional","eJaccard",5.02111874870358
"pavic_2022_vaccine_conspiracy",3,303,"positional","eDice",6.33368275815254
"pavic_2022_vaccine_conspiracy",3,303,"positional","Recursive Relationality",2.99516207069419
"pecino_2018_extrarole_wfb",1,101,"primary","Correlation",0.307675862727363
"pecino_2018_extrarole_wfb",1,101,"primary","Original Relationality",-0.0298886076834311
"pecino_2018_extrarole_wfb",1,101,"primary","ACE",0.136748156678304
"pecino_2018_extrarole_wfb",1,101,"primary","Podani",0.182809778568205
"pecino_2018_extrarole_wfb",1,101,"primary","Euclidean",-0.113177742448039
"pecino_2018_extrarole_wfb",1,101,"primary","Cosine",0.0701078304503712
"pecino_2018_extrarole_wfb",1,101,"primary","eJaccard",0.326997392093009
"pecino_2018_extrarole_wfb",1,101,"primary","eDice",0.226557683425989
"pecino_2018_extrarole_wfb",1,101,"primary","Recursive Relationality",0.316764317251619
"pecino_2018_extrarole_wfb",1,101,"pct_cells","Correlation",0.951515167359014
"pecino_2018_extrarole_wfb",1,101,"pct_cells","Original Relationality",0.752542671362205
"pecino_2018_extrarole_wfb",1,101,"pct_cells","ACE",0.847680139043267
"pecino_2018_extrarole_wfb",1,101,"pct_cells","Podani",0.885690592613208
"pecino_2018_extrarole_wfb",1,101,"pct_cells","Euclidean",0.691033381877044
"pecino_2018_extrarole_wfb",1,101,"pct_cells","Cosine",0.700507196535816
"pecino_2018_extrarole_wfb",1,101,"pct_cells","eJaccard",0.721001809812279
"pecino_2018_extrarole_wfb",1,101,"pct_cells","eDice",0.587603064151896
"pecino_2018_extrarole_wfb",1,101,"pct_cells","Recursive Relationality",0.957494201815658
"pecino_2018_extrarole_wfb",1,101,"rk_corrected","Correlation",0.326950451097849
"pecino_2018_extrarole_wfb",1,101,"rk_corrected","Original Relationality",-0.0226105782123766
"pecino_2018_extrarole_wfb",1,101,"rk_corrected","ACE",0.168456859720414
"pecino_2018_extrarole_wfb",1,101,"rk_corrected","Podani",0.196071258037685
"pecino_2018_extrarole_wfb",1,101,"rk_corrected","Euclidean",-0.0447001450294251
"pecino_2018_extrarole_wfb",1,101,"rk_corrected","Cosine",0.130153268594708
"pecino_2018_extrarole_wfb",1,101,"rk_corrected","eJaccard",0.368998597376471
"pecino_2018_extrarole_wfb",1,101,"rk_corrected","eDice",0.253187984858662
"pecino_2018_extrarole_wfb",1,101,"rk_corrected","Recursive Relationality",0.312290948887903
"pecino_2018_extrarole_wfb",1,101,"positional","Correlation",2.04176229402465
"pecino_2018_extrarole_wfb",1,101,"positional","Original Relationality",2.26779861457851
"pecino_2018_extrarole_wfb",1,101,"positional","ACE",1.92933522017144
"pecino_2018_extrarole_wfb",1,101,"positional","Podani",1.56064541927479
"pecino_2018_extrarole_wfb",1,101,"positional","Euclidean",1.6552200841016
"pecino_2018_extrarole_wfb",1,101,"positional","Cosine",1.37216591106751
"pecino_2018_extrarole_wfb",1,101,"positional","eJaccard",2.5799844141888
"pecino_2018_extrarole_wfb",1,101,"positional","eDice",3.03099394504046
"pecino_2018_extrarole_wfb",1,101,"positional","Recursive Relationality",1.82840016077197
"pezzuti_2025_coolpeople_single-items",2,202,"primary","Correlation",0.885035839388023
"pezzuti_2025_coolpeople_single-items",2,202,"primary","Original Relationality",0.737464882784675
"pezzuti_2025_coolpeople_single-items",2,202,"primary","ACE",0.77189400669615
"pezzuti_2025_coolpeople_single-items",2,202,"primary","Podani",0.825498166846602
"pezzuti_2025_coolpeople_single-items",2,202,"primary","Euclidean",0.71677159135749
"pezzuti_2025_coolpeople_single-items",2,202,"primary","Cosine",0.700319577875325
"pezzuti_2025_coolpeople_single-items",2,202,"primary","eJaccard",0.72762307904431
"pezzuti_2025_coolpeople_single-items",2,202,"primary","eDice",0.65579557054736
"pezzuti_2025_coolpeople_single-items",2,202,"primary","Recursive Relationality",0.90186038934404
"pezzuti_2025_coolpeople_single-items",2,202,"pct_cells","Correlation",0.885035839388023
"pezzuti_2025_coolpeople_single-items",2,202,"pct_cells","Original Relationality",0.737464882784675
"pezzuti_2025_coolpeople_single-items",2,202,"pct_cells","ACE",0.77189400669615
"pezzuti_2025_coolpeople_single-items",2,202,"pct_cells","Podani",0.825498166846602
"pezzuti_2025_coolpeople_single-items",2,202,"pct_cells","Euclidean",0.71677159135749
"pezzuti_2025_coolpeople_single-items",2,202,"pct_cells","Cosine",0.700319577875325
"pezzuti_2025_coolpeople_single-items",2,202,"pct_cells","eJaccard",0.72762307904431
"pezzuti_2025_coolpeople_single-items",2,202,"pct_cells","eDice",0.65579557054736
"pezzuti_2025_coolpeople_single-items",2,202,"pct_cells","Recursive Relationality",0.90186038934404
"pezzuti_2025_coolpeople_single-items",2,202,"rk_corrected","Correlation",0.894446977693202
"pezzuti_2025_coolpeople_single-items",2,202,"rk_corrected","Original Relationality",0.741018501706371
"pezzuti_2025_coolpeople_single-items",2,202,"rk_corrected","ACE",0.787376308267068
"pezzuti_2025_coolpeople_single-items",2,202,"rk_corrected","Podani",0.831973304733835
"pezzuti_2025_coolpeople_single-items",2,202,"rk_corrected","Euclidean",0.750206917068507
"pezzuti_2025_coolpeople_single-items",2,202,"rk_corrected","Cosine",0.72963776159523
"pezzuti_2025_coolpeople_single-items",2,202,"rk_corrected","eJaccard",0.748130865997217
"pezzuti_2025_coolpeople_single-items",2,202,"rk_corrected","eDice",0.668798258079471
"pezzuti_2025_coolpeople_single-items",2,202,"rk_corrected","Recursive Relationality",0.899676192849063
"pezzuti_2025_coolpeople_single-items",2,202,"positional","Correlation",2.4940537297971
"pezzuti_2025_coolpeople_single-items",2,202,"positional","Original Relationality",3.02970970481027
"pezzuti_2025_coolpeople_single-items",2,202,"positional","ACE",2.42011945671731
"pezzuti_2025_coolpeople_single-items",2,202,"positional","Podani",1.9000179655003
"pezzuti_2025_coolpeople_single-items",2,202,"positional","Euclidean",2.17881900123911
"pezzuti_2025_coolpeople_single-items",2,202,"positional","Cosine",1.64106143933035
"pezzuti_2025_coolpeople_single-items",2,202,"positional","eJaccard",3.41584441350017
"pezzuti_2025_coolpeople_single-items",2,202,"positional","eDice",4.25991394867958
"pezzuti_2025_coolpeople_single-items",2,202,"positional","Recursive Relationality",2.20141267461414
"rfq8_wozniakprus_2022",1,101,"primary","Correlation",0.664822855514189
"rfq8_wozniakprus_2022",1,101,"primary","Original Relationality",0.583309090976764
"rfq8_wozniakprus_2022",1,101,"primary","ACE",0.515059229453885
"rfq8_wozniakprus_2022",1,101,"primary","Podani",0.62729733985585
"rfq8_wozniakprus_2022",1,101,"primary","Euclidean",0.571065710033438
"rfq8_wozniakprus_2022",1,101,"primary","Cosine",0.550549609358007
"rfq8_wozniakprus_2022",1,101,"primary","eJaccard",0.51426683933153
"rfq8_wozniakprus_2022",1,101,"primary","eDice",0.507084029291085
"rfq8_wozniakprus_2022",1,101,"primary","Recursive Relationality",0.682008010111363
"rfq8_wozniakprus_2022",1,101,"pct_cells","Correlation",0.664822855514189
"rfq8_wozniakprus_2022",1,101,"pct_cells","Original Relationality",0.583309090976764
"rfq8_wozniakprus_2022",1,101,"pct_cells","ACE",0.515059229453885
"rfq8_wozniakprus_2022",1,101,"pct_cells","Podani",0.62729733985585
"rfq8_wozniakprus_2022",1,101,"pct_cells","Euclidean",0.571065710033438
"rfq8_wozniakprus_2022",1,101,"pct_cells","Cosine",0.550549609358007
"rfq8_wozniakprus_2022",1,101,"pct_cells","eJaccard",0.51426683933153
"rfq8_wozniakprus_2022",1,101,"pct_cells","eDice",0.507084029291085
"rfq8_wozniakprus_2022",1,101,"pct_cells","Recursive Relationality",0.682008010111363
"rfq8_wozniakprus_2022",1,101,"rk_corrected","Correlation",0.680499852715285
"rfq8_wozniakprus_2022",1,101,"rk_corrected","Original Relationality",0.5892286803062
"rfq8_wozniakprus_2022",1,101,"rk_corrected","ACE",0.540849520757989
"rfq8_wozniakprus_2022",1,101,"rk_corrected","Podani",0.638083571578639
"rfq8_wozniakprus_2022",1,101,"rk_corrected","Euclidean",0.626762002085682
"rfq8_wozniakprus_2022",1,101,"rk_corrected","Cosine",0.599387599961673
"rfq8_wozniakprus_2022",1,101,"rk_corrected","eJaccard",0.548428543074045
"rfq8_wozniakprus_2022",1,101,"rk_corrected","eDice",0.52874379981379
"rfq8_wozniakprus_2022",1,101,"rk_corrected","Recursive Relationality",0.678369593457816
"rfq8_wozniakprus_2022",1,101,"positional","Correlation",2.28817274467174
"rfq8_wozniakprus_2022",1,101,"positional","Original Relationality",2.91351982522206
"rfq8_wozniakprus_2022",1,101,"positional","ACE",2.18091919587595
"rfq8_wozniakprus_2022",1,101,"positional","Podani",1.71783057627609
"rfq8_wozniakprus_2022",1,101,"positional","Euclidean",2.04701630191716
"rfq8_wozniakprus_2022",1,101,"positional","Cosine",1.48036751201404
"rfq8_wozniakprus_2022",1,101,"positional","eJaccard",3.2332218150184
"rfq8_wozniakprus_2022",1,101,"positional","eDice",4.16797925266871
"rfq8_wozniakprus_2022",1,101,"positional","Recursive Relationality",1.98568563142306
"rfq8_wozniakprus_2022",2,202,"primary","Correlation",0.664822855514189
"rfq8_wozniakprus_2022",2,202,"primary","Original Relationality",0.583309090976764
"rfq8_wozniakprus_2022",2,202,"primary","ACE",0.515059229453885
"rfq8_wozniakprus_2022",2,202,"primary","Podani",0.62729733985585
"rfq8_wozniakprus_2022",2,202,"primary","Euclidean",0.571065710033438
"rfq8_wozniakprus_2022",2,202,"primary","Cosine",0.550549609358007
"rfq8_wozniakprus_2022",2,202,"primary","eJaccard",0.51426683933153
"rfq8_wozniakprus_2022",2,202,"primary","eDice",0.507084029291085
"rfq8_wozniakprus_2022",2,202,"primary","Recursive Relationality",0.682008010111363
"rfq8_wozniakprus_2022",2,202,"pct_cells","Correlation",0.664822855514189
"rfq8_wozniakprus_2022",2,202,"pct_cells","Original Relationality",0.583309090976764
"rfq8_wozniakprus_2022",2,202,"pct_cells","ACE",0.515059229453885
"rfq8_wozniakprus_2022",2,202,"pct_cells","Podani",0.62729733985585
"rfq8_wozniakprus_2022",2,202,"pct_cells","Euclidean",0.571065710033438
"rfq8_wozniakprus_2022",2,202,"pct_cells","Cosine",0.550549609358007
"rfq8_wozniakprus_2022",2,202,"pct_cells","eJaccard",0.51426683933153
"rfq8_wozniakprus_2022",2,202,"pct_cells","eDice",0.507084029291085
"rfq8_wozniakprus_2022",2,202,"pct_cells","Recursive Relationality",0.682008010111363
"rfq8_wozniakprus_2022",2,202,"rk_corrected","Correlation",0.680499852715285
"rfq8_wozniakprus_2022",2,202,"rk_corrected","Original Relationality",0.5892286803062
"rfq8_wozniakprus_2022",2,202,"rk_corrected","ACE",0.540849520757989
"rfq8_wozniakprus_2022",2,202,"rk_corrected","Podani",0.638083571578639
"rfq8_wozniakprus_2022",2,202,"rk_corrected","Euclidean",0.626762002085682
"rfq8_wozniakprus_2022",2,202,"rk_corrected","Cosine",0.599387599961673
"rfq8_wozniakprus_2022",2,202,"rk_corrected","eJaccard",0.548428543074045
"rfq8_wozniakprus_2022",2,202,"rk_corrected","eDice",0.52874379981379
"rfq8_wozniakprus_2022",2,202,"rk_corrected","Recursive Relationality",0.678369593457816
"rfq8_wozniakprus_2022",2,202,"positional","Correlation",2.28817274467174
"rfq8_wozniakprus_2022",2,202,"positional","Original Relationality",2.91351982522206
"rfq8_wozniakprus_2022",2,202,"positional","ACE",2.18091919587595
"rfq8_wozniakprus_2022",2,202,"positional","Podani",1.71783057627609
"rfq8_wozniakprus_2022",2,202,"positional","Euclidean",2.04701630191716
"rfq8_wozniakprus_2022",2,202,"positional","Cosine",1.48036751201404
"rfq8_wozniakprus_2022",2,202,"positional","eJaccard",3.2332218150184
"rfq8_wozniakprus_2022",2,202,"positional","eDice",4.16797925266871
"rfq8_wozniakprus_2022",2,202,"positional","Recursive Relationality",1.98568563142306
"rfq8_wozniakprus_2022",3,303,"primary","Correlation",0.664822855514189
"rfq8_wozniakprus_2022",3,303,"primary","Original Relationality",0.583309090976764
"rfq8_wozniakprus_2022",3,303,"primary","ACE",0.515059229453885
"rfq8_wozniakprus_2022",3,303,"primary","Podani",0.62729733985585
"rfq8_wozniakprus_2022",3,303,"primary","Euclidean",0.571065710033438
"rfq8_wozniakprus_2022",3,303,"primary","Cosine",0.550549609358007
"rfq8_wozniakprus_2022",3,303,"primary","eJaccard",0.51426683933153
"rfq8_wozniakprus_2022",3,303,"primary","eDice",0.507084029291085
"rfq8_wozniakprus_2022",3,303,"primary","Recursive Relationality",0.682008010111363
"rfq8_wozniakprus_2022",3,303,"pct_cells","Correlation",0.664822855514189
"rfq8_wozniakprus_2022",3,303,"pct_cells","Original Relationality",0.583309090976764
"rfq8_wozniakprus_2022",3,303,"pct_cells","ACE",0.515059229453885
"rfq8_wozniakprus_2022",3,303,"pct_cells","Podani",0.62729733985585
"rfq8_wozniakprus_2022",3,303,"pct_cells","Euclidean",0.571065710033438
"rfq8_wozniakprus_2022",3,303,"pct_cells","Cosine",0.550549609358007
"rfq8_wozniakprus_2022",3,303,"pct_cells","eJaccard",0.51426683933153
"rfq8_wozniakprus_2022",3,303,"pct_cells","eDice",0.507084029291085
"rfq8_wozniakprus_2022",3,303,"pct_cells","Recursive Relationality",0.682008010111363
"rfq8_wozniakprus_2022",3,303,"rk_corrected","Correlation",0.680499852715285
"rfq8_wozniakprus_2022",3,303,"rk_corrected","Original Relationality",0.5892286803062
"rfq8_wozniakprus_2022",3,303,"rk_corrected","ACE",0.540849520757989
"rfq8_wozniakprus_2022",3,303,"rk_corrected","Podani",0.638083571578639
"rfq8_wozniakprus_2022",3,303,"rk_corrected","Euclidean",0.626762002085682
"rfq8_wozniakprus_2022",3,303,"rk_corrected","Cosine",0.599387599961673
"rfq8_wozniakprus_2022",3,303,"rk_corrected","eJaccard",0.548428543074045
"rfq8_wozniakprus_2022",3,303,"rk_corrected","eDice",0.52874379981379
"rfq8_wozniakprus_2022",3,303,"rk_corrected","Recursive Relationality",0.678369593457816
"rfq8_wozniakprus_2022",3,303,"positional","Correlation",2.28817274467174
"rfq8_wozniakprus_2022",3,303,"positional","Original Relationality",2.91351982522206
"rfq8_wozniakprus_2022",3,303,"positional","ACE",2.18091919587595
"rfq8_wozniakprus_2022",3,303,"positional","Podani",1.71783057627609
"rfq8_wozniakprus_2022",3,303,"positional","Euclidean",2.04701630191716
"rfq8_wozniakprus_2022",3,303,"positional","Cosine",1.48036751201404
"rfq8_wozniakprus_2022",3,303,"positional","eJaccard",3.2332218150184
"rfq8_wozniakprus_2022",3,303,"positional","eDice",4.16797925266871
"rfq8_wozniakprus_2022",3,303,"positional","Recursive Relationality",1.98568563142306
"rosetti2023_gad7",1,101,"primary","Correlation",0.493658306289021
"rosetti2023_gad7",1,101,"primary","Original Relationality",0.262893586502324
"rosetti2023_gad7",1,101,"primary","ACE",0.362680673527913
"rosetti2023_gad7",1,101,"primary","Podani",0.39650121126534
"rosetti2023_gad7",1,101,"primary","Euclidean",0.209152279084652
"rosetti2023_gad7",1,101,"primary","Cosine",0.314521023843507
"rosetti2023_gad7",1,101,"primary","eJaccard",0.380657473808209
"rosetti2023_gad7",1,101,"primary","eDice",0.32773169889063
"rosetti2023_gad7",1,101,"primary","Recursive Relationality",0.50660052626434
"rosetti2023_gad7",1,101,"pct_cells","Correlation",0.806351787612358
"rosetti2023_gad7",1,101,"pct_cells","Original Relationality",0.642897041993482
"rosetti2023_gad7",1,101,"pct_cells","ACE",0.707959060464829
"rosetti2023_gad7",1,101,"pct_cells","Podani",0.737869386706036
"rosetti2023_gad7",1,101,"pct_cells","Euclidean",0.599733553596987
"rosetti2023_gad7",1,101,"pct_cells","Cosine",0.620687129247803
"rosetti2023_gad7",1,101,"pct_cells","eJaccard",0.572013627660759
"rosetti2023_gad7",1,101,"pct_cells","eDice",0.503080634879375
"rosetti2023_gad7",1,101,"pct_cells","Recursive Relationality",0.81778385532011
"rosetti2023_gad7",1,101,"rk_corrected","Correlation",0.485512700569958
"rosetti2023_gad7",1,101,"rk_corrected","Original Relationality",0.259817829067539
"rosetti2023_gad7",1,101,"rk_corrected","ACE",0.349280304716957
"rosetti2023_gad7",1,101,"rk_corrected","Podani",0.390896796741228
"rosetti2023_gad7",1,101,"rk_corrected","Euclidean",0.180213061372752
"rosetti2023_gad7",1,101,"rk_corrected","Cosine",0.289145308681616
"rosetti2023_gad7",1,101,"rk_corrected","eJaccard",0.362907405615397
"rosetti2023_gad7",1,101,"rk_corrected","eDice",0.316477505987476
"rosetti2023_gad7",1,101,"rk_corrected","Recursive Relationality",0.508491009953359
"rosetti2023_gad7",1,101,"positional","Correlation",1.96060975526192
"rosetti2023_gad7",1,101,"positional","Original Relationality",2.31661888764185
"rosetti2023_gad7",1,101,"positional","ACE",1.88095688935105
"rosetti2023_gad7",1,101,"positional","Podani",1.50981233694701
"rosetti2023_gad7",1,101,"positional","Euclidean",1.6503655425456
"rosetti2023_gad7",1,101,"positional","Cosine",1.26421442356498
"rosetti2023_gad7",1,101,"positional","eJaccard",2.53946528260282
"rosetti2023_gad7",1,101,"positional","eDice",3.15260704093954
"rosetti2023_gad7",1,101,"positional","Recursive Relationality",1.72836696138564
"rosetti2023_gad7",2,202,"primary","Correlation",0.493658306289021
"rosetti2023_gad7",2,202,"primary","Original Relationality",0.262893586502324
"rosetti2023_gad7",2,202,"primary","ACE",0.362680673527913
"rosetti2023_gad7",2,202,"primary","Podani",0.39650121126534
"rosetti2023_gad7",2,202,"primary","Euclidean",0.209152279084652
"rosetti2023_gad7",2,202,"primary","Cosine",0.314521023843507
"rosetti2023_gad7",2,202,"primary","eJaccard",0.380657473808209
"rosetti2023_gad7",2,202,"primary","eDice",0.32773169889063
"rosetti2023_gad7",2,202,"primary","Recursive Relationality",0.50660052626434
"rosetti2023_gad7",2,202,"pct_cells","Correlation",0.806351787612358
"rosetti2023_gad7",2,202,"pct_cells","Original Relationality",0.642897041993482
"rosetti2023_gad7",2,202,"pct_cells","ACE",0.707959060464829
"rosetti2023_gad7",2,202,"pct_cells","Podani",0.737869386706036
"rosetti2023_gad7",2,202,"pct_cells","Euclidean",0.599733553596987
"rosetti2023_gad7",2,202,"pct_cells","Cosine",0.620687129247803
"rosetti2023_gad7",2,202,"pct_cells","eJaccard",0.572013627660759
"rosetti2023_gad7",2,202,"pct_cells","eDice",0.503080634879375
"rosetti2023_gad7",2,202,"pct_cells","Recursive Relationality",0.81778385532011
"rosetti2023_gad7",2,202,"rk_corrected","Correlation",0.485512700569958
"rosetti2023_gad7",2,202,"rk_corrected","Original Relationality",0.259817829067539
"rosetti2023_gad7",2,202,"rk_corrected","ACE",0.349280304716957
"rosetti2023_gad7",2,202,"rk_corrected","Podani",0.390896796741228
"rosetti2023_gad7",2,202,"rk_corrected","Euclidean",0.180213061372752
"rosetti2023_gad7",2,202,"rk_corrected","Cosine",0.289145308681616
"rosetti2023_gad7",2,202,"rk_corrected","eJaccard",0.362907405615397
"rosetti2023_gad7",2,202,"rk_corrected","eDice",0.316477505987476
"rosetti2023_gad7",2,202,"rk_corrected","Recursive Relationality",0.508491009953359
"rosetti2023_gad7",2,202,"positional","Correlation",1.96060975526192
"rosetti2023_gad7",2,202,"positional","Original Relationality",2.31661888764185
"rosetti2023_gad7",2,202,"positional","ACE",1.88095688935105
"rosetti2023_gad7",2,202,"positional","Podani",1.50981233694701
"rosetti2023_gad7",2,202,"positional","Euclidean",1.6503655425456
"rosetti2023_gad7",2,202,"positional","Cosine",1.26421442356498
"rosetti2023_gad7",2,202,"positional","eJaccard",2.53946528260282
"rosetti2023_gad7",2,202,"positional","eDice",3.15260704093954
"rosetti2023_gad7",2,202,"positional","Recursive Relationality",1.72836696138564
"rosetti2023_gad7",3,303,"primary","Correlation",0.493658306289021
"rosetti2023_gad7",3,303,"primary","Original Relationality",0.262893586502324
"rosetti2023_gad7",3,303,"primary","ACE",0.362680673527913
"rosetti2023_gad7",3,303,"primary","Podani",0.39650121126534
"rosetti2023_gad7",3,303,"primary","Euclidean",0.209152279084652
"rosetti2023_gad7",3,303,"primary","Cosine",0.314521023843507
"rosetti2023_gad7",3,303,"primary","eJaccard",0.380657473808209
"rosetti2023_gad7",3,303,"primary","eDice",0.32773169889063
"rosetti2023_gad7",3,303,"primary","Recursive Relationality",0.50660052626434
"rosetti2023_gad7",3,303,"pct_cells","Correlation",0.806351787612358
"rosetti2023_gad7",3,303,"pct_cells","Original Relationality",0.642897041993482
"rosetti2023_gad7",3,303,"pct_cells","ACE",0.707959060464829
"rosetti2023_gad7",3,303,"pct_cells","Podani",0.737869386706036
"rosetti2023_gad7",3,303,"pct_cells","Euclidean",0.599733553596987
"rosetti2023_gad7",3,303,"pct_cells","Cosine",0.620687129247803
"rosetti2023_gad7",3,303,"pct_cells","eJaccard",0.572013627660759
"rosetti2023_gad7",3,303,"pct_cells","eDice",0.503080634879375
"rosetti2023_gad7",3,303,"pct_cells","Recursive Relationality",0.81778385532011
"rosetti2023_gad7",3,303,"rk_corrected","Correlation",0.485512700569958
"rosetti2023_gad7",3,303,"rk_corrected","Original Relationality",0.259817829067539
"rosetti2023_gad7",3,303,"rk_corrected","ACE",0.349280304716957
"rosetti2023_gad7",3,303,"rk_corrected","Podani",0.390896796741228
"rosetti2023_gad7",3,303,"rk_corrected","Euclidean",0.180213061372752
"rosetti2023_gad7",3,303,"rk_corrected","Cosine",0.289145308681616
"rosetti2023_gad7",3,303,"rk_corrected","eJaccard",0.362907405615397
"rosetti2023_gad7",3,303,"rk_corrected","eDice",0.316477505987476
"rosetti2023_gad7",3,303,"rk_corrected","Recursive Relationality",0.508491009953359
"rosetti2023_gad7",3,303,"positional","Correlation",1.96060975526192
"rosetti2023_gad7",3,303,"positional","Original Relationality",2.31661888764185
"rosetti2023_gad7",3,303,"positional","ACE",1.88095688935105
"rosetti2023_gad7",3,303,"positional","Podani",1.50981233694701
"rosetti2023_gad7",3,303,"positional","Euclidean",1.6503655425456
"rosetti2023_gad7",3,303,"positional","Cosine",1.26421442356498
"rosetti2023_gad7",3,303,"positional","eJaccard",2.53946528260282
"rosetti2023_gad7",3,303,"positional","eDice",3.15260704093954
"rosetti2023_gad7",3,303,"positional","Recursive Relationality",1.72836696138564
"rrca_mcneish_2025_exp",1,101,"primary","Correlation",0.176505311105096
"rrca_mcneish_2025_exp",1,101,"primary","Original Relationality",-0.0877954717481139
"rrca_mcneish_2025_exp",1,101,"primary","ACE",0.0105540424292752
"rrca_mcneish_2025_exp",1,101,"primary","Podani",0.0595437896233703
"rrca_mcneish_2025_exp",1,101,"primary","Euclidean",-0.133965898668196
"rrca_mcneish_2025_exp",1,101,"primary","Cosine",0.00252549812281827
"rrca_mcneish_2025_exp",1,101,"primary","eJaccard",0.164665818154164
"rrca_mcneish_2025_exp",1,101,"primary","eDice",0.148635398537333
"rrca_mcneish_2025_exp",1,101,"primary","Recursive Relationality",0.182187199572444
"rrca_mcneish_2025_exp",1,101,"pct_cells","Correlation",0.722127802675148
"rrca_mcneish_2025_exp",1,101,"pct_cells","Original Relationality",0.575276976429719
"rrca_mcneish_2025_exp",1,101,"pct_cells","ACE",0.613034314702697
"rrca_mcneish_2025_exp",1,101,"pct_cells","Podani",0.655201088388985
"rrca_mcneish_2025_exp",1,101,"pct_cells","Euclidean",0.547563908918879
"rrca_mcneish_2025_exp",1,101,"pct_cells","Cosine",0.536758295551217
"rrca_mcneish_2025_exp",1,101,"pct_cells","eJaccard",0.498565396106442
"rrca_mcneish_2025_exp",1,101,"pct_cells","eDice",0.454603795906658
"rrca_mcneish_2025_exp",1,101,"pct_cells","Recursive Relationality",0.725174608890723
"rrca_mcneish_2025_exp",1,101,"rk_corrected","Correlation",0.186031592190519
"rrca_mcneish_2025_exp",1,101,"rk_corrected","Original Relationality",-0.0841983752417406
"rrca_mcneish_2025_exp",1,101,"rk_corrected","ACE",0.0262257658522193
"rrca_mcneish_2025_exp",1,101,"rk_corrected","Podani",0.0660981491047005
"rrca_mcneish_2025_exp",1,101,"rk_corrected","Euclidean",-0.100121500618013
"rrca_mcneish_2025_exp",1,101,"rk_corrected","Cosine",0.0322023820419695
"rrca_mcneish_2025_exp",1,101,"rk_corrected","eJaccard",0.185424512439407
"rrca_mcneish_2025_exp",1,101,"rk_corrected","eDice",0.161797170501586
"rrca_mcneish_2025_exp",1,101,"rk_corrected","Recursive Relationality",0.179976280012852
"rrca_mcneish_2025_exp",1,101,"positional","Correlation",1.89833813618238
"rrca_mcneish_2025_exp",1,101,"positional","Original Relationality",2.28026397494003
"rrca_mcneish_2025_exp",1,101,"positional","ACE",1.80047398091871
"rrca_mcneish_2025_exp",1,101,"positional","Podani",1.43884164617038
"rrca_mcneish_2025_exp",1,101,"positional","Euclidean",1.6187344202851
"rrca_mcneish_2025_exp",1,101,"positional","Cosine",1.19339633834611
"rrca_mcneish_2025_exp",1,101,"positional","eJaccard",2.50379954924374
"rrca_mcneish_2025_exp",1,101,"positional","eDice",3.14557560842697
"rrca_mcneish_2025_exp",1,101,"positional","Recursive Relationality",1.64705451690648
"rrca_mcneish_2025_exp",2,202,"primary","Correlation",0.176505311105096
"rrca_mcneish_2025_exp",2,202,"primary","Original Relationality",-0.0877954717481139
"rrca_mcneish_2025_exp",2,202,"primary","ACE",0.0105540424292752
"rrca_mcneish_2025_exp",2,202,"primary","Podani",0.0595437896233703
"rrca_mcneish_2025_exp",2,202,"primary","Euclidean",-0.133965898668196
"rrca_mcneish_2025_exp",2,202,"primary","Cosine",0.00252549812281827
"rrca_mcneish_2025_exp",2,202,"primary","eJaccard",0.164665818154164
"rrca_mcneish_2025_exp",2,202,"primary","eDice",0.148635398537333
"rrca_mcneish_2025_exp",2,202,"primary","Recursive Relationality",0.182187199572444
"rrca_mcneish_2025_exp",2,202,"pct_cells","Correlation",0.722127802675148
"rrca_mcneish_2025_exp",2,202,"pct_cells","Original Relationality",0.575276976429719
"rrca_mcneish_2025_exp",2,202,"pct_cells","ACE",0.613034314702697
"rrca_mcneish_2025_exp",2,202,"pct_cells","Podani",0.655201088388985
"rrca_mcneish_2025_exp",2,202,"pct_cells","Euclidean",0.547563908918879
"rrca_mcneish_2025_exp",2,202,"pct_cells","Cosine",0.536758295551217
"rrca_mcneish_2025_exp",2,202,"pct_cells","eJaccard",0.498565396106442
"rrca_mcneish_2025_exp",2,202,"pct_cells","eDice",0.454603795906658
"rrca_mcneish_2025_exp",2,202,"pct_cells","Recursive Relationality",0.725174608890723
"rrca_mcneish_2025_exp",2,202,"rk_corrected","Correlation",0.186031592190519
"rrca_mcneish_2025_exp",2,202,"rk_corrected","Original Relationality",-0.0841983752417406
"rrca_mcneish_2025_exp",2,202,"rk_corrected","ACE",0.0262257658522193
"rrca_mcneish_2025_exp",2,202,"rk_corrected","Podani",0.0660981491047005
"rrca_mcneish_2025_exp",2,202,"rk_corrected","Euclidean",-0.100121500618013
"rrca_mcneish_2025_exp",2,202,"rk_corrected","Cosine",0.0322023820419695
"rrca_mcneish_2025_exp",2,202,"rk_corrected","eJaccard",0.185424512439407
"rrca_mcneish_2025_exp",2,202,"rk_corrected","eDice",0.161797170501586
"rrca_mcneish_2025_exp",2,202,"rk_corrected","Recursive Relationality",0.179976280012852
"rrca_mcneish_2025_exp",2,202,"positional","Correlation",1.89833813618238
"rrca_mcneish_2025_exp",2,202,"positional","Original Relationality",2.28026397494003
"rrca_mcneish_2025_exp",2,202,"positional","ACE",1.80047398091871
"rrca_mcneish_2025_exp",2,202,"positional","Podani",1.43884164617038
"rrca_mcneish_2025_exp",2,202,"positional","Euclidean",1.6187344202851
"rrca_mcneish_2025_exp",2,202,"positional","Cosine",1.19339633834611
"rrca_mcneish_2025_exp",2,202,"positional","eJaccard",2.50379954924374
"rrca_mcneish_2025_exp",2,202,"positional","eDice",3.14557560842697
"rrca_mcneish_2025_exp",2,202,"positional","Recursive Relationality",1.64705451690648
"rrca_mcneish_2025_exp",3,303,"primary","Correlation",0.176505311105096
"rrca_mcneish_2025_exp",3,303,"primary","Original Relationality",-0.0877954717481139
"rrca_mcneish_2025_exp",3,303,"primary","ACE",0.0105540424292752
"rrca_mcneish_2025_exp",3,303,"primary","Podani",0.0595437896233703
"rrca_mcneish_2025_exp",3,303,"primary","Euclidean",-0.133965898668196
"rrca_mcneish_2025_exp",3,303,"primary","Cosine",0.00252549812281827
"rrca_mcneish_2025_exp",3,303,"primary","eJaccard",0.164665818154164
"rrca_mcneish_2025_exp",3,303,"primary","eDice",0.148635398537333
"rrca_mcneish_2025_exp",3,303,"primary","Recursive Relationality",0.182187199572444
"rrca_mcneish_2025_exp",3,303,"pct_cells","Correlation",0.722127802675148
"rrca_mcneish_2025_exp",3,303,"pct_cells","Original Relationality",0.575276976429719
"rrca_mcneish_2025_exp",3,303,"pct_cells","ACE",0.613034314702697
"rrca_mcneish_2025_exp",3,303,"pct_cells","Podani",0.655201088388985
"rrca_mcneish_2025_exp",3,303,"pct_cells","Euclidean",0.547563908918879
"rrca_mcneish_2025_exp",3,303,"pct_cells","Cosine",0.536758295551217
"rrca_mcneish_2025_exp",3,303,"pct_cells","eJaccard",0.498565396106442
"rrca_mcneish_2025_exp",3,303,"pct_cells","eDice",0.454603795906658
"rrca_mcneish_2025_exp",3,303,"pct_cells","Recursive Relationality",0.725174608890723
"rrca_mcneish_2025_exp",3,303,"rk_corrected","Correlation",0.186031592190519
"rrca_mcneish_2025_exp",3,303,"rk_corrected","Original Relationality",-0.0841983752417406
"rrca_mcneish_2025_exp",3,303,"rk_corrected","ACE",0.0262257658522193
"rrca_mcneish_2025_exp",3,303,"rk_corrected","Podani",0.0660981491047005
"rrca_mcneish_2025_exp",3,303,"rk_corrected","Euclidean",-0.100121500618013
"rrca_mcneish_2025_exp",3,303,"rk_corrected","Cosine",0.0322023820419695
"rrca_mcneish_2025_exp",3,303,"rk_corrected","eJaccard",0.185424512439407
"rrca_mcneish_2025_exp",3,303,"rk_corrected","eDice",0.161797170501586
"rrca_mcneish_2025_exp",3,303,"rk_corrected","Recursive Relationality",0.179976280012852
"rrca_mcneish_2025_exp",3,303,"positional","Correlation",1.89833813618238
"rrca_mcneish_2025_exp",3,303,"positional","Original Relationality",2.28026397494003
"rrca_mcneish_2025_exp",3,303,"positional","ACE",1.80047398091871
"rrca_mcneish_2025_exp",3,303,"positional","Podani",1.43884164617038
"rrca_mcneish_2025_exp",3,303,"positional","Euclidean",1.6187344202851
"rrca_mcneish_2025_exp",3,303,"positional","Cosine",1.19339633834611
"rrca_mcneish_2025_exp",3,303,"positional","eJaccard",2.50379954924374
"rrca_mcneish_2025_exp",3,303,"positional","eDice",3.14557560842697
"rrca_mcneish_2025_exp",3,303,"positional","Recursive Relationality",1.64705451690648
"sabfi2_gallardo_pujol_2018_tight",1,101,"primary","Correlation",-0.828602093312118
"sabfi2_gallardo_pujol_2018_tight",1,101,"primary","Original Relationality",-1.37672857862864
"sabfi2_gallardo_pujol_2018_tight",1,101,"primary","ACE",-1.11310397866651
"sabfi2_gallardo_pujol_2018_tight",1,101,"primary","Podani",-1.00927001516485
"sabfi2_gallardo_pujol_2018_tight",1,101,"primary","Euclidean",-1.28626750822284
"sabfi2_gallardo_pujol_2018_tight",1,101,"primary","Cosine",-1.05200890252772
"sabfi2_gallardo_pujol_2018_tight",1,101,"primary","eJaccard",-0.455952569435655
"sabfi2_gallardo_pujol_2018_tight",1,101,"primary","eDice",-0.517287047092108
"sabfi2_gallardo_pujol_2018_tight",1,101,"primary","Recursive Relationality",-0.804759731966177
"sabfi2_gallardo_pujol_2018_tight",1,101,"pct_cells","Correlation",0.628388587247023
"sabfi2_gallardo_pujol_2018_tight",1,101,"pct_cells","Original Relationality",0.393891937308436
"sabfi2_gallardo_pujol_2018_tight",1,101,"pct_cells","ACE",0.495715590697608
"sabfi2_gallardo_pujol_2018_tight",1,101,"pct_cells","Podani",0.58132998120115
"sabfi2_gallardo_pujol_2018_tight",1,101,"pct_cells","Euclidean",0.533640199980837
"sabfi2_gallardo_pujol_2018_tight",1,101,"pct_cells","Cosine",0.374567565869718
"sabfi2_gallardo_pujol_2018_tight",1,101,"pct_cells","eJaccard",0.435668617072268
"sabfi2_gallardo_pujol_2018_tight",1,101,"pct_cells","eDice",0.299748743038052
"sabfi2_gallardo_pujol_2018_tight",1,101,"pct_cells","Recursive Relationality",0.645194416296995
"sabfi2_gallardo_pujol_2018_tight",1,101,"rk_corrected","Correlation",-0.799089261439421
"sabfi2_gallardo_pujol_2018_tight",1,101,"rk_corrected","Original Relationality",-1.36558461767782
"sabfi2_gallardo_pujol_2018_tight",1,101,"rk_corrected","ACE",-1.06455229995901
"sabfi2_gallardo_pujol_2018_tight",1,101,"rk_corrected","Podani",-0.988964325287431
"sabfi2_gallardo_pujol_2018_tight",1,101,"rk_corrected","Euclidean",-1.18141609553293
"sabfi2_gallardo_pujol_2018_tight",1,101,"rk_corrected","Cosine",-0.960068629323764
"sabfi2_gallardo_pujol_2018_tight",1,101,"rk_corrected","eJaccard",-0.391641234420087
"sabfi2_gallardo_pujol_2018_tight",1,101,"rk_corrected","eDice",-0.476511306837899
"sabfi2_gallardo_pujol_2018_tight",1,101,"rk_corrected","Recursive Relationality",-0.811609256629705
"sabfi2_gallardo_pujol_2018_tight",1,101,"positional","Correlation",1.41659467985766
"sabfi2_gallardo_pujol_2018_tight",1,101,"positional","Original Relationality",1.53017060264323
"sabfi2_gallardo_pujol_2018_tight",1,101,"positional","ACE",1.24392541600071
"sabfi2_gallardo_pujol_2018_tight",1,101,"positional","Podani",1.06098923736242
"sabfi2_gallardo_pujol_2018_tight",1,101,"positional","Euclidean",1.23307040363645
"sabfi2_gallardo_pujol_2018_tight",1,101,"positional","Cosine",0.817464990440051
"sabfi2_gallardo_pujol_2018_tight",1,101,"positional","eJaccard",1.84500000115403
"sabfi2_gallardo_pujol_2018_tight",1,101,"positional","eDice",2.14851495875142
"sabfi2_gallardo_pujol_2018_tight",1,101,"positional","Recursive Relationality",1.22837168174546
"sabfi2_gallardo_pujol_2018_tight",2,202,"primary","Correlation",-0.828602093312118
"sabfi2_gallardo_pujol_2018_tight",2,202,"primary","Original Relationality",-1.37672857862864
"sabfi2_gallardo_pujol_2018_tight",2,202,"primary","ACE",-1.11310397866651
"sabfi2_gallardo_pujol_2018_tight",2,202,"primary","Podani",-1.00927001516485
"sabfi2_gallardo_pujol_2018_tight",2,202,"primary","Euclidean",-1.28626750822284
"sabfi2_gallardo_pujol_2018_tight",2,202,"primary","Cosine",-1.05200890252772
"sabfi2_gallardo_pujol_2018_tight",2,202,"primary","eJaccard",-0.455952569435655
"sabfi2_gallardo_pujol_2018_tight",2,202,"primary","eDice",-0.517287047092108
"sabfi2_gallardo_pujol_2018_tight",2,202,"primary","Recursive Relationality",-0.804759731966177
"sabfi2_gallardo_pujol_2018_tight",2,202,"pct_cells","Correlation",0.628388587247023
"sabfi2_gallardo_pujol_2018_tight",2,202,"pct_cells","Original Relationality",0.393891937308436
"sabfi2_gallardo_pujol_2018_tight",2,202,"pct_cells","ACE",0.495715590697608
"sabfi2_gallardo_pujol_2018_tight",2,202,"pct_cells","Podani",0.58132998120115
"sabfi2_gallardo_pujol_2018_tight",2,202,"pct_cells","Euclidean",0.533640199980837
"sabfi2_gallardo_pujol_2018_tight",2,202,"pct_cells","Cosine",0.374567565869718
"sabfi2_gallardo_pujol_2018_tight",2,202,"pct_cells","eJaccard",0.435668617072268
"sabfi2_gallardo_pujol_2018_tight",2,202,"pct_cells","eDice",0.299748743038052
"sabfi2_gallardo_pujol_2018_tight",2,202,"pct_cells","Recursive Relationality",0.645194416296995
"sabfi2_gallardo_pujol_2018_tight",2,202,"rk_corrected","Correlation",-0.799089261439421
"sabfi2_gallardo_pujol_2018_tight",2,202,"rk_corrected","Original Relationality",-1.36558461767782
"sabfi2_gallardo_pujol_2018_tight",2,202,"rk_corrected","ACE",-1.06455229995901
"sabfi2_gallardo_pujol_2018_tight",2,202,"rk_corrected","Podani",-0.988964325287431
"sabfi2_gallardo_pujol_2018_tight",2,202,"rk_corrected","Euclidean",-1.18141609553293
"sabfi2_gallardo_pujol_2018_tight",2,202,"rk_corrected","Cosine",-0.960068629323764
"sabfi2_gallardo_pujol_2018_tight",2,202,"rk_corrected","eJaccard",-0.391641234420087
"sabfi2_gallardo_pujol_2018_tight",2,202,"rk_corrected","eDice",-0.476511306837899
"sabfi2_gallardo_pujol_2018_tight",2,202,"rk_corrected","Recursive Relationality",-0.811609256629705
"sabfi2_gallardo_pujol_2018_tight",2,202,"positional","Correlation",1.41659467985766
"sabfi2_gallardo_pujol_2018_tight",2,202,"positional","Original Relationality",1.53017060264323
"sabfi2_gallardo_pujol_2018_tight",2,202,"positional","ACE",1.24392541600071
"sabfi2_gallardo_pujol_2018_tight",2,202,"positional","Podani",1.06098923736242
"sabfi2_gallardo_pujol_2018_tight",2,202,"positional","Euclidean",1.23307040363645
"sabfi2_gallardo_pujol_2018_tight",2,202,"positional","Cosine",0.817464990440051
"sabfi2_gallardo_pujol_2018_tight",2,202,"positional","eJaccard",1.84500000115403
"sabfi2_gallardo_pujol_2018_tight",2,202,"positional","eDice",2.14851495875142
"sabfi2_gallardo_pujol_2018_tight",2,202,"positional","Recursive Relationality",1.22837168174546
"sabfi2_gallardo_pujol_2018_tight",3,303,"primary","Correlation",-0.828602093312118
"sabfi2_gallardo_pujol_2018_tight",3,303,"primary","Original Relationality",-1.37672857862864
"sabfi2_gallardo_pujol_2018_tight",3,303,"primary","ACE",-1.11310397866651
"sabfi2_gallardo_pujol_2018_tight",3,303,"primary","Podani",-1.00927001516485
"sabfi2_gallardo_pujol_2018_tight",3,303,"primary","Euclidean",-1.28626750822284
"sabfi2_gallardo_pujol_2018_tight",3,303,"primary","Cosine",-1.05200890252772
"sabfi2_gallardo_pujol_2018_tight",3,303,"primary","eJaccard",-0.455952569435655
"sabfi2_gallardo_pujol_2018_tight",3,303,"primary","eDice",-0.517287047092108
"sabfi2_gallardo_pujol_2018_tight",3,303,"primary","Recursive Relationality",-0.804759731966177
"sabfi2_gallardo_pujol_2018_tight",3,303,"pct_cells","Correlation",0.628388587247023
"sabfi2_gallardo_pujol_2018_tight",3,303,"pct_cells","Original Relationality",0.393891937308436
"sabfi2_gallardo_pujol_2018_tight",3,303,"pct_cells","ACE",0.495715590697608
"sabfi2_gallardo_pujol_2018_tight",3,303,"pct_cells","Podani",0.58132998120115
"sabfi2_gallardo_pujol_2018_tight",3,303,"pct_cells","Euclidean",0.533640199980837
"sabfi2_gallardo_pujol_2018_tight",3,303,"pct_cells","Cosine",0.374567565869718
"sabfi2_gallardo_pujol_2018_tight",3,303,"pct_cells","eJaccard",0.435668617072268
"sabfi2_gallardo_pujol_2018_tight",3,303,"pct_cells","eDice",0.299748743038052
"sabfi2_gallardo_pujol_2018_tight",3,303,"pct_cells","Recursive Relationality",0.645194416296995
"sabfi2_gallardo_pujol_2018_tight",3,303,"rk_corrected","Correlation",-0.799089261439421
"sabfi2_gallardo_pujol_2018_tight",3,303,"rk_corrected","Original Relationality",-1.36558461767782
"sabfi2_gallardo_pujol_2018_tight",3,303,"rk_corrected","ACE",-1.06455229995901
"sabfi2_gallardo_pujol_2018_tight",3,303,"rk_corrected","Podani",-0.988964325287431
"sabfi2_gallardo_pujol_2018_tight",3,303,"rk_corrected","Euclidean",-1.18141609553293
"sabfi2_gallardo_pujol_2018_tight",3,303,"rk_corrected","Cosine",-0.960068629323764
"sabfi2_gallardo_pujol_2018_tight",3,303,"rk_corrected","eJaccard",-0.391641234420087
"sabfi2_gallardo_pujol_2018_tight",3,303,"rk_corrected","eDice",-0.476511306837899
"sabfi2_gallardo_pujol_2018_tight",3,303,"rk_corrected","Recursive Relationality",-0.811609256629705
"sabfi2_gallardo_pujol_2018_tight",3,303,"positional","Correlation",1.41659467985766
"sabfi2_gallardo_pujol_2018_tight",3,303,"positional","Original Relationality",1.53017060264323
"sabfi2_gallardo_pujol_2018_tight",3,303,"positional","ACE",1.24392541600071
"sabfi2_gallardo_pujol_2018_tight",3,303,"positional","Podani",1.06098923736242
"sabfi2_gallardo_pujol_2018_tight",3,303,"positional","Euclidean",1.23307040363645
"sabfi2_gallardo_pujol_2018_tight",3,303,"positional","Cosine",0.817464990440051
"sabfi2_gallardo_pujol_2018_tight",3,303,"positional","eJaccard",1.84500000115403
"sabfi2_gallardo_pujol_2018_tight",3,303,"positional","eDice",2.14851495875142
"sabfi2_gallardo_pujol_2018_tight",3,303,"positional","Recursive Relationality",1.22837168174546
"safiye_2023_rfq",1,101,"primary","Correlation",0.79415187937833
"safiye_2023_rfq",1,101,"primary","Original Relationality",0.620353397350233
"safiye_2023_rfq",1,101,"primary","ACE",0.665313894012407
"safiye_2023_rfq",1,101,"primary","Podani",0.749743983823368
"safiye_2023_rfq",1,101,"primary","Euclidean",0.656464233377501
"safiye_2023_rfq",1,101,"primary","Cosine",0.618924040786827
"safiye_2023_rfq",1,101,"primary","eJaccard",0.62153223007478
"safiye_2023_rfq",1,101,"primary","eDice",0.517702821205037
"safiye_2023_rfq",1,101,"primary","Recursive Relationality",0.814577424968456
"safiye_2023_rfq",1,101,"pct_cells","Correlation",0.79415187937833
"safiye_2023_rfq",1,101,"pct_cells","Original Relationality",0.620353397350233
"safiye_2023_rfq",1,101,"pct_cells","ACE",0.665313894012407
"safiye_2023_rfq",1,101,"pct_cells","Podani",0.749743983823368
"safiye_2023_rfq",1,101,"pct_cells","Euclidean",0.656464233377501
"safiye_2023_rfq",1,101,"pct_cells","Cosine",0.618924040786827
"safiye_2023_rfq",1,101,"pct_cells","eJaccard",0.62153223007478
"safiye_2023_rfq",1,101,"pct_cells","eDice",0.517702821205037
"safiye_2023_rfq",1,101,"pct_cells","Recursive Relationality",0.814577424968456
"safiye_2023_rfq",1,101,"rk_corrected","Correlation",0.808366666595646
"safiye_2023_rfq",1,101,"rk_corrected","Original Relationality",0.625720860369615
"safiye_2023_rfq",1,101,"rk_corrected","ACE",0.688698697776666
"safiye_2023_rfq",1,101,"rk_corrected","Podani",0.759524172391966
"safiye_2023_rfq",1,101,"rk_corrected","Euclidean",0.706965673810292
"safiye_2023_rfq",1,101,"rk_corrected","Cosine",0.663206860745734
"safiye_2023_rfq",1,101,"rk_corrected","eJaccard",0.652507635852547
"safiye_2023_rfq",1,101,"rk_corrected","eDice",0.53734236219664
"safiye_2023_rfq",1,101,"rk_corrected","Recursive Relationality",0.811278367255126
"safiye_2023_rfq",1,101,"positional","Correlation",1.57229279178649
"safiye_2023_rfq",1,101,"positional","Original Relationality",1.71177868293427
"safiye_2023_rfq",1,101,"positional","ACE",1.45852174426558
"safiye_2023_rfq",1,101,"positional","Podani",1.25449404739941
"safiye_2023_rfq",1,101,"positional","Euclidean",1.35371302192699
"safiye_2023_rfq",1,101,"positional","Cosine",1.08987568973328
"safiye_2023_rfq",1,101,"positional","eJaccard",1.92494688995532
"safiye_2023_rfq",1,101,"positional","eDice",2.25493156084771
"safiye_2023_rfq",1,101,"positional","Recursive Relationality",1.44779497764944
"safiye_2023_rfq",2,202,"primary","Correlation",0.79415187937833
"safiye_2023_rfq",2,202,"primary","Original Relationality",0.620353397350233
"safiye_2023_rfq",2,202,"primary","ACE",0.665313894012407
"safiye_2023_rfq",2,202,"primary","Podani",0.749743983823368
"safiye_2023_rfq",2,202,"primary","Euclidean",0.656464233377501
"safiye_2023_rfq",2,202,"primary","Cosine",0.618924040786827
"safiye_2023_rfq",2,202,"primary","eJaccard",0.62153223007478
"safiye_2023_rfq",2,202,"primary","eDice",0.517702821205037
"safiye_2023_rfq",2,202,"primary","Recursive Relationality",0.814577424968456
"safiye_2023_rfq",2,202,"pct_cells","Correlation",0.79415187937833
"safiye_2023_rfq",2,202,"pct_cells","Original Relationality",0.620353397350233
"safiye_2023_rfq",2,202,"pct_cells","ACE",0.665313894012407
"safiye_2023_rfq",2,202,"pct_cells","Podani",0.749743983823368
"safiye_2023_rfq",2,202,"pct_cells","Euclidean",0.656464233377501
"safiye_2023_rfq",2,202,"pct_cells","Cosine",0.618924040786827
"safiye_2023_rfq",2,202,"pct_cells","eJaccard",0.62153223007478
"safiye_2023_rfq",2,202,"pct_cells","eDice",0.517702821205037
"safiye_2023_rfq",2,202,"pct_cells","Recursive Relationality",0.814577424968456
"safiye_2023_rfq",2,202,"rk_corrected","Correlation",0.808366666595646
"safiye_2023_rfq",2,202,"rk_corrected","Original Relationality",0.625720860369615
"safiye_2023_rfq",2,202,"rk_corrected","ACE",0.688698697776666
"safiye_2023_rfq",2,202,"rk_corrected","Podani",0.759524172391966
"safiye_2023_rfq",2,202,"rk_corrected","Euclidean",0.706965673810292
"safiye_2023_rfq",2,202,"rk_corrected","Cosine",0.663206860745734
"safiye_2023_rfq",2,202,"rk_corrected","eJaccard",0.652507635852547
"safiye_2023_rfq",2,202,"rk_corrected","eDice",0.53734236219664
"safiye_2023_rfq",2,202,"rk_corrected","Recursive Relationality",0.811278367255126
"safiye_2023_rfq",2,202,"positional","Correlation",1.57229279178649
"safiye_2023_rfq",2,202,"positional","Original Relationality",1.71177868293427
"safiye_2023_rfq",2,202,"positional","ACE",1.45852174426558
"safiye_2023_rfq",2,202,"positional","Podani",1.25449404739941
"safiye_2023_rfq",2,202,"positional","Euclidean",1.35371302192699
"safiye_2023_rfq",2,202,"positional","Cosine",1.08987568973328
"safiye_2023_rfq",2,202,"positional","eJaccard",1.92494688995532
"safiye_2023_rfq",2,202,"positional","eDice",2.25493156084771
"safiye_2023_rfq",2,202,"positional","Recursive Relationality",1.44779497764944
"safiye_2023_rfq",3,303,"primary","Correlation",0.79415187937833
"safiye_2023_rfq",3,303,"primary","Original Relationality",0.620353397350233
"safiye_2023_rfq",3,303,"primary","ACE",0.665313894012407
"safiye_2023_rfq",3,303,"primary","Podani",0.749743983823368
"safiye_2023_rfq",3,303,"primary","Euclidean",0.656464233377501
"safiye_2023_rfq",3,303,"primary","Cosine",0.618924040786827
"safiye_2023_rfq",3,303,"primary","eJaccard",0.62153223007478
"safiye_2023_rfq",3,303,"primary","eDice",0.517702821205037
"safiye_2023_rfq",3,303,"primary","Recursive Relationality",0.814577424968456
"safiye_2023_rfq",3,303,"pct_cells","Correlation",0.79415187937833
"safiye_2023_rfq",3,303,"pct_cells","Original Relationality",0.620353397350233
"safiye_2023_rfq",3,303,"pct_cells","ACE",0.665313894012407
"safiye_2023_rfq",3,303,"pct_cells","Podani",0.749743983823368
"safiye_2023_rfq",3,303,"pct_cells","Euclidean",0.656464233377501
"safiye_2023_rfq",3,303,"pct_cells","Cosine",0.618924040786827
"safiye_2023_rfq",3,303,"pct_cells","eJaccard",0.62153223007478
"safiye_2023_rfq",3,303,"pct_cells","eDice",0.517702821205037
"safiye_2023_rfq",3,303,"pct_cells","Recursive Relationality",0.814577424968456
"safiye_2023_rfq",3,303,"rk_corrected","Correlation",0.808366666595646
"safiye_2023_rfq",3,303,"rk_corrected","Original Relationality",0.625720860369615
"safiye_2023_rfq",3,303,"rk_corrected","ACE",0.688698697776666
"safiye_2023_rfq",3,303,"rk_corrected","Podani",0.759524172391966
"safiye_2023_rfq",3,303,"rk_corrected","Euclidean",0.706965673810292
"safiye_2023_rfq",3,303,"rk_corrected","Cosine",0.663206860745734
"safiye_2023_rfq",3,303,"rk_corrected","eJaccard",0.652507635852547
"safiye_2023_rfq",3,303,"rk_corrected","eDice",0.53734236219664
"safiye_2023_rfq",3,303,"rk_corrected","Recursive Relationality",0.811278367255126
"safiye_2023_rfq",3,303,"positional","Correlation",1.57229279178649
"safiye_2023_rfq",3,303,"positional","Original Relationality",1.71177868293427
"safiye_2023_rfq",3,303,"positional","ACE",1.45852174426558
"safiye_2023_rfq",3,303,"positional","Podani",1.25449404739941
"safiye_2023_rfq",3,303,"positional","Euclidean",1.35371302192699
"safiye_2023_rfq",3,303,"positional","Cosine",1.08987568973328
"safiye_2023_rfq",3,303,"positional","eJaccard",1.92494688995532
"safiye_2023_rfq",3,303,"positional","eDice",2.25493156084771
"safiye_2023_rfq",3,303,"positional","Recursive Relationality",1.44779497764944
"shu_2025_translation_eib",1,101,"primary","Correlation",-0.32124829724156
"shu_2025_translation_eib",1,101,"primary","Original Relationality",-0.881098440530189
"shu_2025_translation_eib",1,101,"primary","ACE",-0.545999875264133
"shu_2025_translation_eib",1,101,"primary","Podani",-0.471739658259193
"shu_2025_translation_eib",1,101,"primary","Euclidean",-0.89671511106534
"shu_2025_translation_eib",1,101,"primary","Cosine",-0.49682191785381
"shu_2025_translation_eib",1,101,"primary","eJaccard",-0.129161141481184
"shu_2025_translation_eib",1,101,"primary","eDice",-0.286786547432976
"shu_2025_translation_eib",1,101,"primary","Recursive Relationality",-0.280451225493836
"shu_2025_translation_eib",1,101,"pct_cells","Correlation",0.930136246370147
"shu_2025_translation_eib",1,101,"pct_cells","Original Relationality",0.63965744062282
"shu_2025_translation_eib",1,101,"pct_cells","ACE",0.835787921614352
"shu_2025_translation_eib",1,101,"pct_cells","Podani",0.894399656892352
"shu_2025_translation_eib",1,101,"pct_cells","Euclidean",0.666372702215591
"shu_2025_translation_eib",1,101,"pct_cells","Cosine",0.728440375620597
"shu_2025_translation_eib",1,101,"pct_cells","eJaccard",0.636637148405307
"shu_2025_translation_eib",1,101,"pct_cells","eDice",0.414951612590181
"shu_2025_translation_eib",1,101,"pct_cells","Recursive Relationality",0.964889760068192
"shu_2025_translation_eib",1,101,"rk_corrected","Correlation",-0.300701331459547
"shu_2025_translation_eib",1,101,"rk_corrected","Original Relationality",-0.873339964985714
"shu_2025_translation_eib",1,101,"rk_corrected","ACE",-0.51219797901218
"shu_2025_translation_eib",1,101,"rk_corrected","Podani",-0.457602745986892
"shu_2025_translation_eib",1,101,"rk_corrected","Euclidean",-0.823717087763881
"shu_2025_translation_eib",1,101,"rk_corrected","Cosine",-0.432812687710828
"shu_2025_translation_eib",1,101,"rk_corrected","eJaccard",-0.0843873018964134
"shu_2025_translation_eib",1,101,"rk_corrected","eDice",-0.258398294372295
"shu_2025_translation_eib",1,101,"rk_corrected","Recursive Relationality",-0.285219895253879
"shu_2025_translation_eib",1,101,"positional","Correlation",2.38057692955968
"shu_2025_translation_eib",1,101,"positional","Original Relationality",2.68679871983138
"shu_2025_translation_eib",1,101,"positional","ACE",2.26426144803742
"shu_2025_translation_eib",1,101,"positional","Podani",1.80397982816172
"shu_2025_translation_eib",1,101,"positional","Euclidean",1.9621333095883
"shu_2025_translation_eib",1,101,"positional","Cosine",1.59224090104599
"shu_2025_translation_eib",1,101,"positional","eJaccard",3.13742763862827
"shu_2025_translation_eib",1,101,"positional","eDice",3.70729148690059
"shu_2025_translation_eib",1,101,"positional","Recursive Relationality",2.10183496802628
"shu_2025_translation_eib",2,202,"primary","Correlation",-0.32124829724156
"shu_2025_translation_eib",2,202,"primary","Original Relationality",-0.881098440530189
"shu_2025_translation_eib",2,202,"primary","ACE",-0.545999875264133
"shu_2025_translation_eib",2,202,"primary","Podani",-0.471739658259193
"shu_2025_translation_eib",2,202,"primary","Euclidean",-0.89671511106534
"shu_2025_translation_eib",2,202,"primary","Cosine",-0.49682191785381
"shu_2025_translation_eib",2,202,"primary","eJaccard",-0.129161141481184
"shu_2025_translation_eib",2,202,"primary","eDice",-0.286786547432976
"shu_2025_translation_eib",2,202,"primary","Recursive Relationality",-0.280451225493836
"shu_2025_translation_eib",2,202,"pct_cells","Correlation",0.930136246370147
"shu_2025_translation_eib",2,202,"pct_cells","Original Relationality",0.63965744062282
"shu_2025_translation_eib",2,202,"pct_cells","ACE",0.835787921614352
"shu_2025_translation_eib",2,202,"pct_cells","Podani",0.894399656892352
"shu_2025_translation_eib",2,202,"pct_cells","Euclidean",0.666372702215591
"shu_2025_translation_eib",2,202,"pct_cells","Cosine",0.728440375620597
"shu_2025_translation_eib",2,202,"pct_cells","eJaccard",0.636637148405307
"shu_2025_translation_eib",2,202,"pct_cells","eDice",0.414951612590181
"shu_2025_translation_eib",2,202,"pct_cells","Recursive Relationality",0.964889760068192
"shu_2025_translation_eib",2,202,"rk_corrected","Correlation",-0.300701331459547
"shu_2025_translation_eib",2,202,"rk_corrected","Original Relationality",-0.873339964985714
"shu_2025_translation_eib",2,202,"rk_corrected","ACE",-0.51219797901218
"shu_2025_translation_eib",2,202,"rk_corrected","Podani",-0.457602745986892
"shu_2025_translation_eib",2,202,"rk_corrected","Euclidean",-0.823717087763881
"shu_2025_translation_eib",2,202,"rk_corrected","Cosine",-0.432812687710828
"shu_2025_translation_eib",2,202,"rk_corrected","eJaccard",-0.0843873018964134
"shu_2025_translation_eib",2,202,"rk_corrected","eDice",-0.258398294372295
"shu_2025_translation_eib",2,202,"rk_corrected","Recursive Relationality",-0.285219895253879
"shu_2025_translation_eib",2,202,"positional","Correlation",2.38057692955968
"shu_2025_translation_eib",2,202,"positional","Original Relationality",2.68679871983138
"shu_2025_translation_eib",2,202,"positional","ACE",2.26426144803742
"shu_2025_translation_eib",2,202,"positional","Podani",1.80397982816172
"shu_2025_translation_eib",2,202,"positional","Euclidean",1.9621333095883
"shu_2025_translation_eib",2,202,"positional","Cosine",1.59224090104599
"shu_2025_translation_eib",2,202,"positional","eJaccard",3.13742763862827
"shu_2025_translation_eib",2,202,"positional","eDice",3.70729148690059
"shu_2025_translation_eib",2,202,"positional","Recursive Relationality",2.10183496802628
"shu_2025_translation_eib",3,303,"primary","Correlation",-0.32124829724156
"shu_2025_translation_eib",3,303,"primary","Original Relationality",-0.881098440530189
"shu_2025_translation_eib",3,303,"primary","ACE",-0.545999875264133
"shu_2025_translation_eib",3,303,"primary","Podani",-0.471739658259193
"shu_2025_translation_eib",3,303,"primary","Euclidean",-0.89671511106534
"shu_2025_translation_eib",3,303,"primary","Cosine",-0.49682191785381
"shu_2025_translation_eib",3,303,"primary","eJaccard",-0.129161141481184
"shu_2025_translation_eib",3,303,"primary","eDice",-0.286786547432976
"shu_2025_translation_eib",3,303,"primary","Recursive Relationality",-0.280451225493836
"shu_2025_translation_eib",3,303,"pct_cells","Correlation",0.930136246370147
"shu_2025_translation_eib",3,303,"pct_cells","Original Relationality",0.63965744062282
"shu_2025_translation_eib",3,303,"pct_cells","ACE",0.835787921614352
"shu_2025_translation_eib",3,303,"pct_cells","Podani",0.894399656892352
"shu_2025_translation_eib",3,303,"pct_cells","Euclidean",0.666372702215591
"shu_2025_translation_eib",3,303,"pct_cells","Cosine",0.728440375620597
"shu_2025_translation_eib",3,303,"pct_cells","eJaccard",0.636637148405307
"shu_2025_translation_eib",3,303,"pct_cells","eDice",0.414951612590181
"shu_2025_translation_eib",3,303,"pct_cells","Recursive Relationality",0.964889760068192
"shu_2025_translation_eib",3,303,"rk_corrected","Correlation",-0.300701331459547
"shu_2025_translation_eib",3,303,"rk_corrected","Original Relationality",-0.873339964985714
"shu_2025_translation_eib",3,303,"rk_corrected","ACE",-0.51219797901218
"shu_2025_translation_eib",3,303,"rk_corrected","Podani",-0.457602745986892
"shu_2025_translation_eib",3,303,"rk_corrected","Euclidean",-0.823717087763881
"shu_2025_translation_eib",3,303,"rk_corrected","Cosine",-0.432812687710828
"shu_2025_translation_eib",3,303,"rk_corrected","eJaccard",-0.0843873018964134
"shu_2025_translation_eib",3,303,"rk_corrected","eDice",-0.258398294372295
"shu_2025_translation_eib",3,303,"rk_corrected","Recursive Relationality",-0.285219895253879
"shu_2025_translation_eib",3,303,"positional","Correlation",2.38057692955968
"shu_2025_translation_eib",3,303,"positional","Original Relationality",2.68679871983138
"shu_2025_translation_eib",3,303,"positional","ACE",2.26426144803742
"shu_2025_translation_eib",3,303,"positional","Podani",1.80397982816172
"shu_2025_translation_eib",3,303,"positional","Euclidean",1.9621333095883
"shu_2025_translation_eib",3,303,"positional","Cosine",1.59224090104599
"shu_2025_translation_eib",3,303,"positional","eJaccard",3.13742763862827
"shu_2025_translation_eib",3,303,"positional","eDice",3.70729148690059
"shu_2025_translation_eib",3,303,"positional","Recursive Relationality",2.10183496802628
"silva_2018_mbds",1,101,"primary","Correlation",-0.79752911372988
"silva_2018_mbds",1,101,"primary","Original Relationality",-1.32405601179513
"silva_2018_mbds",1,101,"primary","ACE",-1.07263801187372
"silva_2018_mbds",1,101,"primary","Podani",-1.01689445490851
"silva_2018_mbds",1,101,"primary","Euclidean",-1.47387974071006
"silva_2018_mbds",1,101,"primary","Cosine",-0.950764644518308
"silva_2018_mbds",1,101,"primary","eJaccard",-0.419592432359784
"silva_2018_mbds",1,101,"primary","eDice",-0.398460599983529
"silva_2018_mbds",1,101,"primary","Recursive Relationality",-0.775165555897573
"silva_2018_mbds",1,101,"pct_cells","Correlation",0.844717602387006
"silva_2018_mbds",1,101,"pct_cells","Original Relationality",0.671698502345575
"silva_2018_mbds",1,101,"pct_cells","ACE",0.740742601925996
"silva_2018_mbds",1,101,"pct_cells","Podani",0.775949971306448
"silva_2018_mbds",1,101,"pct_cells","Euclidean",0.57742882104843
"silva_2018_mbds",1,101,"pct_cells","Cosine",0.657200699238209
"silva_2018_mbds",1,101,"pct_cells","eJaccard",0.585398186386622
"silva_2018_mbds",1,101,"pct_cells","eDice",0.522461106101986
"silva_2018_mbds",1,101,"pct_cells","Recursive Relationality",0.859149934433112
"silva_2018_mbds",1,101,"rk_corrected","Correlation",-0.763580123441109
"silva_2018_mbds",1,101,"rk_corrected","Original Relationality",-1.31123697010745
"silva_2018_mbds",1,101,"rk_corrected","ACE",-1.01678839106966
"silva_2018_mbds",1,101,"rk_corrected","Podani",-0.99353655853893
"silva_2018_mbds",1,101,"rk_corrected","Euclidean",-1.35326781141342
"silva_2018_mbds",1,101,"rk_corrected","Cosine",-0.845004565119232
"silva_2018_mbds",1,101,"rk_corrected","eJaccard",-0.345614276101551
"silva_2018_mbds",1,101,"rk_corrected","eDice",-0.351555741246873
"silva_2018_mbds",1,101,"rk_corrected","Recursive Relationality",-0.783044652261074
"silva_2018_mbds",1,101,"positional","Correlation",1.99846830883305
"silva_2018_mbds",1,101,"positional","Original Relationality",2.32844935458096
"silva_2018_mbds",1,101,"positional","ACE",1.85089331140857
"silva_2018_mbds",1,101,"positional","Podani",1.47684470717202
"silva_2018_mbds",1,101,"positional","Euclidean",1.59744560322244
"silva_2018_mbds",1,101,"positional","Cosine",1.30986914578754
"silva_2018_mbds",1,101,"positional","eJaccard",2.65115041629044
"silva_2018_mbds",1,101,"positional","eDice",3.24425653195187
"silva_2018_mbds",1,101,"positional","Recursive Relationality",1.72897544363617
"silva_2018_mbds",2,202,"primary","Correlation",-0.79752911372988
"silva_2018_mbds",2,202,"primary","Original Relationality",-1.32405601179513
"silva_2018_mbds",2,202,"primary","ACE",-1.07263801187372
"silva_2018_mbds",2,202,"primary","Podani",-1.01689445490851
"silva_2018_mbds",2,202,"primary","Euclidean",-1.47387974071006
"silva_2018_mbds",2,202,"primary","Cosine",-0.950764644518308
"silva_2018_mbds",2,202,"primary","eJaccard",-0.419592432359784
"silva_2018_mbds",2,202,"primary","eDice",-0.398460599983529
"silva_2018_mbds",2,202,"primary","Recursive Relationality",-0.775165555897573
"silva_2018_mbds",2,202,"pct_cells","Correlation",0.844717602387006
"silva_2018_mbds",2,202,"pct_cells","Original Relationality",0.671698502345575
"silva_2018_mbds",2,202,"pct_cells","ACE",0.740742601925996
"silva_2018_mbds",2,202,"pct_cells","Podani",0.775949971306448
"silva_2018_mbds",2,202,"pct_cells","Euclidean",0.57742882104843
"silva_2018_mbds",2,202,"pct_cells","Cosine",0.657200699238209
"silva_2018_mbds",2,202,"pct_cells","eJaccard",0.585398186386622
"silva_2018_mbds",2,202,"pct_cells","eDice",0.522461106101986
"silva_2018_mbds",2,202,"pct_cells","Recursive Relationality",0.859149934433112
"silva_2018_mbds",2,202,"rk_corrected","Correlation",-0.763580123441109
"silva_2018_mbds",2,202,"rk_corrected","Original Relationality",-1.31123697010745
"silva_2018_mbds",2,202,"rk_corrected","ACE",-1.01678839106966
"silva_2018_mbds",2,202,"rk_corrected","Podani",-0.99353655853893
"silva_2018_mbds",2,202,"rk_corrected","Euclidean",-1.35326781141342
"silva_2018_mbds",2,202,"rk_corrected","Cosine",-0.845004565119232
"silva_2018_mbds",2,202,"rk_corrected","eJaccard",-0.345614276101551
"silva_2018_mbds",2,202,"rk_corrected","eDice",-0.351555741246873
"silva_2018_mbds",2,202,"rk_corrected","Recursive Relationality",-0.783044652261074
"silva_2018_mbds",2,202,"positional","Correlation",1.99846830883305
"silva_2018_mbds",2,202,"positional","Original Relationality",2.32844935458096
"silva_2018_mbds",2,202,"positional","ACE",1.85089331140857
"silva_2018_mbds",2,202,"positional","Podani",1.47684470717202
"silva_2018_mbds",2,202,"positional","Euclidean",1.59744560322244
"silva_2018_mbds",2,202,"positional","Cosine",1.30986914578754
"silva_2018_mbds",2,202,"positional","eJaccard",2.65115041629044
"silva_2018_mbds",2,202,"positional","eDice",3.24425653195187
"silva_2018_mbds",2,202,"positional","Recursive Relationality",1.72897544363617
"silva_2018_mbds",3,303,"primary","Correlation",-0.79752911372988
"silva_2018_mbds",3,303,"primary","Original Relationality",-1.32405601179513
"silva_2018_mbds",3,303,"primary","ACE",-1.07263801187372
"silva_2018_mbds",3,303,"primary","Podani",-1.01689445490851
"silva_2018_mbds",3,303,"primary","Euclidean",-1.47387974071006
"silva_2018_mbds",3,303,"primary","Cosine",-0.950764644518308
"silva_2018_mbds",3,303,"primary","eJaccard",-0.419592432359784
"silva_2018_mbds",3,303,"primary","eDice",-0.398460599983529
"silva_2018_mbds",3,303,"primary","Recursive Relationality",-0.775165555897573
"silva_2018_mbds",3,303,"pct_cells","Correlation",0.844717602387006
"silva_2018_mbds",3,303,"pct_cells","Original Relationality",0.671698502345575
"silva_2018_mbds",3,303,"pct_cells","ACE",0.740742601925996
"silva_2018_mbds",3,303,"pct_cells","Podani",0.775949971306448
"silva_2018_mbds",3,303,"pct_cells","Euclidean",0.57742882104843
"silva_2018_mbds",3,303,"pct_cells","Cosine",0.657200699238209
"silva_2018_mbds",3,303,"pct_cells","eJaccard",0.585398186386622
"silva_2018_mbds",3,303,"pct_cells","eDice",0.522461106101986
"silva_2018_mbds",3,303,"pct_cells","Recursive Relationality",0.859149934433112
"silva_2018_mbds",3,303,"rk_corrected","Correlation",-0.763580123441109
"silva_2018_mbds",3,303,"rk_corrected","Original Relationality",-1.31123697010745
"silva_2018_mbds",3,303,"rk_corrected","ACE",-1.01678839106966
"silva_2018_mbds",3,303,"rk_corrected","Podani",-0.99353655853893
"silva_2018_mbds",3,303,"rk_corrected","Euclidean",-1.35326781141342
"silva_2018_mbds",3,303,"rk_corrected","Cosine",-0.845004565119232
"silva_2018_mbds",3,303,"rk_corrected","eJaccard",-0.345614276101551
"silva_2018_mbds",3,303,"rk_corrected","eDice",-0.351555741246873
"silva_2018_mbds",3,303,"rk_corrected","Recursive Relationality",-0.783044652261074
"silva_2018_mbds",3,303,"positional","Correlation",1.99846830883305
"silva_2018_mbds",3,303,"positional","Original Relationality",2.32844935458096
"silva_2018_mbds",3,303,"positional","ACE",1.85089331140857
"silva_2018_mbds",3,303,"positional","Podani",1.47684470717202
"silva_2018_mbds",3,303,"positional","Euclidean",1.59744560322244
"silva_2018_mbds",3,303,"positional","Cosine",1.30986914578754
"silva_2018_mbds",3,303,"positional","eJaccard",2.65115041629044
"silva_2018_mbds",3,303,"positional","eDice",3.24425653195187
"silva_2018_mbds",3,303,"positional","Recursive Relationality",1.72897544363617
"sned_bendall_2024",1,101,"primary","Correlation",-0.289058355106333
"sned_bendall_2024",1,101,"primary","Original Relationality",-0.721429306425116
"sned_bendall_2024",1,101,"primary","ACE",-0.525675510185691
"sned_bendall_2024",1,101,"primary","Podani",-0.424128763853715
"sned_bendall_2024",1,101,"primary","Euclidean",-0.698053666431624
"sned_bendall_2024",1,101,"primary","Cosine",-0.407887240264466
"sned_bendall_2024",1,101,"primary","eJaccard",-0.0458062053487565
"sned_bendall_2024",1,101,"primary","eDice",-0.106257086457124
"sned_bendall_2024",1,101,"primary","Recursive Relationality",-0.259744551145934
"sned_bendall_2024",1,101,"pct_cells","Correlation",0.806004079709336
"sned_bendall_2024",1,101,"pct_cells","Original Relationality",0.609354781069892
"sned_bendall_2024",1,101,"pct_cells","ACE",0.683500291907201
"sned_bendall_2024",1,101,"pct_cells","Podani",0.771353354240481
"sned_bendall_2024",1,101,"pct_cells","Euclidean",0.669774276929354
"sned_bendall_2024",1,101,"pct_cells","Cosine",0.664316118191146
"sned_bendall_2024",1,101,"pct_cells","eJaccard",0.624329081347725
"sned_bendall_2024",1,101,"pct_cells","eDice",0.507820418368178
"sned_bendall_2024",1,101,"pct_cells","Recursive Relationality",0.830029282794316
"sned_bendall_2024",1,101,"rk_corrected","Correlation",-0.2824809829841
"sned_bendall_2024",1,101,"rk_corrected","Original Relationality",-0.718945709513599
"sned_bendall_2024",1,101,"rk_corrected","ACE",-0.51485504878789
"sned_bendall_2024",1,101,"rk_corrected","Podani",-0.41960333982465
"sned_bendall_2024",1,101,"rk_corrected","Euclidean",-0.674685974650025
"sned_bendall_2024",1,101,"rk_corrected","Cosine",-0.387396987330059
"sned_bendall_2024",1,101,"rk_corrected","eJaccard",-0.0314734708995656
"sned_bendall_2024",1,101,"rk_corrected","eDice",-0.0971696082250004
"sned_bendall_2024",1,101,"rk_corrected","Recursive Relationality",-0.261271069264113
"sned_bendall_2024",1,101,"positional","Correlation",1.84713280130401
"sned_bendall_2024",1,101,"positional","Original Relationality",2.06412368249025
"sned_bendall_2024",1,101,"positional","ACE",1.69866121285154
"sned_bendall_2024",1,101,"positional","Podani",1.40484129463175
"sned_bendall_2024",1,101,"positional","Euclidean",1.5870801895731
"sned_bendall_2024",1,101,"positional","Cosine",1.29639232473154
"sned_bendall_2024",1,101,"positional","eJaccard",2.42341532151235
"sned_bendall_2024",1,101,"positional","eDice",2.86225658502438
"sned_bendall_2024",1,101,"positional","Recursive Relationality",1.64342768986942
"sned_bendall_2024",2,202,"primary","Correlation",-0.289058355106333
"sned_bendall_2024",2,202,"primary","Original Relationality",-0.721429306425116
"sned_bendall_2024",2,202,"primary","ACE",-0.525675510185691
"sned_bendall_2024",2,202,"primary","Podani",-0.424128763853715
"sned_bendall_2024",2,202,"primary","Euclidean",-0.698053666431624
"sned_bendall_2024",2,202,"primary","Cosine",-0.407887240264466
"sned_bendall_2024",2,202,"primary","eJaccard",-0.0458062053487565
"sned_bendall_2024",2,202,"primary","eDice",-0.106257086457124
"sned_bendall_2024",2,202,"primary","Recursive Relationality",-0.259744551145934
"sned_bendall_2024",2,202,"pct_cells","Correlation",0.806004079709336
"sned_bendall_2024",2,202,"pct_cells","Original Relationality",0.609354781069892
"sned_bendall_2024",2,202,"pct_cells","ACE",0.683500291907201
"sned_bendall_2024",2,202,"pct_cells","Podani",0.771353354240481
"sned_bendall_2024",2,202,"pct_cells","Euclidean",0.669774276929354
"sned_bendall_2024",2,202,"pct_cells","Cosine",0.664316118191146
"sned_bendall_2024",2,202,"pct_cells","eJaccard",0.624329081347725
"sned_bendall_2024",2,202,"pct_cells","eDice",0.507820418368178
"sned_bendall_2024",2,202,"pct_cells","Recursive Relationality",0.830029282794316
"sned_bendall_2024",2,202,"rk_corrected","Correlation",-0.2824809829841
"sned_bendall_2024",2,202,"rk_corrected","Original Relationality",-0.718945709513599
"sned_bendall_2024",2,202,"rk_corrected","ACE",-0.51485504878789
"sned_bendall_2024",2,202,"rk_corrected","Podani",-0.41960333982465
"sned_bendall_2024",2,202,"rk_corrected","Euclidean",-0.674685974650025
"sned_bendall_2024",2,202,"rk_corrected","Cosine",-0.387396987330059
"sned_bendall_2024",2,202,"rk_corrected","eJaccard",-0.0314734708995656
"sned_bendall_2024",2,202,"rk_corrected","eDice",-0.0971696082250004
"sned_bendall_2024",2,202,"rk_corrected","Recursive Relationality",-0.261271069264113
"sned_bendall_2024",2,202,"positional","Correlation",1.84713280130401
"sned_bendall_2024",2,202,"positional","Original Relationality",2.06412368249025
"sned_bendall_2024",2,202,"positional","ACE",1.69866121285154
"sned_bendall_2024",2,202,"positional","Podani",1.40484129463175
"sned_bendall_2024",2,202,"positional","Euclidean",1.5870801895731
"sned_bendall_2024",2,202,"positional","Cosine",1.29639232473154
"sned_bendall_2024",2,202,"positional","eJaccard",2.42341532151235
"sned_bendall_2024",2,202,"positional","eDice",2.86225658502438
"sned_bendall_2024",2,202,"positional","Recursive Relationality",1.64342768986942
"sned_bendall_2024",3,303,"primary","Correlation",-0.289058355106333
"sned_bendall_2024",3,303,"primary","Original Relationality",-0.721429306425116
"sned_bendall_2024",3,303,"primary","ACE",-0.525675510185691
"sned_bendall_2024",3,303,"primary","Podani",-0.424128763853715
"sned_bendall_2024",3,303,"primary","Euclidean",-0.698053666431624
"sned_bendall_2024",3,303,"primary","Cosine",-0.407887240264466
"sned_bendall_2024",3,303,"primary","eJaccard",-0.0458062053487565
"sned_bendall_2024",3,303,"primary","eDice",-0.106257086457124
"sned_bendall_2024",3,303,"primary","Recursive Relationality",-0.259744551145934
"sned_bendall_2024",3,303,"pct_cells","Correlation",0.806004079709336
"sned_bendall_2024",3,303,"pct_cells","Original Relationality",0.609354781069892
"sned_bendall_2024",3,303,"pct_cells","ACE",0.683500291907201
"sned_bendall_2024",3,303,"pct_cells","Podani",0.771353354240481
"sned_bendall_2024",3,303,"pct_cells","Euclidean",0.669774276929354
"sned_bendall_2024",3,303,"pct_cells","Cosine",0.664316118191146
"sned_bendall_2024",3,303,"pct_cells","eJaccard",0.624329081347725
"sned_bendall_2024",3,303,"pct_cells","eDice",0.507820418368178
"sned_bendall_2024",3,303,"pct_cells","Recursive Relationality",0.830029282794316
"sned_bendall_2024",3,303,"rk_corrected","Correlation",-0.2824809829841
"sned_bendall_2024",3,303,"rk_corrected","Original Relationality",-0.718945709513599
"sned_bendall_2024",3,303,"rk_corrected","ACE",-0.51485504878789
"sned_bendall_2024",3,303,"rk_corrected","Podani",-0.41960333982465
"sned_bendall_2024",3,303,"rk_corrected","Euclidean",-0.674685974650025
"sned_bendall_2024",3,303,"rk_corrected","Cosine",-0.387396987330059
"sned_bendall_2024",3,303,"rk_corrected","eJaccard",-0.0314734708995656
"sned_bendall_2024",3,303,"rk_corrected","eDice",-0.0971696082250004
"sned_bendall_2024",3,303,"rk_corrected","Recursive Relationality",-0.261271069264113
"sned_bendall_2024",3,303,"positional","Correlation",1.84713280130401
"sned_bendall_2024",3,303,"positional","Original Relationality",2.06412368249025
"sned_bendall_2024",3,303,"positional","ACE",1.69866121285154
"sned_bendall_2024",3,303,"positional","Podani",1.40484129463175
"sned_bendall_2024",3,303,"positional","Euclidean",1.5870801895731
"sned_bendall_2024",3,303,"positional","Cosine",1.29639232473154
"sned_bendall_2024",3,303,"positional","eJaccard",2.42341532151235
"sned_bendall_2024",3,303,"positional","eDice",2.86225658502438
"sned_bendall_2024",3,303,"positional","Recursive Relationality",1.64342768986942
"song_2025_sc",1,101,"primary","Correlation",-0.692756632149437
"song_2025_sc",1,101,"primary","Original Relationality",-1.54600753554846
"song_2025_sc",1,101,"primary","ACE",-0.979619521592606
"song_2025_sc",1,101,"primary","Podani",-0.930188311029516
"song_2025_sc",1,101,"primary","Euclidean",-1.39476334781133
"song_2025_sc",1,101,"primary","Cosine",-1.06506065652784
"song_2025_sc",1,101,"primary","eJaccard",-0.216292830032664
"song_2025_sc",1,101,"primary","eDice",-0.535863811360275
"song_2025_sc",1,101,"primary","Recursive Relationality",-0.696060756859251
"song_2025_sc",1,101,"pct_cells","Correlation",1.13010162443937
"song_2025_sc",1,101,"pct_cells","Original Relationality",0.669236714004864
"song_2025_sc",1,101,"pct_cells","ACE",1.03319365182562
"song_2025_sc",1,101,"pct_cells","Podani",1.05983013932405
"song_2025_sc",1,101,"pct_cells","Euclidean",0.882144690375687
"song_2025_sc",1,101,"pct_cells","Cosine",0.719746019844047
"song_2025_sc",1,101,"pct_cells","eJaccard",0.899224972011027
"song_2025_sc",1,101,"pct_cells","eDice",0.486339319956779
"song_2025_sc",1,101,"pct_cells","Recursive Relationality",1.11799401102876
"song_2025_sc",1,101,"rk_corrected","Correlation",-0.6794138460795
"song_2025_sc",1,101,"rk_corrected","Original Relationality",-1.54096933766966
"song_2025_sc",1,101,"rk_corrected","ACE",-0.95766925043175
"song_2025_sc",1,101,"rk_corrected","Podani",-0.92100808470608
"song_2025_sc",1,101,"rk_corrected","Euclidean",-1.3473599005689
"song_2025_sc",1,101,"rk_corrected","Cosine",-1.02349435066253
"song_2025_sc",1,101,"rk_corrected","eJaccard",-0.187217599682486
"song_2025_sc",1,101,"rk_corrected","eDice",-0.517429051137941
"song_2025_sc",1,101,"rk_corrected","Recursive Relationality",-0.699157435031662
"song_2025_sc",1,101,"positional","Correlation",1.19741823037871
"song_2025_sc",1,101,"positional","Original Relationality",0.756395380606736
"song_2025_sc",1,101,"positional","ACE",1.01935392013464
"song_2025_sc",1,101,"positional","Podani",1.022157854696
"song_2025_sc",1,101,"positional","Euclidean",0.911827384257656
"song_2025_sc",1,101,"positional","Cosine",0.761673921925991
"song_2025_sc",1,101,"positional","eJaccard",1.15111900691843
"song_2025_sc",1,101,"positional","eDice",0.751869633311457
"song_2025_sc",1,101,"positional","Recursive Relationality",1.11348118107143
"song_2025_sc",2,202,"primary","Correlation",-0.692756632149437
"song_2025_sc",2,202,"primary","Original Relationality",-1.54600753554846
"song_2025_sc",2,202,"primary","ACE",-0.979619521592606
"song_2025_sc",2,202,"primary","Podani",-0.930188311029516
"song_2025_sc",2,202,"primary","Euclidean",-1.39476334781133
"song_2025_sc",2,202,"primary","Cosine",-1.06506065652784
"song_2025_sc",2,202,"primary","eJaccard",-0.216292830032664
"song_2025_sc",2,202,"primary","eDice",-0.535863811360275
"song_2025_sc",2,202,"primary","Recursive Relationality",-0.696060756859251
"song_2025_sc",2,202,"pct_cells","Correlation",1.13010162443937
"song_2025_sc",2,202,"pct_cells","Original Relationality",0.669236714004864
"song_2025_sc",2,202,"pct_cells","ACE",1.03319365182562
"song_2025_sc",2,202,"pct_cells","Podani",1.05983013932405
"song_2025_sc",2,202,"pct_cells","Euclidean",0.882144690375687
"song_2025_sc",2,202,"pct_cells","Cosine",0.719746019844047
"song_2025_sc",2,202,"pct_cells","eJaccard",0.899224972011027
"song_2025_sc",2,202,"pct_cells","eDice",0.486339319956779
"song_2025_sc",2,202,"pct_cells","Recursive Relationality",1.11799401102876
"song_2025_sc",2,202,"rk_corrected","Correlation",-0.6794138460795
"song_2025_sc",2,202,"rk_corrected","Original Relationality",-1.54096933766966
"song_2025_sc",2,202,"rk_corrected","ACE",-0.95766925043175
"song_2025_sc",2,202,"rk_corrected","Podani",-0.92100808470608
"song_2025_sc",2,202,"rk_corrected","Euclidean",-1.3473599005689
"song_2025_sc",2,202,"rk_corrected","Cosine",-1.02349435066253
"song_2025_sc",2,202,"rk_corrected","eJaccard",-0.187217599682486
"song_2025_sc",2,202,"rk_corrected","eDice",-0.517429051137941
"song_2025_sc",2,202,"rk_corrected","Recursive Relationality",-0.699157435031662
"song_2025_sc",2,202,"positional","Correlation",1.19741823037871
"song_2025_sc",2,202,"positional","Original Relationality",0.756395380606736
"song_2025_sc",2,202,"positional","ACE",1.01935392013464
"song_2025_sc",2,202,"positional","Podani",1.022157854696
"song_2025_sc",2,202,"positional","Euclidean",0.911827384257656
"song_2025_sc",2,202,"positional","Cosine",0.761673921925991
"song_2025_sc",2,202,"positional","eJaccard",1.15111900691843
"song_2025_sc",2,202,"positional","eDice",0.751869633311457
"song_2025_sc",2,202,"positional","Recursive Relationality",1.11348118107143
"song_2025_sc",3,303,"primary","Correlation",-0.692756632149437
"song_2025_sc",3,303,"primary","Original Relationality",-1.54600753554846
"song_2025_sc",3,303,"primary","ACE",-0.979619521592606
"song_2025_sc",3,303,"primary","Podani",-0.930188311029516
"song_2025_sc",3,303,"primary","Euclidean",-1.39476334781133
"song_2025_sc",3,303,"primary","Cosine",-1.06506065652784
"song_2025_sc",3,303,"primary","eJaccard",-0.216292830032664
"song_2025_sc",3,303,"primary","eDice",-0.535863811360275
"song_2025_sc",3,303,"primary","Recursive Relationality",-0.696060756859251
"song_2025_sc",3,303,"pct_cells","Correlation",1.13010162443937
"song_2025_sc",3,303,"pct_cells","Original Relationality",0.669236714004864
"song_2025_sc",3,303,"pct_cells","ACE",1.03319365182562
"song_2025_sc",3,303,"pct_cells","Podani",1.05983013932405
"song_2025_sc",3,303,"pct_cells","Euclidean",0.882144690375687
"song_2025_sc",3,303,"pct_cells","Cosine",0.719746019844047
"song_2025_sc",3,303,"pct_cells","eJaccard",0.899224972011027
"song_2025_sc",3,303,"pct_cells","eDice",0.486339319956779
"song_2025_sc",3,303,"pct_cells","Recursive Relationality",1.11799401102876
"song_2025_sc",3,303,"rk_corrected","Correlation",-0.6794138460795
"song_2025_sc",3,303,"rk_corrected","Original Relationality",-1.54096933766966
"song_2025_sc",3,303,"rk_corrected","ACE",-0.95766925043175
"song_2025_sc",3,303,"rk_corrected","Podani",-0.92100808470608
"song_2025_sc",3,303,"rk_corrected","Euclidean",-1.3473599005689
"song_2025_sc",3,303,"rk_corrected","Cosine",-1.02349435066253
"song_2025_sc",3,303,"rk_corrected","eJaccard",-0.187217599682486
"song_2025_sc",3,303,"rk_corrected","eDice",-0.517429051137941
"song_2025_sc",3,303,"rk_corrected","Recursive Relationality",-0.699157435031662
"song_2025_sc",3,303,"positional","Correlation",1.19741823037871
"song_2025_sc",3,303,"positional","Original Relationality",0.756395380606736
"song_2025_sc",3,303,"positional","ACE",1.01935392013464
"song_2025_sc",3,303,"positional","Podani",1.022157854696
"song_2025_sc",3,303,"positional","Euclidean",0.911827384257656
"song_2025_sc",3,303,"positional","Cosine",0.761673921925991
"song_2025_sc",3,303,"positional","eJaccard",1.15111900691843
"song_2025_sc",3,303,"positional","eDice",0.751869633311457
"song_2025_sc",3,303,"positional","Recursive Relationality",1.11348118107143
"thanh_2025_green_knowledge",1,101,"primary","Correlation",-0.879875841231109
"thanh_2025_green_knowledge",1,101,"primary","Original Relationality",-1.37116945304378
"thanh_2025_green_knowledge",1,101,"primary","ACE",-1.16050094681823
"thanh_2025_green_knowledge",1,101,"primary","Podani",-1.06473911365827
"thanh_2025_green_knowledge",1,101,"primary","Euclidean",-1.33884871925899
"thanh_2025_green_knowledge",1,101,"primary","Cosine",-1.0447895612819
"thanh_2025_green_knowledge",1,101,"primary","eJaccard",-0.508063782453252
"thanh_2025_green_knowledge",1,101,"primary","eDice",-0.493070900151169
"thanh_2025_green_knowledge",1,101,"primary","Recursive Relationality",-0.847982943827593
"thanh_2025_green_knowledge",1,101,"pct_cells","Correlation",0.579881219466135
"thanh_2025_green_knowledge",1,101,"pct_cells","Original Relationality",0.402812930263322
"thanh_2025_green_knowledge",1,101,"pct_cells","ACE",0.45137327935452
"thanh_2025_green_knowledge",1,101,"pct_cells","Podani",0.528880946113985
"thanh_2025_green_knowledge",1,101,"pct_cells","Euclidean",0.484514437633779
"thanh_2025_green_knowledge",1,101,"pct_cells","Cosine",0.384495539957414
"thanh_2025_green_knowledge",1,101,"pct_cells","eJaccard",0.38525032026476
"thanh_2025_green_knowledge",1,101,"pct_cells","eDice",0.325516191309942
"thanh_2025_green_knowledge",1,101,"pct_cells","Recursive Relationality",0.604724224348772
"thanh_2025_green_knowledge",1,101,"rk_corrected","Correlation",-0.868319515245521
"thanh_2025_green_knowledge",1,101,"rk_corrected","Original Relationality",-1.36680581738612
"thanh_2025_green_knowledge",1,101,"rk_corrected","ACE",-1.14148958834502
"thanh_2025_green_knowledge",1,101,"rk_corrected","Podani",-1.05678802402384
"thanh_2025_green_knowledge",1,101,"rk_corrected","Euclidean",-1.29779209987659
"thanh_2025_green_knowledge",1,101,"rk_corrected","Cosine",-1.00878855084237
"thanh_2025_green_knowledge",1,101,"rk_corrected","eJaccard",-0.482881422616892
"thanh_2025_green_knowledge",1,101,"rk_corrected","eDice",-0.477104362317257
"thanh_2025_green_knowledge",1,101,"rk_corrected","Recursive Relationality",-0.850665009045851
"thanh_2025_green_knowledge",1,101,"positional","Correlation",1.81297276079843
"thanh_2025_green_knowledge",1,101,"positional","Original Relationality",2.19115874051055
"thanh_2025_green_knowledge",1,101,"positional","ACE",1.65527324681862
"thanh_2025_green_knowledge",1,101,"positional","Podani",1.30192587769884
"thanh_2025_green_knowledge",1,101,"positional","Euclidean",1.58290354447695
"thanh_2025_green_knowledge",1,101,"positional","Cosine",1.06501109794001
"thanh_2025_green_knowledge",1,101,"positional","eJaccard",2.5663848598963
"thanh_2025_green_knowledge",1,101,"positional","eDice",3.22528089128529
"thanh_2025_green_knowledge",1,101,"positional","Recursive Relationality",1.53752043044236
"thanh_2025_green_knowledge",2,202,"primary","Correlation",-0.879875841231109
"thanh_2025_green_knowledge",2,202,"primary","Original Relationality",-1.37116945304378
"thanh_2025_green_knowledge",2,202,"primary","ACE",-1.16050094681823
"thanh_2025_green_knowledge",2,202,"primary","Podani",-1.06473911365827
"thanh_2025_green_knowledge",2,202,"primary","Euclidean",-1.33884871925899
"thanh_2025_green_knowledge",2,202,"primary","Cosine",-1.0447895612819
"thanh_2025_green_knowledge",2,202,"primary","eJaccard",-0.508063782453252
"thanh_2025_green_knowledge",2,202,"primary","eDice",-0.493070900151169
"thanh_2025_green_knowledge",2,202,"primary","Recursive Relationality",-0.847982943827593
"thanh_2025_green_knowledge",2,202,"pct_cells","Correlation",0.579881219466135
"thanh_2025_green_knowledge",2,202,"pct_cells","Original Relationality",0.402812930263322
"thanh_2025_green_knowledge",2,202,"pct_cells","ACE",0.45137327935452
"thanh_2025_green_knowledge",2,202,"pct_cells","Podani",0.528880946113985
"thanh_2025_green_knowledge",2,202,"pct_cells","Euclidean",0.484514437633779
"thanh_2025_green_knowledge",2,202,"pct_cells","Cosine",0.384495539957414
"thanh_2025_green_knowledge",2,202,"pct_cells","eJaccard",0.38525032026476
"thanh_2025_green_knowledge",2,202,"pct_cells","eDice",0.325516191309942
"thanh_2025_green_knowledge",2,202,"pct_cells","Recursive Relationality",0.604724224348772
"thanh_2025_green_knowledge",2,202,"rk_corrected","Correlation",-0.868319515245521
"thanh_2025_green_knowledge",2,202,"rk_corrected","Original Relationality",-1.36680581738612
"thanh_2025_green_knowledge",2,202,"rk_corrected","ACE",-1.14148958834502
"thanh_2025_green_knowledge",2,202,"rk_corrected","Podani",-1.05678802402384
"thanh_2025_green_knowledge",2,202,"rk_corrected","Euclidean",-1.29779209987659
"thanh_2025_green_knowledge",2,202,"rk_corrected","Cosine",-1.00878855084237
"thanh_2025_green_knowledge",2,202,"rk_corrected","eJaccard",-0.482881422616892
"thanh_2025_green_knowledge",2,202,"rk_corrected","eDice",-0.477104362317257
"thanh_2025_green_knowledge",2,202,"rk_corrected","Recursive Relationality",-0.850665009045851
"thanh_2025_green_knowledge",2,202,"positional","Correlation",1.81297276079843
"thanh_2025_green_knowledge",2,202,"positional","Original Relationality",2.19115874051055
"thanh_2025_green_knowledge",2,202,"positional","ACE",1.65527324681862
"thanh_2025_green_knowledge",2,202,"positional","Podani",1.30192587769884
"thanh_2025_green_knowledge",2,202,"positional","Euclidean",1.58290354447695
"thanh_2025_green_knowledge",2,202,"positional","Cosine",1.06501109794001
"thanh_2025_green_knowledge",2,202,"positional","eJaccard",2.5663848598963
"thanh_2025_green_knowledge",2,202,"positional","eDice",3.22528089128529
"thanh_2025_green_knowledge",2,202,"positional","Recursive Relationality",1.53752043044236
"thanh_2025_green_knowledge",3,303,"primary","Correlation",-0.879875841231109
"thanh_2025_green_knowledge",3,303,"primary","Original Relationality",-1.37116945304378
"thanh_2025_green_knowledge",3,303,"primary","ACE",-1.16050094681823
"thanh_2025_green_knowledge",3,303,"primary","Podani",-1.06473911365827
"thanh_2025_green_knowledge",3,303,"primary","Euclidean",-1.33884871925899
"thanh_2025_green_knowledge",3,303,"primary","Cosine",-1.0447895612819
"thanh_2025_green_knowledge",3,303,"primary","eJaccard",-0.508063782453252
"thanh_2025_green_knowledge",3,303,"primary","eDice",-0.493070900151169
"thanh_2025_green_knowledge",3,303,"primary","Recursive Relationality",-0.847982943827593
"thanh_2025_green_knowledge",3,303,"pct_cells","Correlation",0.579881219466135
"thanh_2025_green_knowledge",3,303,"pct_cells","Original Relationality",0.402812930263322
"thanh_2025_green_knowledge",3,303,"pct_cells","ACE",0.45137327935452
"thanh_2025_green_knowledge",3,303,"pct_cells","Podani",0.528880946113985
"thanh_2025_green_knowledge",3,303,"pct_cells","Euclidean",0.484514437633779
"thanh_2025_green_knowledge",3,303,"pct_cells","Cosine",0.384495539957414
"thanh_2025_green_knowledge",3,303,"pct_cells","eJaccard",0.38525032026476
"thanh_2025_green_knowledge",3,303,"pct_cells","eDice",0.325516191309942
"thanh_2025_green_knowledge",3,303,"pct_cells","Recursive Relationality",0.604724224348772
"thanh_2025_green_knowledge",3,303,"rk_corrected","Correlation",-0.868319515245521
"thanh_2025_green_knowledge",3,303,"rk_corrected","Original Relationality",-1.36680581738612
"thanh_2025_green_knowledge",3,303,"rk_corrected","ACE",-1.14148958834502
"thanh_2025_green_knowledge",3,303,"rk_corrected","Podani",-1.05678802402384
"thanh_2025_green_knowledge",3,303,"rk_corrected","Euclidean",-1.29779209987659
"thanh_2025_green_knowledge",3,303,"rk_corrected","Cosine",-1.00878855084237
"thanh_2025_green_knowledge",3,303,"rk_corrected","eJaccard",-0.482881422616892
"thanh_2025_green_knowledge",3,303,"rk_corrected","eDice",-0.477104362317257
"thanh_2025_green_knowledge",3,303,"rk_corrected","Recursive Relationality",-0.850665009045851
"thanh_2025_green_knowledge",3,303,"positional","Correlation",1.81297276079843
"thanh_2025_green_knowledge",3,303,"positional","Original Relationality",2.19115874051055
"thanh_2025_green_knowledge",3,303,"positional","ACE",1.65527324681862
"thanh_2025_green_knowledge",3,303,"positional","Podani",1.30192587769884
"thanh_2025_green_knowledge",3,303,"positional","Euclidean",1.58290354447695
"thanh_2025_green_knowledge",3,303,"positional","Cosine",1.06501109794001
"thanh_2025_green_knowledge",3,303,"positional","eJaccard",2.5663848598963
"thanh_2025_green_knowledge",3,303,"positional","eDice",3.22528089128529
"thanh_2025_green_knowledge",3,303,"positional","Recursive Relationality",1.53752043044236
"tian2026_digital_competence",1,101,"primary","Correlation",-0.900595624737233
"tian2026_digital_competence",1,101,"primary","Original Relationality",-1.39598594390794
"tian2026_digital_competence",1,101,"primary","ACE",-1.19887515508034
"tian2026_digital_competence",1,101,"primary","Podani",-1.16967982584936
"tian2026_digital_competence",1,101,"primary","Euclidean",-1.74033185925447
"tian2026_digital_competence",1,101,"primary","Cosine",-1.02603407409426
"tian2026_digital_competence",1,101,"primary","eJaccard",-0.387246118361249
"tian2026_digital_competence",1,101,"primary","eDice",-0.287087915234949
"tian2026_digital_competence",1,101,"primary","Recursive Relationality",-0.916112200892881
"tian2026_digital_competence",1,101,"pct_cells","Correlation",1.06055683858979
"tian2026_digital_competence",1,101,"pct_cells","Original Relationality",0.987321535529576
"tian2026_digital_competence",1,101,"pct_cells","ACE",0.96664347424702
"tian2026_digital_competence",1,101,"pct_cells","Podani",0.971314720419132
"tian2026_digital_competence",1,101,"pct_cells","Euclidean",0.709317635827941
"tian2026_digital_competence",1,101,"pct_cells","Cosine",0.894179961899673
"tian2026_digital_competence",1,101,"pct_cells","eJaccard",0.812902317456835
"tian2026_digital_competence",1,101,"pct_cells","eDice",0.812666375454946
"tian2026_digital_competence",1,101,"pct_cells","Recursive Relationality",1.03556888226017
"tian2026_digital_competence",1,101,"rk_corrected","Correlation",NA
"tian2026_digital_competence",1,101,"rk_corrected","Original Relationality",NA
"tian2026_digital_competence",1,101,"rk_corrected","ACE",NA
"tian2026_digital_competence",1,101,"rk_corrected","Podani",NA
"tian2026_digital_competence",1,101,"rk_corrected","Euclidean",NA
"tian2026_digital_competence",1,101,"rk_corrected","Cosine",NA
"tian2026_digital_competence",1,101,"rk_corrected","eJaccard",NA
"tian2026_digital_competence",1,101,"rk_corrected","eDice",NA
"tian2026_digital_competence",1,101,"rk_corrected","Recursive Relationality",NA
"tian2026_digital_competence",1,101,"positional","Correlation",3.12938230058817
"tian2026_digital_competence",1,101,"positional","Original Relationality",3.96268856942873
"tian2026_digital_competence",1,101,"positional","ACE",3.00705990414947
"tian2026_digital_competence",1,101,"positional","Podani",2.29877665931146
"tian2026_digital_competence",1,101,"positional","Euclidean",2.57597499491584
"tian2026_digital_competence",1,101,"positional","Cosine",2.07109714772271
"tian2026_digital_competence",1,101,"positional","eJaccard",4.40039020732333
"tian2026_digital_competence",1,101,"positional","eDice",5.56930622560612
"tian2026_digital_competence",1,101,"positional","Recursive Relationality",2.63276771243927
"tian2026_digital_competence",2,202,"primary","Correlation",-0.900595624737233
"tian2026_digital_competence",2,202,"primary","Original Relationality",-1.39598594390794
"tian2026_digital_competence",2,202,"primary","ACE",-1.19887515508034
"tian2026_digital_competence",2,202,"primary","Podani",-1.16967982584936
"tian2026_digital_competence",2,202,"primary","Euclidean",-1.74033185925447
"tian2026_digital_competence",2,202,"primary","Cosine",-1.02603407409426
"tian2026_digital_competence",2,202,"primary","eJaccard",-0.387246118361249
"tian2026_digital_competence",2,202,"primary","eDice",-0.287087915234949
"tian2026_digital_competence",2,202,"primary","Recursive Relationality",-0.916112200892881
"tian2026_digital_competence",2,202,"pct_cells","Correlation",1.06055683858979
"tian2026_digital_competence",2,202,"pct_cells","Original Relationality",0.987321535529576
"tian2026_digital_competence",2,202,"pct_cells","ACE",0.96664347424702
"tian2026_digital_competence",2,202,"pct_cells","Podani",0.971314720419132
"tian2026_digital_competence",2,202,"pct_cells","Euclidean",0.709317635827941
"tian2026_digital_competence",2,202,"pct_cells","Cosine",0.894179961899673
"tian2026_digital_competence",2,202,"pct_cells","eJaccard",0.812902317456835
"tian2026_digital_competence",2,202,"pct_cells","eDice",0.812666375454946
"tian2026_digital_competence",2,202,"pct_cells","Recursive Relationality",1.03556888226017
"tian2026_digital_competence",2,202,"rk_corrected","Correlation",NA
"tian2026_digital_competence",2,202,"rk_corrected","Original Relationality",NA
"tian2026_digital_competence",2,202,"rk_corrected","ACE",NA
"tian2026_digital_competence",2,202,"rk_corrected","Podani",NA
"tian2026_digital_competence",2,202,"rk_corrected","Euclidean",NA
"tian2026_digital_competence",2,202,"rk_corrected","Cosine",NA
"tian2026_digital_competence",2,202,"rk_corrected","eJaccard",NA
"tian2026_digital_competence",2,202,"rk_corrected","eDice",NA
"tian2026_digital_competence",2,202,"rk_corrected","Recursive Relationality",NA
"tian2026_digital_competence",2,202,"positional","Correlation",3.12938230058817
"tian2026_digital_competence",2,202,"positional","Original Relationality",3.96268856942873
"tian2026_digital_competence",2,202,"positional","ACE",3.00705990414947
"tian2026_digital_competence",2,202,"positional","Podani",2.29877665931146
"tian2026_digital_competence",2,202,"positional","Euclidean",2.57597499491584
"tian2026_digital_competence",2,202,"positional","Cosine",2.07109714772271
"tian2026_digital_competence",2,202,"positional","eJaccard",4.40039020732333
"tian2026_digital_competence",2,202,"positional","eDice",5.56930622560612
"tian2026_digital_competence",2,202,"positional","Recursive Relationality",2.63276771243927
"tian2026_digital_competence",3,303,"primary","Correlation",-0.900595624737233
"tian2026_digital_competence",3,303,"primary","Original Relationality",-1.39598594390794
"tian2026_digital_competence",3,303,"primary","ACE",-1.19887515508034
"tian2026_digital_competence",3,303,"primary","Podani",-1.16967982584936
"tian2026_digital_competence",3,303,"primary","Euclidean",-1.74033185925447
"tian2026_digital_competence",3,303,"primary","Cosine",-1.02603407409426
"tian2026_digital_competence",3,303,"primary","eJaccard",-0.387246118361249
"tian2026_digital_competence",3,303,"primary","eDice",-0.287087915234949
"tian2026_digital_competence",3,303,"primary","Recursive Relationality",-0.916112200892881
"tian2026_digital_competence",3,303,"pct_cells","Correlation",1.06055683858979
"tian2026_digital_competence",3,303,"pct_cells","Original Relationality",0.987321535529576
"tian2026_digital_competence",3,303,"pct_cells","ACE",0.96664347424702
"tian2026_digital_competence",3,303,"pct_cells","Podani",0.971314720419132
"tian2026_digital_competence",3,303,"pct_cells","Euclidean",0.709317635827941
"tian2026_digital_competence",3,303,"pct_cells","Cosine",0.894179961899673
"tian2026_digital_competence",3,303,"pct_cells","eJaccard",0.812902317456835
"tian2026_digital_competence",3,303,"pct_cells","eDice",0.812666375454946
"tian2026_digital_competence",3,303,"pct_cells","Recursive Relationality",1.03556888226017
"tian2026_digital_competence",3,303,"rk_corrected","Correlation",NA
"tian2026_digital_competence",3,303,"rk_corrected","Original Relationality",NA
"tian2026_digital_competence",3,303,"rk_corrected","ACE",NA
"tian2026_digital_competence",3,303,"rk_corrected","Podani",NA
"tian2026_digital_competence",3,303,"rk_corrected","Euclidean",NA
"tian2026_digital_competence",3,303,"rk_corrected","Cosine",NA
"tian2026_digital_competence",3,303,"rk_corrected","eJaccard",NA
"tian2026_digital_competence",3,303,"rk_corrected","eDice",NA
"tian2026_digital_competence",3,303,"rk_corrected","Recursive Relationality",NA
"tian2026_digital_competence",3,303,"positional","Correlation",3.12938230058817
"tian2026_digital_competence",3,303,"positional","Original Relationality",3.96268856942873
"tian2026_digital_competence",3,303,"positional","ACE",3.00705990414947
"tian2026_digital_competence",3,303,"positional","Podani",2.29877665931146
"tian2026_digital_competence",3,303,"positional","Euclidean",2.57597499491584
"tian2026_digital_competence",3,303,"positional","Cosine",2.07109714772271
"tian2026_digital_competence",3,303,"positional","eJaccard",4.40039020732333
"tian2026_digital_competence",3,303,"positional","eDice",5.56930622560612
"tian2026_digital_competence",3,303,"positional","Recursive Relationality",2.63276771243927
"wang_onlineriskexp_2025_anxiety",1,101,"primary","Correlation",-1.11015480605582
"wang_onlineriskexp_2025_anxiety",1,101,"primary","Original Relationality",-1.92232023837706
"wang_onlineriskexp_2025_anxiety",1,101,"primary","ACE",-1.40638714368004
"wang_onlineriskexp_2025_anxiety",1,101,"primary","Podani",-1.32772673202098
"wang_onlineriskexp_2025_anxiety",1,101,"primary","Euclidean",-1.79963870797521
"wang_onlineriskexp_2025_anxiety",1,101,"primary","Cosine",-1.39369845614123
"wang_onlineriskexp_2025_anxiety",1,101,"primary","eJaccard",-0.702119918058851
"wang_onlineriskexp_2025_anxiety",1,101,"primary","eDice",-0.911626573362868
"wang_onlineriskexp_2025_anxiety",1,101,"primary","Recursive Relationality",-1.07074205616913
"wang_onlineriskexp_2025_anxiety",1,101,"pct_cells","Correlation",0.766947122127276
"wang_onlineriskexp_2025_anxiety",1,101,"pct_cells","Original Relationality",0.358844101857803
"wang_onlineriskexp_2025_anxiety",1,101,"pct_cells","ACE",0.666322281333681
"wang_onlineriskexp_2025_anxiety",1,101,"pct_cells","Podani",0.721509656368846
"wang_onlineriskexp_2025_anxiety",1,101,"pct_cells","Euclidean",0.545024379968092
"wang_onlineriskexp_2025_anxiety",1,101,"pct_cells","Cosine",0.444219572615011
"wang_onlineriskexp_2025_anxiety",1,101,"pct_cells","eJaccard",0.446592884799045
"wang_onlineriskexp_2025_anxiety",1,101,"pct_cells","eDice",0.140994749142338
"wang_onlineriskexp_2025_anxiety",1,101,"pct_cells","Recursive Relationality",0.797294413657423
"wang_onlineriskexp_2025_anxiety",1,101,"rk_corrected","Correlation",-1.05891096540621
"wang_onlineriskexp_2025_anxiety",1,101,"rk_corrected","Original Relationality",-1.90297071063155
"wang_onlineriskexp_2025_anxiety",1,101,"rk_corrected","ACE",-1.3220856948157
"wang_onlineriskexp_2025_anxiety",1,101,"rk_corrected","Podani",-1.29246947372577
"wang_onlineriskexp_2025_anxiety",1,101,"rk_corrected","Euclidean",-1.61758267529952
"wang_onlineriskexp_2025_anxiety",1,101,"rk_corrected","Cosine",-1.23406034585526
"wang_onlineriskexp_2025_anxiety",1,101,"rk_corrected","eJaccard",-0.590454598454259
"wang_onlineriskexp_2025_anxiety",1,101,"rk_corrected","eDice",-0.840826673679588
"wang_onlineriskexp_2025_anxiety",1,101,"rk_corrected","Recursive Relationality",-1.08263505077898
"wang_onlineriskexp_2025_anxiety",1,101,"positional","Correlation",2.01487856661065
"wang_onlineriskexp_2025_anxiety",1,101,"positional","Original Relationality",2.177401978929
"wang_onlineriskexp_2025_anxiety",1,101,"positional","ACE",1.86779970478738
"wang_onlineriskexp_2025_anxiety",1,101,"positional","Podani",1.49017879853406
"wang_onlineriskexp_2025_anxiety",1,101,"positional","Euclidean",1.65370784901674
"wang_onlineriskexp_2025_anxiety",1,101,"positional","Cosine",1.12203072376885
"wang_onlineriskexp_2025_anxiety",1,101,"positional","eJaccard",2.69356608343435
"wang_onlineriskexp_2025_anxiety",1,101,"positional","eDice",3.1183946324714
"wang_onlineriskexp_2025_anxiety",1,101,"positional","Recursive Relationality",1.72521960499524
"wang_onlineriskexp_2025_anxiety",2,202,"primary","Correlation",-1.11015480605582
"wang_onlineriskexp_2025_anxiety",2,202,"primary","Original Relationality",-1.92232023837706
"wang_onlineriskexp_2025_anxiety",2,202,"primary","ACE",-1.40638714368004
"wang_onlineriskexp_2025_anxiety",2,202,"primary","Podani",-1.32772673202098
"wang_onlineriskexp_2025_anxiety",2,202,"primary","Euclidean",-1.79963870797521
"wang_onlineriskexp_2025_anxiety",2,202,"primary","Cosine",-1.39369845614123
"wang_onlineriskexp_2025_anxiety",2,202,"primary","eJaccard",-0.702119918058851
"wang_onlineriskexp_2025_anxiety",2,202,"primary","eDice",-0.911626573362868
"wang_onlineriskexp_2025_anxiety",2,202,"primary","Recursive Relationality",-1.07074205616913
"wang_onlineriskexp_2025_anxiety",2,202,"pct_cells","Correlation",0.766947122127276
"wang_onlineriskexp_2025_anxiety",2,202,"pct_cells","Original Relationality",0.358844101857803
"wang_onlineriskexp_2025_anxiety",2,202,"pct_cells","ACE",0.666322281333681
"wang_onlineriskexp_2025_anxiety",2,202,"pct_cells","Podani",0.721509656368846
"wang_onlineriskexp_2025_anxiety",2,202,"pct_cells","Euclidean",0.545024379968092
"wang_onlineriskexp_2025_anxiety",2,202,"pct_cells","Cosine",0.444219572615011
"wang_onlineriskexp_2025_anxiety",2,202,"pct_cells","eJaccard",0.446592884799045
"wang_onlineriskexp_2025_anxiety",2,202,"pct_cells","eDice",0.140994749142338
"wang_onlineriskexp_2025_anxiety",2,202,"pct_cells","Recursive Relationality",0.797294413657423
"wang_onlineriskexp_2025_anxiety",2,202,"rk_corrected","Correlation",-1.05891096540621
"wang_onlineriskexp_2025_anxiety",2,202,"rk_corrected","Original Relationality",-1.90297071063155
"wang_onlineriskexp_2025_anxiety",2,202,"rk_corrected","ACE",-1.3220856948157
"wang_onlineriskexp_2025_anxiety",2,202,"rk_corrected","Podani",-1.29246947372577
"wang_onlineriskexp_2025_anxiety",2,202,"rk_corrected","Euclidean",-1.61758267529952
"wang_onlineriskexp_2025_anxiety",2,202,"rk_corrected","Cosine",-1.23406034585526
"wang_onlineriskexp_2025_anxiety",2,202,"rk_corrected","eJaccard",-0.590454598454259
"wang_onlineriskexp_2025_anxiety",2,202,"rk_corrected","eDice",-0.840826673679588
"wang_onlineriskexp_2025_anxiety",2,202,"rk_corrected","Recursive Relationality",-1.08263505077898
"wang_onlineriskexp_2025_anxiety",2,202,"positional","Correlation",2.01487856661065
"wang_onlineriskexp_2025_anxiety",2,202,"positional","Original Relationality",2.177401978929
"wang_onlineriskexp_2025_anxiety",2,202,"positional","ACE",1.86779970478738
"wang_onlineriskexp_2025_anxiety",2,202,"positional","Podani",1.49017879853406
"wang_onlineriskexp_2025_anxiety",2,202,"positional","Euclidean",1.65370784901674
"wang_onlineriskexp_2025_anxiety",2,202,"positional","Cosine",1.12203072376885
"wang_onlineriskexp_2025_anxiety",2,202,"positional","eJaccard",2.69356608343435
"wang_onlineriskexp_2025_anxiety",2,202,"positional","eDice",3.1183946324714
"wang_onlineriskexp_2025_anxiety",2,202,"positional","Recursive Relationality",1.72521960499524
"wang_onlineriskexp_2025_anxiety",3,303,"primary","Correlation",-1.11015480605582
"wang_onlineriskexp_2025_anxiety",3,303,"primary","Original Relationality",-1.92232023837706
"wang_onlineriskexp_2025_anxiety",3,303,"primary","ACE",-1.40638714368004
"wang_onlineriskexp_2025_anxiety",3,303,"primary","Podani",-1.32772673202098
"wang_onlineriskexp_2025_anxiety",3,303,"primary","Euclidean",-1.79963870797521
"wang_onlineriskexp_2025_anxiety",3,303,"primary","Cosine",-1.39369845614123
"wang_onlineriskexp_2025_anxiety",3,303,"primary","eJaccard",-0.702119918058851
"wang_onlineriskexp_2025_anxiety",3,303,"primary","eDice",-0.911626573362868
"wang_onlineriskexp_2025_anxiety",3,303,"primary","Recursive Relationality",-1.07074205616913
"wang_onlineriskexp_2025_anxiety",3,303,"pct_cells","Correlation",0.766947122127276
"wang_onlineriskexp_2025_anxiety",3,303,"pct_cells","Original Relationality",0.358844101857803
"wang_onlineriskexp_2025_anxiety",3,303,"pct_cells","ACE",0.666322281333681
"wang_onlineriskexp_2025_anxiety",3,303,"pct_cells","Podani",0.721509656368846
"wang_onlineriskexp_2025_anxiety",3,303,"pct_cells","Euclidean",0.545024379968092
"wang_onlineriskexp_2025_anxiety",3,303,"pct_cells","Cosine",0.444219572615011
"wang_onlineriskexp_2025_anxiety",3,303,"pct_cells","eJaccard",0.446592884799045
"wang_onlineriskexp_2025_anxiety",3,303,"pct_cells","eDice",0.140994749142338
"wang_onlineriskexp_2025_anxiety",3,303,"pct_cells","Recursive Relationality",0.797294413657423
"wang_onlineriskexp_2025_anxiety",3,303,"rk_corrected","Correlation",-1.05891096540621
"wang_onlineriskexp_2025_anxiety",3,303,"rk_corrected","Original Relationality",-1.90297071063155
"wang_onlineriskexp_2025_anxiety",3,303,"rk_corrected","ACE",-1.3220856948157
"wang_onlineriskexp_2025_anxiety",3,303,"rk_corrected","Podani",-1.29246947372577
"wang_onlineriskexp_2025_anxiety",3,303,"rk_corrected","Euclidean",-1.61758267529952
"wang_onlineriskexp_2025_anxiety",3,303,"rk_corrected","Cosine",-1.23406034585526
"wang_onlineriskexp_2025_anxiety",3,303,"rk_corrected","eJaccard",-0.590454598454259
"wang_onlineriskexp_2025_anxiety",3,303,"rk_corrected","eDice",-0.840826673679588
"wang_onlineriskexp_2025_anxiety",3,303,"rk_corrected","Recursive Relationality",-1.08263505077898
"wang_onlineriskexp_2025_anxiety",3,303,"positional","Correlation",2.01487856661065
"wang_onlineriskexp_2025_anxiety",3,303,"positional","Original Relationality",2.177401978929
"wang_onlineriskexp_2025_anxiety",3,303,"positional","ACE",1.86779970478738
"wang_onlineriskexp_2025_anxiety",3,303,"positional","Podani",1.49017879853406
"wang_onlineriskexp_2025_anxiety",3,303,"positional","Euclidean",1.65370784901674
"wang_onlineriskexp_2025_anxiety",3,303,"positional","Cosine",1.12203072376885
"wang_onlineriskexp_2025_anxiety",3,303,"positional","eJaccard",2.69356608343435
"wang_onlineriskexp_2025_anxiety",3,303,"positional","eDice",3.1183946324714
"wang_onlineriskexp_2025_anxiety",3,303,"positional","Recursive Relationality",1.72521960499524
"wang2022_fomo",1,101,"primary","Correlation",-0.146534822569422
"wang2022_fomo",1,101,"primary","Original Relationality",-0.544804338028159
"wang2022_fomo",1,101,"primary","ACE",-0.360156208820464
"wang2022_fomo",1,101,"primary","Podani",-0.276941440466397
"wang2022_fomo",1,101,"primary","Euclidean",-0.502988215595608
"wang2022_fomo",1,101,"primary","Cosine",-0.309158338606779
"wang2022_fomo",1,101,"primary","eJaccard",-0.01590776548543
"wang2022_fomo",1,101,"primary","eDice",-0.0925942160506892
"wang2022_fomo",1,101,"primary","Recursive Relationality",-0.132435323409811
"wang2022_fomo",1,101,"pct_cells","Correlation",0.728773839853869
"wang2022_fomo",1,101,"pct_cells","Original Relationality",0.518922078443733
"wang2022_fomo",1,101,"pct_cells","ACE",0.606365900161112
"wang2022_fomo",1,101,"pct_cells","Podani",0.678634991041945
"wang2022_fomo",1,101,"pct_cells","Euclidean",0.590348209308818
"wang2022_fomo",1,101,"pct_cells","Cosine",0.547878536823544
"wang2022_fomo",1,101,"pct_cells","eJaccard",0.519746826245391
"wang2022_fomo",1,101,"pct_cells","eDice",0.39825209762397
"wang2022_fomo",1,101,"pct_cells","Recursive Relationality",0.738646038348991
"wang2022_fomo",1,101,"rk_corrected","Correlation",-0.149858510636185
"wang2022_fomo",1,101,"rk_corrected","Original Relationality",-0.546059353141194
"wang2022_fomo",1,101,"rk_corrected","ACE",-0.365624021459979
"wang2022_fomo",1,101,"rk_corrected","Podani",-0.279228234882605
"wang2022_fomo",1,101,"rk_corrected","Euclidean",-0.514796414505284
"wang2022_fomo",1,101,"rk_corrected","Cosine",-0.319512505574592
"wang2022_fomo",1,101,"rk_corrected","eJaccard",-0.0231504054893046
"wang2022_fomo",1,101,"rk_corrected","eDice",-0.097186314900468
"wang2022_fomo",1,101,"rk_corrected","Recursive Relationality",-0.131663940863894
"wang2022_fomo",1,101,"positional","Correlation",1.48640146079283
"wang2022_fomo",1,101,"positional","Original Relationality",1.60407789377792
"wang2022_fomo",1,101,"positional","ACE",1.34317659459912
"wang2022_fomo",1,101,"positional","Podani",1.14082999482578
"wang2022_fomo",1,101,"positional","Euclidean",1.25770516267091
"wang2022_fomo",1,101,"positional","Cosine",0.978381576354759
"wang2022_fomo",1,101,"positional","eJaccard",1.86694549743915
"wang2022_fomo",1,101,"positional","eDice",2.18076470628565
"wang2022_fomo",1,101,"positional","Recursive Relationality",1.31638226335663
"wang2022_fomo",2,202,"primary","Correlation",-0.146534822569422
"wang2022_fomo",2,202,"primary","Original Relationality",-0.544804338028159
"wang2022_fomo",2,202,"primary","ACE",-0.360156208820464
"wang2022_fomo",2,202,"primary","Podani",-0.276941440466397
"wang2022_fomo",2,202,"primary","Euclidean",-0.502988215595608
"wang2022_fomo",2,202,"primary","Cosine",-0.309158338606779
"wang2022_fomo",2,202,"primary","eJaccard",-0.01590776548543
"wang2022_fomo",2,202,"primary","eDice",-0.0925942160506892
"wang2022_fomo",2,202,"primary","Recursive Relationality",-0.132435323409811
"wang2022_fomo",2,202,"pct_cells","Correlation",0.728773839853869
"wang2022_fomo",2,202,"pct_cells","Original Relationality",0.518922078443733
"wang2022_fomo",2,202,"pct_cells","ACE",0.606365900161112
"wang2022_fomo",2,202,"pct_cells","Podani",0.678634991041945
"wang2022_fomo",2,202,"pct_cells","Euclidean",0.590348209308818
"wang2022_fomo",2,202,"pct_cells","Cosine",0.547878536823544
"wang2022_fomo",2,202,"pct_cells","eJaccard",0.519746826245391
"wang2022_fomo",2,202,"pct_cells","eDice",0.39825209762397
"wang2022_fomo",2,202,"pct_cells","Recursive Relationality",0.738646038348991
"wang2022_fomo",2,202,"rk_corrected","Correlation",-0.149858510636185
"wang2022_fomo",2,202,"rk_corrected","Original Relationality",-0.546059353141194
"wang2022_fomo",2,202,"rk_corrected","ACE",-0.365624021459979
"wang2022_fomo",2,202,"rk_corrected","Podani",-0.279228234882605
"wang2022_fomo",2,202,"rk_corrected","Euclidean",-0.514796414505284
"wang2022_fomo",2,202,"rk_corrected","Cosine",-0.319512505574592
"wang2022_fomo",2,202,"rk_corrected","eJaccard",-0.0231504054893046
"wang2022_fomo",2,202,"rk_corrected","eDice",-0.097186314900468
"wang2022_fomo",2,202,"rk_corrected","Recursive Relationality",-0.131663940863894
"wang2022_fomo",2,202,"positional","Correlation",1.48640146079283
"wang2022_fomo",2,202,"positional","Original Relationality",1.60407789377792
"wang2022_fomo",2,202,"positional","ACE",1.34317659459912
"wang2022_fomo",2,202,"positional","Podani",1.14082999482578
"wang2022_fomo",2,202,"positional","Euclidean",1.25770516267091
"wang2022_fomo",2,202,"positional","Cosine",0.978381576354759
"wang2022_fomo",2,202,"positional","eJaccard",1.86694549743915
"wang2022_fomo",2,202,"positional","eDice",2.18076470628565
"wang2022_fomo",2,202,"positional","Recursive Relationality",1.31638226335663
"wang2022_fomo",3,303,"primary","Correlation",-0.146534822569422
"wang2022_fomo",3,303,"primary","Original Relationality",-0.544804338028159
"wang2022_fomo",3,303,"primary","ACE",-0.360156208820464
"wang2022_fomo",3,303,"primary","Podani",-0.276941440466397
"wang2022_fomo",3,303,"primary","Euclidean",-0.502988215595608
"wang2022_fomo",3,303,"primary","Cosine",-0.309158338606779
"wang2022_fomo",3,303,"primary","eJaccard",-0.01590776548543
"wang2022_fomo",3,303,"primary","eDice",-0.0925942160506892
"wang2022_fomo",3,303,"primary","Recursive Relationality",-0.132435323409811
"wang2022_fomo",3,303,"pct_cells","Correlation",0.728773839853869
"wang2022_fomo",3,303,"pct_cells","Original Relationality",0.518922078443733
"wang2022_fomo",3,303,"pct_cells","ACE",0.606365900161112
"wang2022_fomo",3,303,"pct_cells","Podani",0.678634991041945
"wang2022_fomo",3,303,"pct_cells","Euclidean",0.590348209308818
"wang2022_fomo",3,303,"pct_cells","Cosine",0.547878536823544
"wang2022_fomo",3,303,"pct_cells","eJaccard",0.519746826245391
"wang2022_fomo",3,303,"pct_cells","eDice",0.39825209762397
"wang2022_fomo",3,303,"pct_cells","Recursive Relationality",0.738646038348991
"wang2022_fomo",3,303,"rk_corrected","Correlation",-0.149858510636185
"wang2022_fomo",3,303,"rk_corrected","Original Relationality",-0.546059353141194
"wang2022_fomo",3,303,"rk_corrected","ACE",-0.365624021459979
"wang2022_fomo",3,303,"rk_corrected","Podani",-0.279228234882605
"wang2022_fomo",3,303,"rk_corrected","Euclidean",-0.514796414505284
"wang2022_fomo",3,303,"rk_corrected","Cosine",-0.319512505574592
"wang2022_fomo",3,303,"rk_corrected","eJaccard",-0.0231504054893046
"wang2022_fomo",3,303,"rk_corrected","eDice",-0.097186314900468
"wang2022_fomo",3,303,"rk_corrected","Recursive Relationality",-0.131663940863894
"wang2022_fomo",3,303,"positional","Correlation",1.48640146079283
"wang2022_fomo",3,303,"positional","Original Relationality",1.60407789377792
"wang2022_fomo",3,303,"positional","ACE",1.34317659459912
"wang2022_fomo",3,303,"positional","Podani",1.14082999482578
"wang2022_fomo",3,303,"positional","Euclidean",1.25770516267091
"wang2022_fomo",3,303,"positional","Cosine",0.978381576354759
"wang2022_fomo",3,303,"positional","eJaccard",1.86694549743915
"wang2022_fomo",3,303,"positional","eDice",2.18076470628565
"wang2022_fomo",3,303,"positional","Recursive Relationality",1.31638226335663
"xu2024_self_efficacy",1,101,"primary","Correlation",0.977194798449122
"xu2024_self_efficacy",1,101,"primary","Original Relationality",0.94131693227546
"xu2024_self_efficacy",1,101,"primary","ACE",0.890677016833765
"xu2024_self_efficacy",1,101,"primary","Podani",0.887810585463683
"xu2024_self_efficacy",1,101,"primary","Euclidean",0.672609393401005
"xu2024_self_efficacy",1,101,"primary","Cosine",0.828007604035963
"xu2024_self_efficacy",1,101,"primary","eJaccard",0.760798147031291
"xu2024_self_efficacy",1,101,"primary","eDice",0.817140140480018
"xu2024_self_efficacy",1,101,"primary","Recursive Relationality",0.985790921361976
"xu2024_self_efficacy",1,101,"pct_cells","Correlation",0.977194798449122
"xu2024_self_efficacy",1,101,"pct_cells","Original Relationality",0.94131693227546
"xu2024_self_efficacy",1,101,"pct_cells","ACE",0.890677016833765
"xu2024_self_efficacy",1,101,"pct_cells","Podani",0.887810585463683
"xu2024_self_efficacy",1,101,"pct_cells","Euclidean",0.672609393401005
"xu2024_self_efficacy",1,101,"pct_cells","Cosine",0.828007604035963
"xu2024_self_efficacy",1,101,"pct_cells","eJaccard",0.760798147031291
"xu2024_self_efficacy",1,101,"pct_cells","eDice",0.817140140480018
"xu2024_self_efficacy",1,101,"pct_cells","Recursive Relationality",0.985790921361976
"xu2024_self_efficacy",1,101,"rk_corrected","Correlation",0.99220151909361
"xu2024_self_efficacy",1,101,"rk_corrected","Original Relationality",0.94698342709315
"xu2024_self_efficacy",1,101,"rk_corrected","ACE",0.915364633472086
"xu2024_self_efficacy",1,101,"rk_corrected","Podani",0.898135647348576
"xu2024_self_efficacy",1,101,"rk_corrected","Euclidean",0.725924367247109
"xu2024_self_efficacy",1,101,"rk_corrected","Cosine",0.87475750597357
"xu2024_self_efficacy",1,101,"rk_corrected","eJaccard",0.793499252876221
"xu2024_self_efficacy",1,101,"rk_corrected","eDice",0.837873838476421
"xu2024_self_efficacy",1,101,"rk_corrected","Recursive Relationality",0.982308066730592
"xu2024_self_efficacy",1,101,"positional","Correlation",1.30427174364635
"xu2024_self_efficacy",1,101,"positional","Original Relationality",1.39177601107514
"xu2024_self_efficacy",1,101,"positional","ACE",1.22386694381657
"xu2024_self_efficacy",1,101,"positional","Podani",1.09768890308751
"xu2024_self_efficacy",1,101,"positional","Euclidean",0.963557280565136
"xu2024_self_efficacy",1,101,"positional","Cosine",1.03470128467774
"xu2024_self_efficacy",1,101,"positional","eJaccard",1.30044597444265
"xu2024_self_efficacy",1,101,"positional","eDice",1.53195940655961
"xu2024_self_efficacy",1,101,"positional","Recursive Relationality",1.25516786683573
"xu2024_self_efficacy",2,202,"primary","Correlation",0.977194798449122
"xu2024_self_efficacy",2,202,"primary","Original Relationality",0.94131693227546
"xu2024_self_efficacy",2,202,"primary","ACE",0.890677016833765
"xu2024_self_efficacy",2,202,"primary","Podani",0.887810585463683
"xu2024_self_efficacy",2,202,"primary","Euclidean",0.672609393401005
"xu2024_self_efficacy",2,202,"primary","Cosine",0.828007604035963
"xu2024_self_efficacy",2,202,"primary","eJaccard",0.760798147031291
"xu2024_self_efficacy",2,202,"primary","eDice",0.817140140480018
"xu2024_self_efficacy",2,202,"primary","Recursive Relationality",0.985790921361976
"xu2024_self_efficacy",2,202,"pct_cells","Correlation",0.977194798449122
"xu2024_self_efficacy",2,202,"pct_cells","Original Relationality",0.94131693227546
"xu2024_self_efficacy",2,202,"pct_cells","ACE",0.890677016833765
"xu2024_self_efficacy",2,202,"pct_cells","Podani",0.887810585463683
"xu2024_self_efficacy",2,202,"pct_cells","Euclidean",0.672609393401005
"xu2024_self_efficacy",2,202,"pct_cells","Cosine",0.828007604035963
"xu2024_self_efficacy",2,202,"pct_cells","eJaccard",0.760798147031291
"xu2024_self_efficacy",2,202,"pct_cells","eDice",0.817140140480018
"xu2024_self_efficacy",2,202,"pct_cells","Recursive Relationality",0.985790921361976
"xu2024_self_efficacy",2,202,"rk_corrected","Correlation",0.99220151909361
"xu2024_self_efficacy",2,202,"rk_corrected","Original Relationality",0.94698342709315
"xu2024_self_efficacy",2,202,"rk_corrected","ACE",0.915364633472086
"xu2024_self_efficacy",2,202,"rk_corrected","Podani",0.898135647348576
"xu2024_self_efficacy",2,202,"rk_corrected","Euclidean",0.725924367247109
"xu2024_self_efficacy",2,202,"rk_corrected","Cosine",0.87475750597357
"xu2024_self_efficacy",2,202,"rk_corrected","eJaccard",0.793499252876221
"xu2024_self_efficacy",2,202,"rk_corrected","eDice",0.837873838476421
"xu2024_self_efficacy",2,202,"rk_corrected","Recursive Relationality",0.982308066730592
"xu2024_self_efficacy",2,202,"positional","Correlation",1.30427174364635
"xu2024_self_efficacy",2,202,"positional","Original Relationality",1.39177601107514
"xu2024_self_efficacy",2,202,"positional","ACE",1.22386694381657
"xu2024_self_efficacy",2,202,"positional","Podani",1.09768890308751
"xu2024_self_efficacy",2,202,"positional","Euclidean",0.963557280565136
"xu2024_self_efficacy",2,202,"positional","Cosine",1.03470128467774
"xu2024_self_efficacy",2,202,"positional","eJaccard",1.30044597444265
"xu2024_self_efficacy",2,202,"positional","eDice",1.53195940655961
"xu2024_self_efficacy",2,202,"positional","Recursive Relationality",1.25516786683573
"xu2024_self_efficacy",3,303,"primary","Correlation",0.977194798449122
"xu2024_self_efficacy",3,303,"primary","Original Relationality",0.94131693227546
"xu2024_self_efficacy",3,303,"primary","ACE",0.890677016833765
"xu2024_self_efficacy",3,303,"primary","Podani",0.887810585463683
"xu2024_self_efficacy",3,303,"primary","Euclidean",0.672609393401005
"xu2024_self_efficacy",3,303,"primary","Cosine",0.828007604035963
"xu2024_self_efficacy",3,303,"primary","eJaccard",0.760798147031291
"xu2024_self_efficacy",3,303,"primary","eDice",0.817140140480018
"xu2024_self_efficacy",3,303,"primary","Recursive Relationality",0.985790921361976
"xu2024_self_efficacy",3,303,"pct_cells","Correlation",0.977194798449122
"xu2024_self_efficacy",3,303,"pct_cells","Original Relationality",0.94131693227546
"xu2024_self_efficacy",3,303,"pct_cells","ACE",0.890677016833765
"xu2024_self_efficacy",3,303,"pct_cells","Podani",0.887810585463683
"xu2024_self_efficacy",3,303,"pct_cells","Euclidean",0.672609393401005
"xu2024_self_efficacy",3,303,"pct_cells","Cosine",0.828007604035963
"xu2024_self_efficacy",3,303,"pct_cells","eJaccard",0.760798147031291
"xu2024_self_efficacy",3,303,"pct_cells","eDice",0.817140140480018
"xu2024_self_efficacy",3,303,"pct_cells","Recursive Relationality",0.985790921361976
"xu2024_self_efficacy",3,303,"rk_corrected","Correlation",0.99220151909361
"xu2024_self_efficacy",3,303,"rk_corrected","Original Relationality",0.94698342709315
"xu2024_self_efficacy",3,303,"rk_corrected","ACE",0.915364633472086
"xu2024_self_efficacy",3,303,"rk_corrected","Podani",0.898135647348576
"xu2024_self_efficacy",3,303,"rk_corrected","Euclidean",0.725924367247109
"xu2024_self_efficacy",3,303,"rk_corrected","Cosine",0.87475750597357
"xu2024_self_efficacy",3,303,"rk_corrected","eJaccard",0.793499252876221
"xu2024_self_efficacy",3,303,"rk_corrected","eDice",0.837873838476421
"xu2024_self_efficacy",3,303,"rk_corrected","Recursive Relationality",0.982308066730592
"xu2024_self_efficacy",3,303,"positional","Correlation",1.30427174364635
"xu2024_self_efficacy",3,303,"positional","Original Relationality",1.39177601107514
"xu2024_self_efficacy",3,303,"positional","ACE",1.22386694381657
"xu2024_self_efficacy",3,303,"positional","Podani",1.09768890308751
"xu2024_self_efficacy",3,303,"positional","Euclidean",0.963557280565136
"xu2024_self_efficacy",3,303,"positional","Cosine",1.03470128467774
"xu2024_self_efficacy",3,303,"positional","eJaccard",1.30044597444265
"xu2024_self_efficacy",3,303,"positional","eDice",1.53195940655961
"xu2024_self_efficacy",3,303,"positional","Recursive Relationality",1.25516786683573
