table,dataset,n_items,n_participants,n_categories,n_responses,density,longitudinal,construct_type,ct_primary,affect_cog,item_format,measurement_tool,construct_name,doi,license
psiq_woelk2022,item_response_warehouse,35,735,11,25725,1,FALSE,"Cognitive/educational, Affective/mental health",Cognitive/educational,cognitive,Likert Scale/selected response,Survey/questionnaire,Plymouth Sensory Imagery Questionnaire — Dutch Version (PsiQ-NL),10.1027/1015-5759/a000729,CC BY 4.0
rvkdcs_romiacg_miroshnik_2020_cbi,item_response_warehouse,11,1011,4,11121,1,FALSE,Cognitive/educational,Cognitive/educational,cognitive,Likert Scale/selected response,Survey/questionnaire,Russian validation of Kaufman Domains of Creativity Scale: Relationship to occupation and measurement invariance across gender,10.17605/osf.io/g5bk4,CC BY 4.0
dbdifdm_puga_2021,item_response_warehouse,14,543,4,7602,1,FALSE,Affective/mental health,Affective/mental health,affective/opinion,Likert Scale/selected response,Survey/questionnaire,Inventory of Mindfulness,na,LGPL-3.0
facit_yount_2021_hadsx,item_response_warehouse,14,608,4,8512,1,TRUE,Affective/mental health,Affective/mental health,affective/opinion,Likert Scale/selected response,Survey/questionnaire,Hospital Anxiety and Depression Scale,10.7910/dvn/ibfk5h,CC0 1.0
cavalini_mokken,item_response_warehouse,17,828,4,14076,1,FALSE,Personality,Personality,affective/opinion,Likert Scale/selected response,Survey/questionnaire,Coping with noxious factory odor,na,GPL-3.0
cbi_rodriguez_2021,item_response_warehouse,28,2082,4,58296,1,FALSE,Behavioral,Behavioral,other,Likert Scale/selected response,Survey/questionnaire,Brief Form of Creative Behavior Inventory,10.1080/10400419.2023.2183322,CC BY 4.0
mpsycho_condom,item_response_warehouse,6,500,4,3000,1,FALSE,NA,NA,other,Likert Scale/selected response,NA,Attitude towards condoms,10.1007/s11336-010-9179-z,GPL-2.0
science_ltm,item_response_warehouse,7,392,4,2744,1,FALSE,Opinion/attitude,Opinion/attitude,affective/opinion,Constructed Response,Observational rating,"Euro-barometer 38.1: Consumer Protection and Perceptions of Science and Technology, November 1992",na,GPL-3.0
phq_insomnia_wang2025,item_response_warehouse,9,572095,4,5148855,1,FALSE,Affective/mental health,Affective/mental health,affective/opinion,Likert Scale/selected response,Survey/questionnaire,The Patient Health Questionnaire (PHQ-9),10.1177/183449092413107,CC BY 4.0
os_tbmwtfs_schubert_2023_bmw3,item_response_warehouse,12,1038,5,12456,1,FALSE,Cognitive/educational,Cognitive/educational,cognitive,Likert Scale/selected response,Survey/questionnaire,Brief Mind Wandering Three-Factor Scale,10.3758/s13428-024-02500-6,CC BY 4.0
namprb_siwiak_2024_gcbs,item_response_warehouse,15,405,5,6075,1,FALSE,Opinion/attitude,Opinion/attitude,affective/opinion,Likert Scale/selected response,Survey/questionnaire,Generic Conspiracist Beliefs Scale(GCBS),10.31234/osf.io/7u98d,CC BY 4.0
sabers_vesper2023,item_response_warehouse,15,1361,5,20415,1,FALSE,Opinion/attitude,Opinion/attitude,affective/opinion,Likert Scale/selected response,Survey/questionnaire,Strike Attitude and Behavioral Reactions Scale (SABeRS),10.1027/1015-5759/a000807,CC BY 4.0
scoliosis_dueber,item_response_warehouse,20,2322,5,46440,1,FALSE,"Affective/mental health, Physical health/functioning",Affective/mental health,affective/opinion,Likert Scale/selected response,Survey/questionnaire,Scoliosis Quality of Life Index,10.1037/met0000459,CC BY 4.0
aslec_insomnia_wang2025,item_response_warehouse,24,572095,5,13730280,1,FALSE,Affective/mental health,Affective/mental health,affective/opinion,Likert Scale/selected response,Survey/questionnaire,The Adolescent Self-rating Life Events Checklist (ASLEC),10.1177/183449092413107,CC BY 4.0
scs_lopez_2015,item_response_warehouse,24,1643,5,39432,1,FALSE,Affective/mental health,Affective/mental health,affective/opinion,Likert Scale/selected response,Survey/questionnaire,Self-Compassion Scale,10.1371/journal.pone.0132940,CC BY 4.0
bhs_floreskanter2021,item_response_warehouse,24,2164,5,51936,1,FALSE,Affective/mental health,Affective/mental health,affective/opinion,Likert Scale/selected response,Survey/questionnaire,Beck Hopelessness Scale (BHS),10.17632/9mjg54kcwv.5,CC BY 4.0
feardriving_fisher2021,item_response_warehouse,25,810,5,20250,1,FALSE,"Affective/mental health, Opinion/attitude",Affective/mental health,affective/opinion,Mixed,Survey/questionnaire,Psychometric Validation of the Instrument for Fear of Driving (IFD),10.1027/1015-5759/a000683,CC BY 4.0
ees_sarling_2024,item_response_warehouse,30,805,5,24150,1,FALSE,Personality,Personality,affective/opinion,Likert Scale/selected response,Survey/questionnaire,Empathic Experience Scale (EES),10.1027/2698-1866/a000079,CC BY 4.0
offlinefriend_ofaq,item_response_warehouse,37,802,5,29674,1,FALSE,Opinion/attitude,Opinion/attitude,affective/opinion,Likert Scale/selected response,Survey/questionnaire,Offline-Friend Addiction Questionnaire (O-FAQ),10.3758/s13428-020-01462-9,CC BY 4.0
alsecypiamh_wu_2022_swemwbs,item_response_warehouse,7,7842,5,54894,1,FALSE,Affective/mental health,Affective/mental health,affective/opinion,Likert Scale/selected response,Survey/questionnaire,Short Warwick-Edinburgh Mental Wellbeing Scale,10.17605/osf.io/jqzbx,CC BY 4.0
isi_insomnia_wang2025,item_response_warehouse,7,572095,5,4004665,1,FALSE,"Affective/mental health, Physical health/functioning",Affective/mental health,affective/opinion,Likert Scale/selected response,Survey/questionnaire,The Insomnia Severity Index (ISI),10.1177/183449092413107,CC BY 4.0
alsecypiamh_wu_2022_empathy,item_response_warehouse,7,7842,5,54894,1,FALSE,"Affective/mental health, Opinion/attitude",Affective/mental health,affective/opinion,Likert Scale/selected response,Survey/questionnaire,Perce Empathy Scale,10.17605/osf.io/jqzbx,CC BY 4.0
tenseness_pcmrs,item_response_warehouse,8,2042,5,16336,1,FALSE,Affective/mental health,Affective/mental health,affective/opinion,Likert Scale/selected response,Survey/questionnaire,Tenseness (from the Freiburg Complaint Checklist),na,GPL-3.0
emotion_pcmrs,item_response_warehouse,8,2032,5,16256,1,FALSE,Affective/mental health,Affective/mental health,affective/opinion,Likert Scale/selected response,Survey/questionnaire,Emotional Reactivity Scale (Freiburg Complaint Checklist),na,GPL-3.0
een_lacey_2024_children,item_response_warehouse,13,2348,6,30524,1,FALSE,Opinion/attitude,Opinion/attitude,affective/opinion,Likert Scale/selected response,Survey/questionnaire,Mental Health Increase Willingness Questionnaire,10.1002/pam.22643,CC BY 4.0
resistance,item_response_warehouse,14,506,6,7084,1,FALSE,"Cognitive/educational, Behavioral",Cognitive/educational,cognitive,Likert Scale/selected response,Survey/questionnaire,A Reassessment of the Resistance to Framing Scale (2021),10.3758/s13428-022-01876-7,CC BY 4.0
beh_boredom_bieleke2022,item_response_warehouse,19,636,6,12084,1,FALSE,Behavioral,Behavioral,other,Likert Scale/selected response,Survey/questionnaire,Assessment of Adaptive and Maladaptive Behaviors in Response to Boredom,10.1098/rsos.211998,CC BY 4.0
pppasbpnssedaisw_pedro_2022_ebsv,item_response_warehouse,6,1648,6,9888,1,FALSE,Affective/mental health,Affective/mental health,affective/opinion,Likert Scale/selected response,Survey/questionnaire,The Brief Multidimensional Student’s Life Satisfaction Scale (BMSLSS),10.1177/07342829221125843,CC0 1.0
cpdmmc_kunnari_2020_hcd,item_response_warehouse,12,1043,7,12516,1,FALSE,Cognitive/educational,Cognitive/educational,cognitive,Likert Scale/selected response,Test,"Utilitarian Inclinations and Deontological Inclinations in moral judgment, measured via the Process Dissociation Procedure",10.3389/fpsyg.2020.559934,CC BY 4.0
movac_pakpour2022,item_response_warehouse,12,6008,7,72096,1,FALSE,Opinion/attitude,Opinion/attitude,affective/opinion,Likert Scale/selected response,Survey/questionnaire,Motors of COVID-19 Vaccination Acceptance Scale (MoVac-COVID19S),10.7910/dvn/u8zydf,CC0 1.0
fivpei_perrig_2023_attdiff,item_response_warehouse,21,1551,7,32571,1,FALSE,Affective/mental health,Affective/mental health,affective/opinion,Likert Scale/selected response,Survey/questionnaire,AttrakDif semantic diferential scale,10.17605/osf.io/8xuhr,CC BY 4.0
fivpei_perrig_2023_pens,item_response_warehouse,21,1551,7,32571,1,FALSE,"Affective/mental health, Cognitive/educational",Affective/mental health,affective/opinion,Likert Scale/selected response,Survey/questionnaire,Player Experience of Need Satisfaction,10.17605/osf.io/8xuhr,CC BY 4.0
fivpei_perrig_2023_pxi,item_response_warehouse,33,1551,7,51183,1,FALSE,"Affective/mental health, Cognitive/educational",Affective/mental health,affective/opinion,Likert Scale/selected response,Survey/questionnaire,Player Experience Inventory,10.17605/osf.io/8xuhr,CC BY 4.0
fivpei_perrig_2023_imi,item_response_warehouse,7,1551,7,10857,1,FALSE,Affective/mental health,Affective/mental health,affective/opinion,Likert Scale/selected response,Survey/questionnaire,Intrinsic Motivation Inventory,10.17605/osf.io/8xuhr,CC BY 4.0
ewas_sanford_2024_flourish,item_response_warehouse,8,482,7,3856,1,FALSE,Affective/mental health,Affective/mental health,affective/opinion,Likert Scale/selected response,Survey/questionnaire,"Everyday Well-Being Appraisals, Flourishing Scale",10.1037/pas0001336,CC BY 4.0
sabfi2_gallardo_pujol_2018_constru,item_response_warehouse,13,419,9,5447,1,FALSE,Cognitive/educational,Cognitive/educational,cognitive,Likert Scale/selected response,Survey/questionnaire,Self-Construal Scale,10.1027/2698-1866/a000020,CC BY 4.0
estcrm_selfeff,item_response_warehouse,10,307,161,3070,1,FALSE,Affective/mental health,Affective/mental health,affective/opinion,Slider/continuous,Survey/questionnaire,Teaching self-efficacy scale,na,GPL-3.0
heard_roch_2022_swlpwi,item_response_warehouse,8,600,11,4800,1,FALSE,Affective/mental health,Affective/mental health,affective/opinion,Likert Scale/selected response,Survey/questionnaire,Life satisfaction asked of refugees,10.31219/osf.io/vq3ty,CC BY 4.0
sabfi2_gallardo_pujol_2018_micro,item_response_warehouse,6,419,4,2514,1,FALSE,NA,NA,other,NA,NA,Racial microagression scale,10.1027/2698-1866/a000020,CC BY 4.0
dass_thiyagarajan2022,item_response_warehouse,21,971,4,20391,1,FALSE,Affective/mental health,Affective/mental health,affective/opinion,Likert Scale/selected response,Survey/questionnaire,"The Depression, Anxiety, and Stress Scale-21 Items (DASS-21)",10.7910/dvn/ajvln6,CC0 1.0
mpsycho_asti,item_response_warehouse,25,1129,4,28225,1,FALSE,Cognitive/educational,Cognitive/educational,cognitive,Likert Scale/selected response,Survey/questionnaire,Adult Self-Transcendence Inventory,10.2190/xrxm-fyra-7u0x-grc0,GPL-2.0
wemwbs_brummerhoffman_2021,item_response_warehouse,7,1828,5,12796,1,TRUE,Affective/mental health,Affective/mental health,affective/opinion,Likert Scale/selected response,Survey/questionnaire,"Depression and anxiety question framing: The impact of asking about symptom's frequency, context, duration, ability and botherement - Warwick-Edinburgh Mental Well-Being Scale",10.1037/pas0001323,CC BY 4.0
whodas_brummerhoffman_2021,item_response_warehouse,12,1828,5,21936,1,TRUE,Affective/mental health,Affective/mental health,affective/opinion,Likert Scale/selected response,Survey/questionnaire,"Depression and anxiety question framing: The impact of asking about symptom's frequency, context, duration, ability and botherement - World Health Organization Disability Assessment Schedule",10.1037/pas0001323,CC BY 4.0
grit_brummerhoffman_2021,item_response_warehouse,8,1828,5,14624,1,TRUE,Affective/mental health,Affective/mental health,affective/opinion,Likert Scale/selected response,Survey/questionnaire,"Depression and anxiety question framing: The impact of asking about symptom's frequency, context, duration, ability and botherement - short version of the Grit Scale",10.1037/pas0001323,CC BY 4.0
cv_oasis_odsis_ppe_novak_2020_panas,item_response_warehouse,20,1458,5,29160,1,FALSE,Affective/mental health,Affective/mental health,affective/opinion,Likert Scale/selected response,Survey/questionnaire,Czech Version of the short Overall Anxiety Severity and Impairment Scale (OASIS) and the Overall Depression Severity and Impairment Scale (ODSIS): Psychometric Properties and Evaluation,10.3390/ijerph181910337,CC BY 4.0
pppasbpnssedaisw_pedro_2022_npbe,item_response_warehouse,15,1648,5,24720,1,FALSE,Affective/mental health,Affective/mental health,affective/opinion,Likert Scale/selected response,Survey/questionnaire,The Adolescent Student Basic Psychological Need Satisfaction Scale,10.1177/07342829221125843,CC0 1.0
sabfi2_gallardo_pujol_2018_honest,item_response_warehouse,10,419,5,4190,1,FALSE,Affective/mental health,Affective/mental health,affective/opinion,Likert Scale/selected response,Survey/questionnaire,Hexaco honesty-humility subscale,10.1027/2698-1866/a000020,CC BY 4.0
sabfi2_gallardo_pujol_2018_tight,item_response_warehouse,6,419,5,2514,1,FALSE,NA,NA,other,NA,NA,Tightness-looseness scale,10.1027/2698-1866/a000020,CC BY 4.0
sabfi2_gallardo_pujol_2018_narq,item_response_warehouse,6,419,5,2514,1,FALSE,Affective/mental health,Affective/mental health,affective/opinion,Likert Scale/selected response,Survey/questionnaire,Narcissism admiration and rivalry questionnaire,10.1027/2698-1866/a000020,CC BY 4.0
prcpsffmq_lecuona_2017,item_response_warehouse,39,800,5,31200,1,FALSE,Affective/mental health,Affective/mental health,affective/opinion,Likert Scale/selected response,Survey/questionnaire,Five Facets Mindfulness Questionnaire,10.1177/1073191119873718,CC0 1.0
cse_bayazit_2022,item_response_warehouse,15,651,5,9765,1,FALSE,Affective/mental health,Affective/mental health,affective/opinion,Likert Scale/selected response,Survey/questionnaire,Learning Self-Efficacy Scale (L-SES),10.7910/dvn/m0njiq,CC0 1.0
christiannationalism_davis2021,item_response_warehouse,6,1378,5,8268,1,FALSE,Opinion/attitude,Opinion/attitude,affective/opinion,Likert Scale/selected response,Survey/questionnaire,Christian Nationalism Scale (Six-Item Index),10.1017/s1755048322000256,CC0 1.0
sabfi2_gallardo_pujol_2018_inthapp,item_response_warehouse,9,419,5,3771,1,FALSE,Affective/mental health,Affective/mental health,affective/opinion,Likert Scale/selected response,Survey/questionnaire,Interdependent happiness scale,10.1027/2698-1866/a000020,CC BY 4.0
aa1_silvia_2023,item_response_warehouse,14,1071,5,14994,1,FALSE,Cognitive/educational,Cognitive/educational,cognitive,Likert Scale/selected response,Survey/questionnaire,Aesthetic Responsiveness Assessment,10.1037/aca0000348,CC BY 4.0
anxiety_lordif,item_response_warehouse,29,766,5,22214,1,FALSE,Affective/mental health,Affective/mental health,affective/opinion,Likert Scale/selected response,Survey/questionnaire,PROMIS Anxiety scale,na,GPL-3.0
pppasbpnssedaisw_pedro_2022_panas,item_response_warehouse,20,1648,5,32960,1,FALSE,Affective/mental health,Affective/mental health,affective/opinion,Likert Scale/selected response,Survey/questionnaire,The Positive and Negative Affect Schedule(PANAS),10.1177/07342829221125843,CC0 1.0
sabfi2_gallardo_pujol_2018_lot,item_response_warehouse,6,419,5,2514,1,FALSE,Affective/mental health,Affective/mental health,affective/opinion,Likert Scale/selected response,Survey/questionnaire,Life orientation scale,10.1027/2698-1866/a000020,CC BY 4.0
anxiety_gastro_symptoms,item_response_warehouse,15,382,5,5730,1,FALSE,Affective/mental health,Affective/mental health,affective/opinion,Likert Scale/selected response,Survey/questionnaire,Hypervigilance and Anxiety About Gastrointestinal Symptoms (Modified EHAS),10.1037/pas0001280,CC BY 4.0
depression_hymcohort_tang2022,item_response_warehouse,24,448,5,10752,1,FALSE,Affective/mental health,Affective/mental health,affective/opinion,Likert Scale/selected response,Survey/questionnaire,BSI Depression and PROMIS Depression,10.1371/journal.pone.0278232,CC0 1.0
alsecypiamh_wu_2022_cps,item_response_warehouse,12,9567,5,114804,1,FALSE,"Opinion/attitude, Affective/mental health",Opinion/attitude,affective/opinion,Likert Scale/selected response,Survey/questionnaire,Claremont Purpose Scale,10.17605/osf.io/jqzbx,CC BY 4.0
mpsycho_bsss,item_response_warehouse,8,1626,5,13008,1,FALSE,Behavioral,Behavioral,other,Likert Scale/selected response,Survey/questionnaire,Brief Sensation Seeking Scale Questions (BSSS-8),10.1016/s0191-8869(01)00032-0,GPL-2.0
narqing,item_response_warehouse,40,1248,6,49920,1,FALSE,"Personality, Opinion/attitude",Personality,affective/opinion,Likert Scale/selected response,Survey/questionnaire,Narcissistic Admiration and Rivalry Questionnaire (NARQ),10.31234/osf.io/w3rxe,CC BY 4.0
lessr_mach4,item_response_warehouse,20,351,6,7020,1,FALSE,Cognitive/educational,Cognitive/educational,cognitive,Likert Scale/selected response,Survey/questionnaire,Machiavellian beliefs and personality: Construct invalidity of the Machiavellianism dimension,10.1037/0022-3514.43.6.1293,GPL-3.0
sds,item_response_warehouse,13,473,6,6149,1,FALSE,NA,NA,other,NA,NA,Symptom Distress Scale,na,GPL-3.0
si09_sirt,item_response_warehouse,12,5201,7,62412,1,FALSE,Behavioral,Behavioral,other,Likert Scale/selected response,Survey/questionnaire,Employee-helping behavior across 8 countries.,10.3389/fpsyg.2019.01507,GPL-3.0
alsecypiamh_wu_2022_mil,item_response_warehouse,10,7842,7,78420,1,FALSE,Affective/mental health,Affective/mental health,affective/opinion,Likert Scale/selected response,Survey/questionnaire,Meaning of Life,10.17605/osf.io/jqzbx,CC BY 4.0
motacademica_ribeiro_2019,item_response_warehouse,29,1157,7,33553,1,FALSE,Cognitive/educational,Cognitive/educational,cognitive,Likert Scale/selected response,Survey/questionnaire,Replication Data for: Academic Motivation Scale: Validity in Portuguese Public Higher Education,10.7910/dvn/kwtmwt,CC0 1.0
bps_boredom_bieleke2022,item_response_warehouse,8,636,7,5088,1,FALSE,Behavioral,Behavioral,other,Likert Scale/selected response,Survey/questionnaire,Boredom Avoidance and Escape Scale,10.1098/rsos.211998,CC BY 4.0
bae_boredom_bieleke2022,item_response_warehouse,17,636,7,10812,1,FALSE,Behavioral,Behavioral,other,Likert Scale/selected response,Survey/questionnaire,Boredom Avoidance and Escape Scale,10.1098/rsos.211998,CC BY 4.0
ada_boredom_bieleke2022,item_response_warehouse,10,636,7,6360,1,FALSE,Behavioral,Behavioral,other,Likert Scale/selected response,Survey/questionnaire,Dealing with Boredom Scale,10.1098/rsos.211998,CC BY 4.0
nas_rogoza_2024_study1,item_response_warehouse,30,369,7,11070,1,FALSE,Personality,Personality,affective/opinion,Likert Scale/selected response,Survey/questionnaire,Narcissistic Antagonism Scale (NAS),10.1037/pas0001344,CC0 1.0
nas_rogoza_2024_study2_nvs,item_response_warehouse,11,353,7,3883,1,FALSE,"Personality, Opinion/attitude",Personality,affective/opinion,Likert Scale/selected response,Survey/questionnaire,"Narcissistic Antagonism Scale (NAS), Narcissistic Grandiosity Scale (NGS), Narcissistic Vulnerability Scale (NVS): Three-Factor Structure",10.1037/pas0001344,CC0 1.0
nas_rogoza_2024_study2_ngs,item_response_warehouse,13,353,7,4589,1,FALSE,"Personality, Opinion/attitude",Personality,affective/opinion,Likert Scale/selected response,Survey/questionnaire,Narcissistic Grandiosity Scale (NGS) — Three-Factor Structure,10.1037/pas0001344,CC0 1.0
nas_rogoza_2024_study2_nas,item_response_warehouse,18,353,7,6354,1,FALSE,"Personality, Opinion/attitude",Personality,affective/opinion,Likert Scale/selected response,Survey/questionnaire,"NAS Three-Factor Structure (with NGS, NVS)",10.1037/pas0001344,CC0 1.0
imos_2016,item_response_warehouse,6,602,8,3612,1,FALSE,Cognitive/educational,Cognitive/educational,cognitive,Likert Scale/selected response,Test,International Math Olympiad problems,na,CC0 1.0
imos_2004,item_response_warehouse,6,486,8,2916,1,FALSE,Cognitive/educational,Cognitive/educational,cognitive,Likert Scale/selected response,Test,International Math Olympiad problems,na,CC0 1.0
imos_2003,item_response_warehouse,6,457,8,2742,1,FALSE,Cognitive/educational,Cognitive/educational,cognitive,Likert Scale/selected response,Test,International Math Olympiad problems,na,CC0 1.0
imos_2005,item_response_warehouse,6,513,8,3078,1,FALSE,Cognitive/educational,Cognitive/educational,cognitive,Likert Scale/selected response,Test,International Math Olympiad problems,na,CC0 1.0
imos_1992,item_response_warehouse,6,350,8,2100,1,FALSE,Cognitive/educational,Cognitive/educational,cognitive,Likert Scale/selected response,Test,International Math Olympiad problems,na,CC0 1.0
imos_2014,item_response_warehouse,6,560,8,3360,1,FALSE,Cognitive/educational,Cognitive/educational,cognitive,Likert Scale/selected response,Test,International Math Olympiad problems,na,CC0 1.0
imos_2015,item_response_warehouse,6,577,8,3462,1,FALSE,Cognitive/educational,Cognitive/educational,cognitive,Likert Scale/selected response,Test,International Math Olympiad problems,na,CC0 1.0
imos_2006,item_response_warehouse,6,498,8,2988,1,FALSE,Cognitive/educational,Cognitive/educational,cognitive,Likert Scale/selected response,Test,International Math Olympiad problems,na,CC0 1.0
imos_2007,item_response_warehouse,6,520,8,3120,1,FALSE,Cognitive/educational,Cognitive/educational,cognitive,Likert Scale/selected response,Test,International Math Olympiad problems,na,CC0 1.0
imos_1999,item_response_warehouse,6,450,8,2700,1,FALSE,Cognitive/educational,Cognitive/educational,cognitive,Likert Scale/selected response,Test,International Math Olympiad problems,na,CC0 1.0
imos_2002,item_response_warehouse,6,479,8,2874,1,FALSE,Cognitive/educational,Cognitive/educational,cognitive,Likert Scale/selected response,Test,International Math Olympiad problems,na,CC0 1.0
imos_2017,item_response_warehouse,6,615,8,3690,1,FALSE,Cognitive/educational,Cognitive/educational,cognitive,Likert Scale/selected response,Test,International Math Olympiad problems,na,CC0 1.0
imos_2000,item_response_warehouse,6,461,8,2766,1,FALSE,Cognitive/educational,Cognitive/educational,cognitive,Likert Scale/selected response,Test,International Math Olympiad problems,na,CC0 1.0
imos_2013,item_response_warehouse,6,527,8,3162,1,FALSE,Cognitive/educational,Cognitive/educational,cognitive,Likert Scale/selected response,Test,International Math Olympiad problems,na,CC0 1.0
imos_1993,item_response_warehouse,6,413,8,2478,1,FALSE,Cognitive/educational,Cognitive/educational,cognitive,Likert Scale/selected response,Test,International Math Olympiad problems,na,CC0 1.0
imos_2009,item_response_warehouse,6,565,8,3390,1,FALSE,Cognitive/educational,Cognitive/educational,cognitive,Likert Scale/selected response,Test,International Math Olympiad problems,na,CC0 1.0
imos_2001,item_response_warehouse,6,473,8,2838,1,FALSE,Cognitive/educational,Cognitive/educational,cognitive,Likert Scale/selected response,Test,International Math Olympiad problems,na,CC0 1.0
imos_1991,item_response_warehouse,6,312,8,1872,1,FALSE,Cognitive/educational,Cognitive/educational,cognitive,Likert Scale/selected response,Test,International Math Olympiad problems,na,CC0 1.0
imos_1990,item_response_warehouse,6,308,8,1848,1,FALSE,Cognitive/educational,Cognitive/educational,cognitive,Likert Scale/selected response,Test,International Math Olympiad problems,na,CC0 1.0
imos_1998,item_response_warehouse,6,419,8,2514,1,FALSE,Cognitive/educational,Cognitive/educational,cognitive,Likert Scale/selected response,Test,International Math Olympiad problems,na,CC0 1.0
imos_2010,item_response_warehouse,6,516,8,3096,1,FALSE,Cognitive/educational,Cognitive/educational,cognitive,Likert Scale/selected response,Test,International Math Olympiad problems,na,CC0 1.0
imos_2008,item_response_warehouse,6,535,8,3210,1,FALSE,Cognitive/educational,Cognitive/educational,cognitive,Likert Scale/selected response,Test,International Math Olympiad problems,na,CC0 1.0
imos_1994,item_response_warehouse,6,385,8,2310,1,FALSE,Cognitive/educational,Cognitive/educational,cognitive,Likert Scale/selected response,Test,International Math Olympiad problems,na,CC0 1.0
imos_2012,item_response_warehouse,6,547,8,3282,1,FALSE,Cognitive/educational,Cognitive/educational,cognitive,Likert Scale/selected response,Test,International Math Olympiad problems,na,CC0 1.0
imos_1997,item_response_warehouse,6,460,8,2760,1,FALSE,Cognitive/educational,Cognitive/educational,cognitive,Likert Scale/selected response,Test,International Math Olympiad problems,na,CC0 1.0
imos_1995,item_response_warehouse,6,412,8,2472,1,FALSE,Cognitive/educational,Cognitive/educational,cognitive,Likert Scale/selected response,Test,International Math Olympiad problems,na,CC0 1.0
imos_1996,item_response_warehouse,6,424,8,2544,1,FALSE,Cognitive/educational,Cognitive/educational,cognitive,Likert Scale/selected response,Test,International Math Olympiad problems,na,CC0 1.0
imos_2011,item_response_warehouse,6,563,8,3378,1,FALSE,Cognitive/educational,Cognitive/educational,cognitive,Likert Scale/selected response,Test,International Math Olympiad problems,na,CC0 1.0
pechorro_impulsivity_2021_bes,item_response_warehouse,7,429,5,3003,1,FALSE,"Affective/mental health, Cognitive/educational",Affective/mental health,affective/opinion,Likert Scale/selected response,Survey/questionnaire,Basic Empathy Scale,10.1371/journal.pone.0260621,CC BY 4.0
sned_bendall_2024,item_response_warehouse,6,801,10,4806,1,FALSE,Other,Other,other,Likert Scale/selected response,Observational rating,The Salford Nature Environments Database (SNED),10.3758/s13428-024-02556-4,CC0 1.0
rrca_mcneish_2025_bdi,item_response_warehouse,21,1040,4,21840,1,FALSE,Affective/mental health,Affective/mental health,affective/opinion,Likert Scale/selected response,Survey/questionnaire,Beck’s Depression Inventory,10.3758/s13428-025-02611-8,CC BY 4.0
gcbs_brotherton_2013_tipi,item_response_warehouse,10,2495,8,24950,1,FALSE,Personality,Personality,affective/opinion,Likert Scale/selected response,Survey/questionnaire,Ten Item Personality Inventory,10.3389/fpsyg.2013.00279,CC BY 4.0
gcbs_brotherton_2013,item_response_warehouse,15,2495,6,37425,1,FALSE,Opinion/attitude,Opinion/attitude,affective/opinion,Likert Scale/selected response,Survey/questionnaire,Generic Conspiracist Beliefs Scale,10.3389/fpsyg.2013.00279,CC BY 4.0
wang_onlineriskexp_2025,item_response_warehouse,16,986,5,15776,1,FALSE,Behavioral,Behavioral,other,Likert Scale/selected response,Survey/questionnaire,Online risk exposure scale,10.1371/journal.pone.0319700,CC BY 4.0
wang_onlineriskexp_2025_anxiety,item_response_warehouse,7,986,4,6902,1,FALSE,Affective/mental health,Affective/mental health,affective/opinion,Likert Scale/selected response,Survey/questionnaire,Anxiety scale,10.1371/journal.pone.0319700,CC BY 4.0
mgkt,item_response_warehouse,32,19218,11,614976,1,FALSE,Cognitive/educational,Cognitive/educational,cognitive,Likert Scale/selected response,Test,Multifactor General Knowledge Test,na,CC BY 4.0
machivallianism_test_main,item_response_warehouse,20,73486,5,1469720,1,FALSE,"Cognitive/educational, Behavioral",Cognitive/educational,cognitive,Likert Scale/selected response,Test,20-question MACH-IV scale,na,CC BY 4.0
fullscaleiq_vocab,item_response_warehouse,7,3194,9,22358,1,FALSE,Cognitive/educational,Cognitive/educational,cognitive,Likert Scale/selected response,Test,"Full Scale IQ Test (Short-Term Memory, Reasoning, and Verbal)",10.1016/j.neuron.2012.06.022,CC BY 4.0
fullscaleiq_mentalrotation,item_response_warehouse,6,3194,11,19164,1,FALSE,Cognitive/educational,Cognitive/educational,cognitive,Likert Scale/selected response,Test,"Full Scale IQ Test (Short-Term Memory, Reasoning, and Verbal)",10.1016/j.neuron.2012.06.022,CC BY 4.0
fullscaleiq_memory,item_response_warehouse,6,3194,11,19164,1,FALSE,Cognitive/educational,Cognitive/educational,cognitive,Likert Scale/selected response,Test,"Full Scale IQ Test (Short-Term Memory, Reasoning, and Verbal)",10.1016/j.neuron.2012.06.022,CC BY 4.0
shu_2025_translation_pcd,item_response_warehouse,16,1054,9,16864,1,FALSE,"Affective/mental health, Opinion/attitude",Affective/mental health,affective/opinion,Likert Scale/selected response,Survey/questionnaire,Professional Commitment and Devotion,10.1371/journal.pone.0318101,CC BY 4.0
shu_2025_translation_mcpis,item_response_warehouse,9,1054,5,9486,1,FALSE,"Affective/mental health, Opinion/attitude",Affective/mental health,affective/opinion,Likert Scale/selected response,Survey/questionnaire,MacLeod Clark Professional Identity,10.1371/journal.pone.0318101,CC BY 4.0
shu_2025_translation_eib,item_response_warehouse,7,1054,9,7378,1,FALSE,"Affective/mental health, Opinion/attitude",Affective/mental health,affective/opinion,Likert Scale/selected response,Survey/questionnaire,Emotional Identification and Belongingness,10.1371/journal.pone.0318101,CC BY 4.0
envirisk_lalot_2025,item_response_warehouse,12,2005,11,24060,1,FALSE,Opinion/attitude,Opinion/attitude,affective/opinion,Likert Scale/selected response,Survey/questionnaire,Environmental risk perception,10.1016/j.jenvp.2025.102520,CC BY 4.0
sbd_smith_2020,item_response_warehouse,22,302,11,6644,1,FALSE,Affective/mental health,Affective/mental health,affective/opinion,Likert Scale/selected response,Survey/questionnaire,Bipolar Self-Efficacy Scale (BPSES),10.17605/osf.io/c4v7g,CC BY 4.0
erf_breuer_2017_tai,item_response_warehouse,15,433,4,6495,1,FALSE,"Cognitive/educational, Affective/mental health",Cognitive/educational,cognitive,Likert Scale/selected response,Survey/questionnaire,Short Form of the Test Anxiety Inventory–German Version (TAI-G),10.3389/feduc.2020.00015,CC BY 4.0
pechorro_impulsivity_2021_ypitris,item_response_warehouse,21,429,4,9009,1,FALSE,Personality,Personality,affective/opinion,Likert Scale/selected response,Survey/questionnaire,Youth Psychopathic Traits Inventory–Triarchic–Short,10.1371/journal.pone.0260621,CC BY 4.0
gad_brummerhoffman_2021,item_response_warehouse,35,1828,4,63980,1,TRUE,Affective/mental health,Affective/mental health,affective/opinion,Likert Scale/selected response,Survey/questionnaire,"Depression and anxiety question framing: The impact of asking about symptom's frequency, context, duration, ability and botherement - generalized anxiety disorder",10.1037/pas0001323,CC BY 4.0
rrca_mcneish_2025_exp,item_response_warehouse,8,386,4,3088,1,FALSE,Cognitive/educational,Cognitive/educational,cognitive,Likert Scale/selected response,Observational rating,Measure of Original Thinking in Elementary School - Example Subscale,10.3758/s13428-025-02611-8,CC BY 4.0
rrca_mcneish_2025_sen,item_response_warehouse,8,386,4,3088,1,FALSE,Cognitive/educational,Cognitive/educational,cognitive,Likert Scale/selected response,Observational rating,Measure of Original Thinking in Elementary School - Sentence Subscale,10.3758/s13428-025-02611-8,CC BY 4.0
rd_ppcvdos_padconacns_jinbo_2019_dos,item_response_warehouse,10,1075,4,10750,1,FALSE,"Behavioral, Physical health/functioning",Behavioral,other,Likert Scale/selected response,Survey/questionnaire,Duesseldorf Orthorexia Scale,10.7910/dvn/f4uyzq,CC0 1.0
heard_roch_2022_cope,item_response_warehouse,24,600,4,14400,1,FALSE,Affective/mental health,Affective/mental health,affective/opinion,Likert Scale/selected response,Survey/questionnaire,Coping scale asked of refugees,10.31219/osf.io/vq3ty,CC BY 4.0
rosenberg_selfesteem,item_response_warehouse,10,47974,4,479740,1,FALSE,"Personality, Behavioral",Personality,affective/opinion,Likert Scale/selected response,Test,Rosenberg Self Esteem Scale,na,CC BY 4.0
rrca_mcneish_2025_use,item_response_warehouse,8,386,4,3088,1,FALSE,Cognitive/educational,Cognitive/educational,cognitive,Likert Scale/selected response,Observational rating,Measure of Original Thinking in Elementary School - Use Subscale,10.3758/s13428-025-02611-8,CC BY 4.0
sexual_compulsivity,item_response_warehouse,10,3376,4,33760,1,FALSE,Physical health/functioning,Physical health/functioning,other,Likert Scale/selected response,Survey/questionnaire,Sexual Compulsivity Scale,na,CC BY 4.0
mindfulness_assessment,item_response_warehouse,39,601,5,23439,1,FALSE,Cognitive/educational,Cognitive/educational,cognitive,Likert Scale/selected response,Survey/questionnaire,Kentucky Inventory of Mindfulness Skills Assessment,10.1177/1073191104268029,CC BY 4.0
genpsych_russell_2024_gpt3_5,item_response_warehouse,31,1001,5,31031,1,FALSE,Personality,Personality,affective/opinion,Likert Scale/selected response,Survey/questionnaire,Big Five,10.31234/osf.io/fgbj4,CC0 1.0
genpsych_russell_2024_gemma,item_response_warehouse,28,1001,5,28028,1,FALSE,Personality,Personality,affective/opinion,Likert Scale/selected response,Survey/questionnaire,Big Five,10.31234/osf.io/fgbj4,CC0 1.0
genpsych_russell_2024_mixtral,item_response_warehouse,32,998,5,31936,1,FALSE,Personality,Personality,affective/opinion,Likert Scale/selected response,Survey/questionnaire,Big Five,10.31234/osf.io/fgbj4,CC0 1.0
genpsych_russell_2024_llama3,item_response_warehouse,30,1001,5,30030,1,FALSE,Personality,Personality,affective/opinion,Likert Scale/selected response,Survey/questionnaire,Big Five,10.31234/osf.io/fgbj4,CC0 1.0
genpsych_russell_2024_gpt4o,item_response_warehouse,35,999,5,34965,1,FALSE,Personality,Personality,affective/opinion,Likert Scale/selected response,Survey/questionnaire,Big Five,10.31234/osf.io/fgbj4,CC0 1.0
qol_islam_2025,item_response_warehouse,26,1147,5,29822,1,FALSE,"Affective/mental health, Physical health/functioning",Affective/mental health,affective/opinion,Likert Scale/selected response,Survey/questionnaire,Gender difference in domain-specific quality of life measured by modified WHOQoL-BREF questionnaire and their associated factors among older adults in a rural district in Bangladesh,10.1371/journal.pone.0317113.t001,CC BY 4.0
dvivdtws_ppmial_marcatto_2023_cwb,item_response_warehouse,22,553,5,12166,1,FALSE,"Behavioral, Opinion/attitude",Behavioral,other,Likert Scale/selected response,Survey/questionnaire,Counterproductive Work Behavior Items (CWB),10.1371/journal.pone.0298880,CC BY 4.0
dvivdtws_ppmial_marcatto_2023_ocb,item_response_warehouse,22,553,5,12166,1,FALSE,"Behavioral, Opinion/attitude",Behavioral,other,Likert Scale/selected response,Survey/questionnaire,Organizational Citizenship Behavior (OCB) Items,10.1371/journal.pone.0298880,CC BY 4.0
dvivdtws_ppmial_marcatto_2023_snaq,item_response_warehouse,22,553,5,12166,1,FALSE,"Opinion/attitude, Behavioral",Opinion/attitude,affective/opinion,Likert Scale/selected response,Survey/questionnaire,Short Negative Acts Questionnaire (SNAQ),10.1371/journal.pone.0298880,CC BY 4.0
dvivdtws_ppmial_marcatto_2023_ocs,item_response_warehouse,22,553,5,12166,1,FALSE,Opinion/attitude,Opinion/attitude,affective/opinion,Likert Scale/selected response,Survey/questionnaire,Dark Tetrad at Work (DTW) scale,10.1371/journal.pone.0298880,CC BY 4.0
dvivdtws_ppmial_marcatto_2023_dtw,item_response_warehouse,22,553,5,12166,1,FALSE,"Opinion/attitude, Personality",Opinion/attitude,affective/opinion,Likert Scale/selected response,Survey/questionnaire,Dark Tetrad at Work (DTW),10.1371/journal.pone.0298880,CC BY 4.0
erf_breuer_2017_dosp,item_response_warehouse,9,433,5,3897,1,FALSE,"Opinion/attitude, Personality",Opinion/attitude,affective/opinion,Likert Scale/selected response,Survey/questionnaire,"Domain-Specific Risk-Taking Scale, German Version (DOSP)",10.3389/feduc.2020.00015,CC BY 4.0
bfi_goldberg_1992_openness_to_experience,item_response_warehouse,10,19719,5,197190,1,FALSE,Personality,Personality,affective/opinion,Likert Scale/selected response,Survey/questionnaire,Big Five Inventory: Openness to Experience,10.1037/1040-3590.4.1.26,CC BY 4.0
bfi_goldberg_1992_extraversion,item_response_warehouse,10,19719,5,197190,1,FALSE,Personality,Personality,affective/opinion,Likert Scale/selected response,Survey/questionnaire,Big Five Inventory: Extraversion,10.1037/1040-3590.4.1.26,CC BY 4.0
bfi_goldberg_1992_agreeableness,item_response_warehouse,10,19719,5,197190,1,FALSE,Personality,Personality,affective/opinion,Likert Scale/selected response,Survey/questionnaire,Big Five Inventory: Agreeableness,10.1037/1040-3590.4.1.26,CC BY 4.0
bfi_goldberg_1992_neuroticism,item_response_warehouse,10,19719,5,197190,1,FALSE,Personality,Personality,affective/opinion,Likert Scale/selected response,Survey/questionnaire,Big Five Inventory: Neuroticism,10.1037/1040-3590.4.1.26,CC BY 4.0
bfi_goldberg_1992_conscientiousness,item_response_warehouse,10,19719,5,197190,1,FALSE,Personality,Personality,affective/opinion,Likert Scale/selected response,Survey/questionnaire,Big Five Inventory: Conscientiousness,10.1037/1040-3590.4.1.26,CC BY 4.0
scs_suh_2023_siaps,item_response_warehouse,12,361,5,4332,1,FALSE,Affective/mental health,Affective/mental health,affective/opinion,Likert Scale/selected response,Survey/questionnaire,Social Phobia Scale and Social Interaction Anxiety Scale,10.1007/s41811-024-00214-3,CC BY 4.0
sat12_wilson_2003,item_response_warehouse,32,600,5,19200,1,FALSE,Cognitive/educational,Cognitive/educational,cognitive,Likert Scale/selected response,Test,grade 12 science assessment test (SAT),na,GPL-3.0
chexi_lin_2019,item_response_warehouse,24,2212,5,53088,1,FALSE,Cognitive/educational,Cognitive/educational,cognitive,Mixed,Observational rating,TC-CHEXI,10.7910/dvn/yrleay,CC0 1.0
promispfue_2_0e_gershon_2019_promis,item_response_warehouse,34,600,5,20400,1,FALSE,Physical health/functioning,Physical health/functioning,other,Likert Scale/selected response,Survey/questionnaire,PROMIS Physical Function Upper Extremity v2.0 Extension,10.7910/dvn/ihnirh,CC0 1.0
grit,item_response_warehouse,12,3162,5,37944,1,FALSE,"Personality, Cognitive/educational",Personality,affective/opinion,Likert Scale/selected response,Survey/questionnaire,Short Grit Scale,10.1037/0022-3514.92.6.1087,CC BY 4.0
heard_roch_2022_k6,item_response_warehouse,6,600,5,3600,1,FALSE,Affective/mental health,Affective/mental health,affective/opinion,Likert Scale/selected response,Survey/questionnaire,KESS depression scale in last 2 weeks asked of refugees,10.31219/osf.io/vq3ty,CC BY 4.0
mft_validationandreplication,item_response_warehouse,36,835,5,30060,1,FALSE,Opinion/attitude,Opinion/attitude,affective/opinion,Likert Scale/selected response,Survey/questionnaire,"Moral Foundations Questionnaire, MFQ-2",10.1016/j.paid.2023.112339,CC BY 4.0
heard_roch_2022_idss,item_response_warehouse,12,600,5,7200,1,FALSE,Affective/mental health,Affective/mental health,affective/opinion,Likert Scale/selected response,Survey/questionnaire,International Depression Symptom Scale (IDSS) asked of refugees,10.31219/osf.io/vq3ty,CC BY 4.0
heard_roch_2022_whodas,item_response_warehouse,12,600,5,7200,1,FALSE,Affective/mental health,Affective/mental health,affective/opinion,Likert Scale/selected response,Survey/questionnaire,Difficulties due to health conditions asked of refugees,10.31219/osf.io/vq3ty,CC BY 4.0
faces_spanish_vegas_2022_fss,item_response_warehouse,10,1196,5,11960,1,FALSE,Other,Other,other,Likert Scale/selected response,Survey/questionnaire,family satisfaction scale (fss),10.7910/dvn/ua5gto,CC0 1.0
short_dark_triad,item_response_warehouse,27,18192,5,491184,1,FALSE,Personality,Personality,affective/opinion,Likert Scale/selected response,Survey/questionnaire,Short Dark Triad (SD3),10.1177/1073191113514105,CC BY 4.0
wmd_bartczuk_2023,item_response_warehouse,24,539,5,12936,1,FALSE,Behavioral,Behavioral,other,Likert Scale/selected response,Survey/questionnaire,Work Moral Disengagement Scale (WMDS),10.31234/osf.io/rgy4a,CC BY 4.0
sabfi2_gallardo_pujol_2018_religionscale,item_response_warehouse,17,419,5,7123,1,FALSE,NA,NA,other,NA,NA,Centrality of religion scale,10.1027/2698-1866/a000020,CC BY 4.0
close_relationships,item_response_warehouse,36,51491,5,1853676,1,FALSE,Affective/mental health,Affective/mental health,affective/opinion,Likert Scale/selected response,Survey/questionnaire,Experiences in Close Relationships Scale,na,CC BY 4.0
vei_brazillian_shiramizu_2018_iri,item_response_warehouse,28,698,5,19544,1,FALSE,"Affective/mental health, Cognitive/educational",Affective/mental health,affective/opinion,Likert Scale/selected response,Survey/questionnaire,Interpersonal Reactivity Index (IRI),10.31234/osf.io/zwu26,CC BY 4.0
hypersensitive_narcissism,item_response_warehouse,22,53981,5,1187582,1,FALSE,Cognitive/educational,Cognitive/educational,cognitive,Likert Scale/selected response,Test,Open Hemispheric Brain Dominance Scale,na,CC BY 4.0
consideration_future_consequences,item_response_warehouse,12,15035,5,180420,1,FALSE,Behavioral,Behavioral,other,Likert Scale/selected response,Test,Experiences in Close Relationships Scale,na,CC BY 4.0
lshs-e_quidaja_2022,item_response_warehouse,16,2664,5,42624,1,FALSE,Affective/mental health,Affective/mental health,affective/opinion,Likert Scale/selected response,Survey/questionnaire,Hallucination Proneness Scale.,10.1007/s12144-021-02497-7,CC BY 4.0
vei_brazillian_shiramizu_2018_ei,item_response_warehouse,14,698,5,9772,1,FALSE,"Behavioral, Affective/mental health",Behavioral,other,Likert Scale/selected response,Survey/questionnaire,Empathy Index (EI),10.31234/osf.io/zwu26,CC BY 4.0
humor_styles,item_response_warehouse,32,1071,5,34272,1,FALSE,Personality,Personality,affective/opinion,Likert Scale/selected response,Survey/questionnaire,Humor Styles Questionnaire,10.1016/s0092-6566(02)00534-2,CC BY 4.0
disgust_berger2014,item_response_warehouse,25,1414,5,35350,1,FALSE,Affective/mental health,Affective/mental health,affective/opinion,Likert Scale/selected response,Survey/questionnaire,Berger and Anaki disgust scale,10.5334/jopd.ag,CC0 1.0
singh_2025_identity_irs,item_response_warehouse,10,1470,5,14700,1,FALSE,NA,[untagged],untagged,NA,NA,NA,10.1371/journal.pone.0318449,CC BY 4.0
singh_2025_identity_grit,item_response_warehouse,8,1470,5,11760,1,FALSE,NA,[untagged],untagged,NA,NA,NA,10.1371/journal.pone.0318449,CC BY 4.0
singh_2025_identity_pss,item_response_warehouse,10,1470,5,14700,1,FALSE,"Opinion/attitude, Affective/mental health",Opinion/attitude,affective/opinion,Likert Scale/selected response,Survey/questionnaire,Stress,10.1371/journal.pone.0318449,CC BY 4.0
singh_2025_identity_cse,item_response_warehouse,16,1470,5,23520,1,FALSE,NA,[untagged],untagged,NA,NA,NA,10.1371/journal.pone.0318449,CC BY 4.0
singh_2025_identity_pba,item_response_warehouse,11,1470,5,16170,1,FALSE,"Opinion/attitude, Affective/mental health",Opinion/attitude,affective/opinion,Likert Scale/selected response,Survey/questionnaire,Avoidance,10.1371/journal.pone.0318449,CC BY 4.0
brain_hemisphere,item_response_warehouse,20,29544,5,590880,1,FALSE,Cognitive/educational,Cognitive/educational,cognitive,Likert Scale/selected response,Survey/questionnaire,Open Hemispheric Brain Dominance Scale,na,CC BY 4.0
ffm_ext,item_response_warehouse,10,1015341,5,10153410,1,FALSE,Cognitive/educational,Cognitive/educational,cognitive,Likert Scale/selected response,Test,Big Five Personality Test,10.1037/1040-3590.4.1.26,CC BY 4.0
ffm_est,item_response_warehouse,10,1015341,5,10153410,1,FALSE,Personality,Personality,affective/opinion,Likert Scale/selected response,Survey/questionnaire,Big Five Personality Test -Emotional Stability,10.1037/1040-3590.4.1.26,CC BY 4.0
ffm_opn,item_response_warehouse,10,1015341,5,10153410,1,FALSE,Personality,Personality,affective/opinion,Likert Scale/selected response,Survey/questionnaire,Big Five Personality Test -Openness,10.1037/1040-3590.4.1.26,CC BY 4.0
ffm_csn,item_response_warehouse,10,1015341,5,10153410,1,FALSE,Personality,Personality,affective/opinion,Likert Scale/selected response,Survey/questionnaire,Big Five Personality Test -Conscientiousness,10.1037/1040-3590.4.1.26,CC BY 4.0
ffm_agr,item_response_warehouse,10,1015341,5,10153410,1,FALSE,Personality,Personality,affective/opinion,Likert Scale/selected response,Survey/questionnaire,Big Five Personality Test -Agreeableness,10.1037/1040-3590.4.1.26,CC BY 4.0
promispme_forrest_2021_ghglobal_children,item_response_warehouse,18,3635,6,65430,1,FALSE,Physical health/functioning,Physical health/functioning,other,Likert Scale/selected response,Survey/questionnaire,PROMIS Pediatric Global Health (PGH-7),10.7910/dvn/qoo7qx,CC0 1.0
dsgi_brinkmann_2022,item_response_warehouse,36,469,6,16884,1,FALSE,Other,Other,other,Likert Scale/selected response,Survey/questionnaire,Dutch Sensory Gating Inventory,10.1080/23279095.2023.2235453,CC BY-NC 4.0
promispme_forrest_2021_ghglobal_proxy,item_response_warehouse,21,1807,6,37947,1,FALSE,Physical health/functioning,Physical health/functioning,other,Likert Scale/selected response,Survey/questionnaire,"PROMIS Pediatric Global Health (PGH-7), proxy respondent",10.7910/dvn/qoo7qx,CC0 1.0
singh_2025_identity_pds,item_response_warehouse,9,1470,6,13230,1,FALSE,"Opinion/attitude, Affective/mental health",Opinion/attitude,affective/opinion,Likert Scale/selected response,Survey/questionnaire,NA,10.1371/journal.pone.0318449,CC BY 4.0
een_lacey_2024_parent,item_response_warehouse,24,2485,6,59640,1,FALSE,Affective/mental health,Affective/mental health,affective/opinion,Likert Scale/selected response,Survey/questionnaire,Willingness to Seek Mental Health Treatment,10.1002/pam.22643,CC BY 4.0
hexaco_ashton_2014_e,item_response_warehouse,40,22786,7,911440,1,FALSE,Personality,Personality,affective/opinion,Likert Scale/selected response,Survey/questionnaire,HEXACO Personality Inventory: Emotionality (E) Facets,na,CC BY 4.0
hexaco_ashton_2014_h,item_response_warehouse,40,22786,7,911440,1,FALSE,Personality,Personality,affective/opinion,Likert Scale/selected response,Survey/questionnaire,HEXACO Personality Inventory: Honesty-Humility (H) Facets,na,CC BY 4.0
hexaco_ashton_2014_a,item_response_warehouse,40,22786,7,911440,1,FALSE,Personality,Personality,affective/opinion,Likert Scale/selected response,Survey/questionnaire,HEXACO Personality Inventory: Agreeableness (A) Facets,na,CC BY 4.0
hexaco_ashton_2014_x,item_response_warehouse,40,22786,7,911440,1,FALSE,Personality,Personality,affective/opinion,Likert Scale/selected response,Survey/questionnaire,HEXACO Personality Inventory: Extraversion (X) Facets,na,CC BY 4.0
hexaco_ashton_2014_c,item_response_warehouse,40,22786,7,911440,1,FALSE,Personality,Personality,affective/opinion,Likert Scale/selected response,Survey/questionnaire,HEXACO Personality Inventory: Conscientiousness (C) Facets,na,CC BY 4.0
hexaco_ashton_2014_o,item_response_warehouse,40,22786,7,911440,1,FALSE,Personality,Personality,affective/opinion,Likert Scale/selected response,Survey/questionnaire,HEXACO Personality Inventory: Openness to Experience (O) Facets,na,CC BY 4.0
facit_yount_2021_crqsasx,item_response_warehouse,20,608,7,12160,1,TRUE,"Physical health/functioning, Affective/mental health",Physical health/functioning,other,Likert Scale/selected response,Survey/questionnaire,Chronic Respiratory Questionnaire,10.7910/dvn/ibfk5h,CC0 1.0
psr-p_scale_intimacy_hakim_2018_study3,item_response_warehouse,24,897,7,21528,1,FALSE,Opinion/attitude,Opinion/attitude,affective/opinion,Likert Scale/selected response,Survey/questionnaire,parasocial relationship with political figures (PSR-P),10.7910/dvn/f3ks7m,CC0 1.0
vsocfp_sebo_2024,item_response_warehouse,8,794,7,6352,1,FALSE,Affective/mental health,Affective/mental health,affective/opinion,Likert Scale/selected response,Survey/questionnaire,Sense of Coherence,10.17605/osf.io/pj5mr,CC BY 4.0
scs_suh_2023_scs,item_response_warehouse,30,681,7,20430,1,FALSE,Affective/mental health,Affective/mental health,affective/opinion,Likert Scale/selected response,Survey/questionnaire,"The 10-Item Version Singelis’s Self-Construal Scale (SCS-Short Version) for Korean Adults: Psychometric Properties, Measurement Invariance with European Americans, and Associations with Social Anxiety",10.1007/s41811-024-00214-3,CC BY 4.0
nature_relatedness,item_response_warehouse,32,1522,8,48704,1,FALSE,Opinion/attitude,Opinion/attitude,affective/opinion,Likert Scale/selected response,Survey/questionnaire,Nature Relatedness Scale,10.3389/fpsyg.2013.00813,CC BY 4.0
deception_professors,item_response_warehouse,21,568,83,11928,1,FALSE,Opinion/attitude,Opinion/attitude,affective/opinion,Mixed,Survey/questionnaire,The Importance of Being Honest,10.3758/s13428-019-01309-y,CC BY 4.0
neurodegenerative_huizinga_2019_vfq,item_response_warehouse,29,1461,6,42369,1,FALSE,Physical health/functioning,Physical health/functioning,other,Likert Scale/selected response,Survey/questionnaire,National Eye Institute Visual Function Questionnaire – 25 (NEI-VFQ-25),10.1371/journal.pone.0232232,CC0 1.0
neurodegenerative_huizinga_2019_dass,item_response_warehouse,21,1461,4,30681,1,FALSE,Affective/mental health,Affective/mental health,affective/opinion,Likert Scale/selected response,Survey/questionnaire,Depression Anxiety Stress Scale – 21 (DASS-21),10.1371/journal.pone.0232232,CC0 1.0
neurodegenerative_huizinga_2019_user,item_response_warehouse,21,1461,6,30681,1,FALSE,Behavioral,Behavioral,other,Likert Scale/selected response,Survey/questionnaire,Utrecht Scale for Evaluation of Rehabilitation-Participation (USER),10.1371/journal.pone.0232232,CC0 1.0
neurodegenerative_huizinga_2019_svc,item_response_warehouse,21,1461,11,30681,1,FALSE,Physical health/functioning,Physical health/functioning,other,Likert Scale/selected response,Survey/questionnaire,The Screening of Visual Complaints questionaire (SVC),10.1371/journal.pone.0232232,CC0 1.0
neurodegenerative_huizinga_2019_feda,item_response_warehouse,27,1461,5,39447,1,FALSE,Cognitive/educational,Cognitive/educational,cognitive,Likert Scale/selected response,Survey/questionnaire,The Questionnaire for Experiences of Attention Deficit (Fragebogen erlebter Defizite der Aufmerkzamkeit; FEDA),10.1371/journal.pone.0232232,CC0 1.0
fcv19s_hossain_2022_anxiety,item_response_warehouse_2,7,1317,4,9219,1,FALSE,Affective/mental health,Affective/mental health,affective/opinion,Likert Scale/selected response,Survey/questionnaire,GAD-7 to assess anxiety,10.26262/hjp.v19i1.8266,CC0 1.0
fcv19s_hossain_2022_fear,item_response_warehouse_2,7,1317,4,9219,1,FALSE,Affective/mental health,Affective/mental health,affective/opinion,Likert Scale/selected response,Survey/questionnaire,Fear of COVID-19,10.26262/hjp.v19i1.8266,CC0 1.0
rfq8_wozniakprus_2022,item_response_warehouse_2,8,538,7,4304,1,FALSE,Affective/mental health,Affective/mental health,affective/opinion,Likert Scale/selected response,Survey/questionnaire,Reflective Functioning Questionnaire (RFQ-8),10.1080/00223891.2021.2014505,CC0 1.0
shorttripm_silvia_2025,item_response_warehouse_2,15,1151,4,17265,1,FALSE,Personality,Personality,affective/opinion,Likert Scale/selected response,Survey/questionnaire,Short TriPM,10.31234/osf.io/uy9gb_v1,CC BY 4.0
sd4_silvia_2025,item_response_warehouse_2,28,530,5,14840,1,FALSE,Personality,Personality,affective/opinion,Likert Scale/selected response,Survey/questionnaire,Short Dark Tetrad Scale (SD4),10.31234/osf.io/uy9gb_v1,CC BY 4.0
cf_kay_2025,item_response_warehouse_2,11,492,7,5412,1,FALSE,Opinion/attitude,Opinion/attitude,affective/opinion,Likert Scale/selected response,Survey/questionnaire,Van Prooijen’s Coin Toss Task,10.1177/10731911251319933,CC BY 4.0
bcti21_kay_2025,item_response_warehouse_2,21,492,9,10332,1,FALSE,Opinion/attitude,Opinion/attitude,affective/opinion,Likert Scale/selected response,Survey/questionnaire,Belief in Conspiracy Theories Inventory-21 (BCTI-21),10.1177/10731911251319933,CC BY 4.0
pds_kay_2025,item_response_warehouse_2,10,492,7,4920,1,FALSE,Opinion/attitude,Opinion/attitude,affective/opinion,Likert Scale/selected response,Survey/questionnaire,Persecution and Deservedness Scale,10.1177/10731911251319933,CC BY 4.0
agn_kay_2025,item_response_warehouse_2,8,492,7,3936,1,FALSE,Opinion/attitude,Opinion/attitude,affective/opinion,Likert Scale/selected response,Survey/questionnaire,Agnew’s Anomie Scale,10.1177/10731911251319933,CC BY 4.0
spq_kay_2025,item_response_warehouse_2,7,492,7,3444,1,FALSE,Opinion/attitude,Opinion/attitude,affective/opinion,Likert Scale/selected response,Survey/questionnaire,Odd Beliefs subscale from the Schizotypal Personality Questionnaire,10.1177/10731911251319933,CC BY 4.0
nfc_kay_2025,item_response_warehouse_2,7,492,7,3444,1,FALSE,Opinion/attitude,Opinion/attitude,affective/opinion,Likert Scale/selected response,Survey/questionnaire,Need for Chaos Scale,10.1177/10731911251319933,CC BY 4.0
pcl5_xiong_2025,item_response_warehouse_2,20,9506,5,190120,1,FALSE,Affective/mental health,Affective/mental health,affective/opinion,Likert Scale/selected response,Survey/questionnaire,Posttraumatic stress disorder checklist for DSM-5 (PCL-5),10.1016/j.paid.2025.113343,CC BY 4.0
phq9_xiong_2025,item_response_warehouse_2,9,9506,4,85554,1,FALSE,Affective/mental health,Affective/mental health,affective/opinion,Likert Scale/selected response,Survey/questionnaire,Patient health questionnaire (PHQ-9),10.1016/j.paid.2025.113343,CC BY 4.0
ders16_xiong_2025,item_response_warehouse_2,16,9506,5,152096,1,FALSE,Affective/mental health,Affective/mental health,affective/opinion,Likert Scale/selected response,Survey/questionnaire,DERS-16(extracted from the Chinese version of Difficulties in Emotion Regulation Scale),10.1016/j.paid.2025.113343,CC BY 4.0
wellbeing_kocar_2025,item_response_warehouse_2,38,669,7,25422,1,FALSE,Affective/mental health,Affective/mental health,affective/opinion,Likert Scale/selected response,Survey/questionnaire,Student Well-Being Scale in Higher Education,na,CC0 1.0
climatechange_geiger_2025,item_response_warehouse_2,14,3653,101,51142,1,FALSE,Opinion/attitude,Opinion/attitude,affective/opinion,Mixed,Survey/questionnaire,Pluralistic Ignorance (Climate Change),10.1177/09567976251335585,CC BY 4.0
scs_2025_cfausatr,item_response_warehouse_2,12,670,5,8040,1,FALSE,Affective/mental health,Affective/mental health,affective/opinion,Likert Scale/selected response,Survey/questionnaire,Self-Compassion Scale,10.1186/s40359-025-03070-8,CC BY 4.0
scs_2025_cfanonclinic,item_response_warehouse_2,12,545,5,6540,1,FALSE,Affective/mental health,Affective/mental health,affective/opinion,Likert Scale/selected response,Survey/questionnaire,Self-Compassion Scale,10.1186/s40359-025-03070-8,CC BY 4.0
pezzuti_2025_coolpeople_main_collectivism_mexico_chile,item_response_warehouse_2,6,456,7,2736,1,FALSE,Opinion/attitude,Opinion/attitude,affective/opinion,Likert Scale/selected response,Survey/questionnaire,Collectivism,10.1037/xge0001799,CC BY 4.0
pezzuti_2025_coolpeople_main_tight_usa_chile,item_response_warehouse_2,6,1050,7,6300,1,FALSE,Opinion/attitude,Opinion/attitude,affective/opinion,Likert Scale/selected response,Survey/questionnaire,Tightness-Looseness,10.1037/xge0001799,CC BY 4.0
pezzuti_2025_coolpeople_main_collectivism_usa,item_response_warehouse_2,8,844,7,6752,1,FALSE,Opinion/attitude,Opinion/attitude,affective/opinion,Likert Scale/selected response,Survey/questionnaire,Collectivism,10.1037/xge0001799,CC BY 4.0
pezzuti_2025_coolpeople_main_individualism_usa,item_response_warehouse_2,8,844,7,6752,1,FALSE,Opinion/attitude,Opinion/attitude,affective/opinion,Likert Scale/selected response,Survey/questionnaire,Individualism,10.1037/xge0001799,CC BY 4.0
rosenberg_fadplus_goto2021,item_response_warehouse,10,802,4,8020,1,FALSE,Opinion/attitude,Opinion/attitude,affective/opinion,Likert Scale/selected response,Survey/questionnaire,Measure of Belief in Free Will and Determinism,10.3389/fpsyg.2021.720601,CC BY 4.0
bscs_fadplus_goto2021,item_response_warehouse,13,802,5,10426,1,FALSE,Opinion/attitude,Opinion/attitude,affective/opinion,Likert Scale/selected response,Survey/questionnaire,Measure of Belief in Free Will and Determinism,10.3389/fpsyg.2021.720601,CC BY 4.0
gbjw_fadplus_goto2021,item_response_warehouse,7,802,6,5614,1,FALSE,Cognitive/educational,Cognitive/educational,cognitive,Likert Scale/selected response,Survey/questionnaire,Psychometric properties of Japanese-translated scales of FAD-Plus,10.3389/fpsyg.2021.720601,CC BY 4.0
loc_fadplus_goto2021,item_response_warehouse,7,802,7,5614,1,FALSE,"Opinion/attitude, Personality",Opinion/attitude,affective/opinion,Likert Scale/selected response,Survey/questionnaire,Free Will and Determinism Beliefs in a Japanese Context,10.3389/fpsyg.2021.720601,CC BY 4.0
eeedprm_bulut_2021,item_response_warehouse,10,961,4,9610,1,FALSE,Cognitive/educational,Cognitive/educational,cognitive,Likert Scale/selected response,Survey/questionnaire,Rosenberg Self-Esteem Scale,10.3390/psych3030023,CC BY 4.0
cdm_mentalhealth_tan_2023_bsi,item_response_warehouse,17,719,5,12223,1,FALSE,Affective/mental health,Affective/mental health,affective/opinion,Likert Scale/selected response,Survey/questionnaire,Brief Symptom Inventory (BSI),10.1007/s11121-022-01346-8,CC BY 4.0
cdm_mentalhealth_tan_2023_rapi,item_response_warehouse,23,719,5,16537,1,FALSE,"Behavioral, Physical health/functioning",Behavioral,other,Likert Scale/selected response,Survey/questionnaire,Rutgers Alcohol Problem Index (RAPI),10.1007/s11121-022-01346-8,CC BY 4.0
lhsbrasil_couto_2023_lhs,item_response_warehouse_2,20,464,4,9280,1,FALSE,Affective/mental health,Affective/mental health,affective/opinion,Likert Scale/selected response,Survey/questionnaire,Learned Helplessness Scale,10.1590/0102.3772e39513.en,CC BY 4.0
lhsbrasil_couto_2023_ses,item_response_warehouse_2,10,464,4,4640,1,FALSE,Affective/mental health,Affective/mental health,affective/opinion,Likert Scale/selected response,Survey/questionnaire,Rosenberg’s Self-Esteem Scale (SES),10.1590/0102.3772e39513.en,CC BY 4.0
lhsbrasil_couto_2023_pss,item_response_warehouse_2,10,464,5,4640,1,FALSE,Affective/mental health,Affective/mental health,affective/opinion,Likert Scale/selected response,Survey/questionnaire,Perceived Stress Scale (PSS-10),10.1590/0102.3772e39513.en,CC BY 4.0
suicide_reinbergs_2025_ghsq,item_response_warehouse_2,8,1258,7,10064,1,FALSE,Behavioral,Behavioral,other,Likert Scale/selected response,Survey/questionnaire,General Help-Seeking Questionnaire (GHSQ),10.31219/osf.io/3vd9f_v1,CC BY 4.0
suicide_reinbergs_2025_soss,item_response_warehouse_2,8,1258,5,10064,1,FALSE,Opinion/attitude,Opinion/attitude,affective/opinion,Likert Scale/selected response,Survey/questionnaire,Stigma of Suicide Scale–Short Form Stigma Subscale (SOSS-SF Stigma),10.31219/osf.io/3vd9f_v1,CC BY 4.0
suicide_reinbergs_2025_stosa,item_response_warehouse_2,7,1258,4,8806,1,FALSE,Opinion/attitude,Opinion/attitude,affective/opinion,Likert Scale/selected response,Survey/questionnaire,Stigma of Suicide Attempt Scale (STOSA),10.31219/osf.io/3vd9f_v1,CC BY 4.0
suicide_reinbergs_2025_dssm,item_response_warehouse_2,9,1258,5,11322,1,FALSE,Opinion/attitude,Opinion/attitude,affective/opinion,Likert Scale/selected response,Survey/questionnaire,Suicide Stigma Scale,10.31219/osf.io/3vd9f_v1,CC BY 4.0
suicide_reinbergs_2025_mpfi,item_response_warehouse_2,12,1258,6,15096,1,FALSE,Cognitive/educational,Cognitive/educational,cognitive,Likert Scale/selected response,Survey/questionnaire,"Multidimensional Psychological Flexibility Inventory–24, Psychological Flexibility Subscale (MPFI-24-PF)",10.31219/osf.io/3vd9f_v1,CC BY 4.0
suicide_reinbergs_2025_phq,item_response_warehouse_2,9,1258,4,11322,1,FALSE,Affective/mental health,Affective/mental health,affective/opinion,Likert Scale/selected response,Survey/questionnaire,Patient Health Questionnaire–9 (PHQ-9),10.31219/osf.io/3vd9f_v1,CC BY 4.0
suicide_reinbergs_2025_stig,item_response_warehouse_2,9,1258,4,11322,1,FALSE,Opinion/attitude,Opinion/attitude,affective/opinion,Likert Scale/selected response,Survey/questionnaire,Stigma–9 Questionnaire (STIG-9),10.31219/osf.io/3vd9f_v1,CC BY 4.0
gahps_korner_2021,item_response_warehouse_2,14,1139,5,15946,1,FALSE,Personality,Personality,affective/opinion,Likert Scale/selected response,Survey/questionnaire,German Authentic and Hubristic Pride Scales (GAHPS),10.1027/1015-5759/a000684,CC BY 4.0
sd3ypl_klimczak_2019_ses,item_response_warehouse_2,10,325,4,3250,1,FALSE,Affective/mental health,Affective/mental health,affective/opinion,Likert Scale/selected response,Survey/questionnaire,Rosenberg's Self-Esteem Scale (RSES),10.5114/cipp.2020.99627,CC BY 4.0
sd3ypl_klimczak_2019_bpqa,item_response_warehouse_2,29,325,5,9425,1,FALSE,Affective/mental health,Affective/mental health,affective/opinion,Likert Scale/selected response,Survey/questionnaire,Buss Perry Aggression Questionnaire (BPQA),10.5114/cipp.2020.99627,CC BY 4.0
sun_2025_morality_study2_self-moral-character,item_response_warehouse_2,10,711,9,7110,1,FALSE,Opinion/attitude,Opinion/attitude,affective/opinion,Slider/continuous,Survey/questionnaire,Self-Moral-Character,10.1037/pspp0000539,CC BY 4.0
sd3ypl_klimczak_2019_sd3,item_response_warehouse_2,26,730,7,18980,1,FALSE,Personality,Personality,affective/opinion,Likert Scale/selected response,Survey/questionnaire,Dark Triad traits,10.5114/cipp.2020.99627,CC BY 4.0
prpt_hellmann_2021_selfesteem,item_response_warehouse_2,10,1411,4,14110,1,FALSE,Personality,Personality,affective/opinion,Likert Scale/selected response,Survey/questionnaire,Self-Esteem scale,10.1027/1015-5759/a000668,CC BY-NC-ND
prpt_hellmann_2021_achievementmotive,item_response_warehouse_2,10,1413,4,14130,1,FALSE,Opinion/attitude,Opinion/attitude,affective/opinion,Likert Scale/selected response,Survey/questionnaire,Achievement Motives Scale,10.1027/1015-5759/a000668,CC BY-NC-ND
prpt_hellmann_2021_threat,item_response_warehouse_2,15,1415,5,21225,1,FALSE,Opinion/attitude,Opinion/attitude,affective/opinion,Likert Scale/selected response,Survey/questionnaire,Symbolic and Realistic,10.1027/1015-5759/a000668,CC BY-NC-ND
prpt_hellmann_2021_realisticthreat,item_response_warehouse_2,21,1416,5,29736,1,FALSE,Opinion/attitude,Opinion/attitude,affective/opinion,Likert Scale/selected response,Survey/questionnaire,Perceived Realistic Physical Threat scale,10.1027/1015-5759/a000668,CC BY-NC-ND
prpt_hellmann_2021_fearofcrime,item_response_warehouse_2,10,1416,5,14160,1,FALSE,Opinion/attitude,Opinion/attitude,affective/opinion,Likert Scale/selected response,Survey/questionnaire,Fear of Crime,10.1027/1015-5759/a000668,CC BY-NC-ND
threat_isler_2024_exp2_picture_panas,item_response_warehouse,22,433,5,9526,1,FALSE,Affective/mental health,Affective/mental health,affective/opinion,Likert Scale/selected response,Survey/questionnaire,Positive and Negative Afect Schedule (PANAS),10.3758/s13428-024-02481-6,CC BY 4.0
zanesco_2023_golleretal2020,item_response_warehouse_2,36,366,5,13176,1,FALSE,"Cognitive/educational, Behavioral, Developmental",Cognitive/educational,cognitive,Likert Scale/selected response,Test,Thought probes measuring mind wandering frequency/intensity,10.3758/s13428-024-02446-9,CC BY 4.0
mpsycho_rogers_depression,item_response_warehouse_2,16,495,4,7920,1,FALSE,Affective/mental health,Affective/mental health,affective/opinion,Likert Scale/selected response,Survey/questionnaire,Quick Inventory of Depressive Symptomatology - self-report version (QIDS-SR),10.1017/s0033291716003287,GPL-2.0
mpsycho_rogers_ocd,item_response_warehouse_2,10,495,5,4950,1,FALSE,Affective/mental health,Affective/mental health,affective/opinion,Likert Scale/selected response,Survey/questionnaire,YaleBrown Obsessive Compulsive Scale - self-report (Y-BOCS-SR),10.1016/j.janxdis.2017.09.008,GPL-2.0
psychotools_gratitude_gq6,item_response_warehouse_2,6,1405,7,8430,1,FALSE,Affective/mental health,Affective/mental health,affective/opinion,Likert Scale/selected response,Survey/questionnaire,Gratitude Questionnaire– 6 (GQ-6),10.1037/a0021590,GPL-3.0
psychotools_gratitude_gart,item_response_warehouse_2,16,1405,9,22480,1,FALSE,Affective/mental health,Affective/mental health,affective/opinion,Likert Scale/selected response,Survey/questionnaire,"Gratitude, Resentment, Appreciation Test-Short Form (GRAT-Short Form)",10.1037/a0021590,GPL-3.0
meng-competitiveness-2023,item_response_warehouse_2,34,2385,5,81090,1,FALSE,Cognitive/educational,Cognitive/educational,cognitive,Likert Scale/selected response,Survey/questionnaire,"Competitiveness, Cooperativeness, and Social Comparison Orientation",10.31234/osf.io/mzwps,CC BY 4.0
threat_isler_2024_exp4_cog_panas,item_response_warehouse,22,2689,5,59158,1,FALSE,Affective/mental health,Affective/mental health,affective/opinion,Likert Scale/selected response,Survey/questionnaire,Positive and Negative Afect Schedule (PANAS),10.3758/s13428-024-02481-6,CC BY 4.0
threat_isler_2024_exp3_cog_panas,item_response_warehouse,22,1777,5,39094,1,FALSE,Affective/mental health,Affective/mental health,affective/opinion,Likert Scale/selected response,Survey/questionnaire,Positive and Negative Afect Schedule (PANAS),10.3758/s13428-024-02481-6,CC BY 4.0
threat_isler_2024_exp2_cog_panas,item_response_warehouse,22,433,5,9526,1,FALSE,Affective/mental health,Affective/mental health,affective/opinion,Likert Scale/selected response,Survey/questionnaire,Positive and Negative Afect Schedule (PANAS),10.3758/s13428-024-02481-6,CC BY 4.0
anunciacao_2025_personality_autonomy,item_response_warehouse_2,9,272845,7,2455605,1,FALSE,Opinion/attitude,Opinion/attitude,affective/opinion,Likert Scale/selected response,Survey/questionnaire,Personality Factor Inventory - Autonomy​,10.26439/persona2024.n27(2).7384,Permission via Email
anunciacao_2025_personality_exhibition,item_response_warehouse_2,9,272845,7,2455605,1,FALSE,Opinion/attitude,Opinion/attitude,affective/opinion,Likert Scale/selected response,Survey/questionnaire,Personality Factor Inventory - Exhibition​,10.26439/persona2024.n27(2).7384,Permission via Email
anunciacao_2025_personality_dominance,item_response_warehouse_2,7,272845,7,1909915,1,FALSE,Opinion/attitude,Opinion/attitude,affective/opinion,Likert Scale/selected response,Survey/questionnaire,Personality Factor Inventory - Dominance​,10.26439/persona2024.n27(2).7384,Permission via Email
anunciacao_2025_personality_affiliation,item_response_warehouse_2,9,272845,7,2455605,1,FALSE,Opinion/attitude,Opinion/attitude,affective/opinion,Likert Scale/selected response,Survey/questionnaire,Personality Factor Inventory - Affiliation​,10.26439/persona2024.n27(2).7384,Permission via Email
anunciacao_2025_personality_deference,item_response_warehouse_2,9,272845,7,2455605,1,FALSE,Opinion/attitude,Opinion/attitude,affective/opinion,Likert Scale/selected response,Survey/questionnaire,Personality Factor Inventory - Deference​,10.26439/persona2024.n27(2).7384,Permission via Email
anunciacao_2025_personality_change,item_response_warehouse_2,7,272845,7,1909915,1,FALSE,Opinion/attitude,Opinion/attitude,affective/opinion,Likert Scale/selected response,Survey/questionnaire,Personality Factor Inventory - Change​,10.26439/persona2024.n27(2).7384,Permission via Email
anunciacao_2025_personality_succorance,item_response_warehouse_2,7,272845,7,1909915,1,FALSE,Opinion/attitude,Opinion/attitude,affective/opinion,Likert Scale/selected response,Survey/questionnaire,Personality Factor Inventory - Succorance​,10.26439/persona2024.n27(2).7384,Permission via Email
anunciacao_2025_personality_achievement,item_response_warehouse_2,9,272845,7,2455605,1,FALSE,Opinion/attitude,Opinion/attitude,affective/opinion,Likert Scale/selected response,Survey/questionnaire,Personality Factor Inventory - Achievement​,10.26439/persona2024.n27(2).7384,Permission via Email
anunciacao_2025_personality_order,item_response_warehouse_2,6,272845,7,1637070,1,FALSE,Opinion/attitude,Opinion/attitude,affective/opinion,Likert Scale/selected response,Survey/questionnaire,Personality Factor Inventory - Order​,10.26439/persona2024.n27(2).7384,Permission via Email
anunciacao_2025_personality_nurturance,item_response_warehouse_2,8,272845,7,2182760,1,FALSE,Opinion/attitude,Opinion/attitude,affective/opinion,Likert Scale/selected response,Survey/questionnaire,Personality Factor Inventory - Nurturance​,10.26439/persona2024.n27(2).7384,Permission via Email
anunciacao_2025_personality_intraception,item_response_warehouse_2,7,272845,7,1909915,1,FALSE,Opinion/attitude,Opinion/attitude,affective/opinion,Likert Scale/selected response,Survey/questionnaire,Personality Factor Inventory - Intraception​,10.26439/persona2024.n27(2).7384,Permission via Email
anunciacao_2025_personality_persistence,item_response_warehouse_2,8,272845,7,2182760,1,FALSE,Opinion/attitude,Opinion/attitude,affective/opinion,Likert Scale/selected response,Survey/questionnaire,Personality Factor Inventory - Persistence​,10.26439/persona2024.n27(2).7384,Permission via Email
mental_health_wang_2024_phq,item_response_warehouse_2,9,958,4,8622,1,TRUE,Affective/mental health,Affective/mental health,affective/opinion,Likert Scale/selected response,Survey/questionnaire,Impact of COVID-19 - Anxiety,10.7910/dvn/t5taqa,CC0 1.0
mental_health_wang_2024_gad,item_response_warehouse_2,7,958,4,6706,1,TRUE,Affective/mental health,Affective/mental health,affective/opinion,Likert Scale/selected response,Survey/questionnaire,Impact of COVID-19 - Depression,10.7910/dvn/t5taqa,CC0 1.0
williams-cps2019,item_response_warehouse_2,21,361,4,7581,1,FALSE,Affective/mental health,Affective/mental health,affective/opinion,Likert Scale/selected response,Survey/questionnaire,Psychometric Validation of the Beck Depression Inventory CPS Study 1,10.1177/1073191120952889,CC BY 4.0
johansson-swedish-pss-rasch-analysis-2024,item_response_warehouse_2,14,797,5,11158,1,FALSE,Affective/mental health,Affective/mental health,affective/opinion,Likert Scale/selected response,Survey/questionnaire,Swedish Translation of the Perceived Stress Scale,10.17605/osf.io/txvw2,CC BY 4.0
amatus_cipora_2024_gad,item_response_warehouse_2,7,1106,4,7742,1,FALSE,Affective/mental health,Affective/mental health,affective/opinion,Likert Scale/selected response,Survey/questionnaire,Generalized Anxiety Disorder,10.5334/jopd.115,CC BY 4.0
amatus_cipora_2024_pisa_me,item_response_warehouse_2,6,1106,4,6636,1,FALSE,Cognitive/educational,Cognitive/educational,cognitive,Likert Scale/selected response,Survey/questionnaire,PISA Math Self-Efficacy,10.5334/jopd.115,CC BY 4.0
assessment_time_fournier_2025_pmpuq,item_response_warehouse_2,15,398,4,5970,1,FALSE,"Behavioral, Cognitive/educational",Behavioral,other,Likert Scale/selected response,Survey/questionnaire,Assessment Time - Problematic Mobile Use,10.17605/osf.io/6v5qb,CC BY 4.0
assessment_time_fournier_2025_upps,item_response_warehouse_2,20,398,4,7960,1,FALSE,"Behavioral, Cognitive/educational",Behavioral,other,Likert Scale/selected response,Survey/questionnaire,Assessment Time - Impulsive Behavio,10.17605/osf.io/6v5qb,CC BY 4.0
assessment_time_fournier_2025_phq,item_response_warehouse_2,9,398,4,3582,1,FALSE,"Behavioral, Cognitive/educational",Behavioral,other,Likert Scale/selected response,Survey/questionnaire,Assessment Time - Depression,10.17605/osf.io/6v5qb,CC BY 4.0
assessment_time_fournier_2025_gad,item_response_warehouse_2,7,398,4,2786,1,FALSE,"Behavioral, Cognitive/educational",Behavioral,other,Likert Scale/selected response,Survey/questionnaire,Assessment Time - Anxiety,10.17605/osf.io/6v5qb,CC BY 4.0
fomonegativeaffect_cremer_2026_phq,item_response_warehouse_2,9,461,4,4149,1,FALSE,Affective/mental health,Affective/mental health,affective/opinion,Likert Scale/selected response,Survey/questionnaire,PHQ-9,10.1080/10615806.2026.2624434,CC BY 4.0
fomonegativeaffect_cremer_2026_rrs,item_response_warehouse_2,10,459,4,4590,1,FALSE,Affective/mental health,Affective/mental health,affective/opinion,Likert Scale/selected response,Survey/questionnaire,Ruminative Responses Scale,10.1080/10615806.2026.2624434,CC BY 4.0
cfq_ruiz_2025_dass,item_response_warehouse_2,21,3389,4,71169,1,FALSE,Affective/mental health,Affective/mental health,affective/opinion,Likert Scale/selected response,Survey/questionnaire,"Depression, Anxiety, and Stress Scale",10.1016/j.jcbs.2025.100954,CC BY 4.0
rmet_higgins_2022_aq,item_response_warehouse_2,28,1222,4,34216,1,FALSE,"Developmental, Personality",Developmental,other,Likert Scale/selected response,Survey/questionnaire,Autism Spectrum Quotient,10.1177/10731911221124342,CC BY 4.0
test_taking_much_2025_ef,item_response_warehouse_2,10,1244,4,12440,1,FALSE,Cognitive/educational,Cognitive/educational,cognitive,Mixed,Test,Effort,10.17605/osf.io/9j6hm,CC BY 4.0
rmet_higgins_2022_rmet,item_response_warehouse_2,37,1222,4,45214,1,FALSE,Cognitive/educational,Cognitive/educational,cognitive,Constructed Response,Test,Reading the Mind in the Eyes Test,10.1177/10731911221124342,CC BY 4.0
autism_blotner_2025_s2_qcae,item_response_warehouse_2,31,535,4,16585,1,TRUE,Cognitive/educational,Cognitive/educational,cognitive,Likert Scale/selected response,Survey/questionnaire,Cognitive and Affective Empathy,10.1027/1614-0001/a000440,CC BY 4.0
autism_blotner_2025_s2_aq,item_response_warehouse_2,10,535,4,5350,1,TRUE,Cognitive/educational,Cognitive/educational,cognitive,Likert Scale/selected response,Survey/questionnaire,Autism Quotient,10.1027/1614-0001/a000440,CC BY 4.0
amatus_cipora_2024_bfi_n,item_response_warehouse_2,8,1106,5,8848,1,FALSE,Personality,Personality,affective/opinion,Likert Scale/selected response,Survey/questionnaire,Big Five Inventory - Neuroticism,10.5334/jopd.115,CC BY 4.0
amatus_cipora_2024_amas,item_response_warehouse_2,9,1106,5,9954,1,FALSE,Affective/mental health,Affective/mental health,affective/opinion,Likert Scale/selected response,Survey/questionnaire,Abbreviated Math Anxiety Scale,10.5334/jopd.115,CC BY 4.0
assessment_time_fournier_2025_bscs,item_response_warehouse_2,13,398,5,5174,1,FALSE,"Behavioral, Cognitive/educational",Behavioral,other,Likert Scale/selected response,Survey/questionnaire,Assessment Time - Self-Control,10.17605/osf.io/6v5qb,CC BY 4.0
fomonegativeaffect_cremer_2026_panas,item_response_warehouse_2,20,461,5,9220,1,FALSE,Affective/mental health,Affective/mental health,affective/opinion,Likert Scale/selected response,Survey/questionnaire,Positive and Negative Affect Scale (PANAS),10.1080/10615806.2026.2624434,CC BY 4.0
fomonegativeaffect_cremer_2026_fomo,item_response_warehouse_2,10,459,5,4590,1,FALSE,Affective/mental health,Affective/mental health,affective/opinion,Likert Scale/selected response,Survey/questionnaire,FOMO Scale,10.1080/10615806.2026.2624434,CC BY 4.0
ders_valencia_2025,item_response_warehouse_2,36,345,5,12420,1,FALSE,Affective/mental health,Affective/mental health,affective/opinion,Likert Scale/selected response,Survey/questionnaire,Difficulties in Emotion Regulation Scale,10.32348/1852.4206.v16.n2.36158,CC BY 4.0
rmet_higgins_2022_tas,item_response_warehouse_2,20,1222,5,24440,1,FALSE,Affective/mental health,Affective/mental health,affective/opinion,Likert Scale/selected response,Survey/questionnaire,Toronto Alexithymia Scale,10.1177/10731911221124342,CC BY 4.0
chakraborty2026_iri_irw,item_response_warehouse_2,21,634,5,13314,1,FALSE,Affective/mental health,Affective/mental health,affective/opinion,Likert Scale/selected response,Survey/questionnaire,Interpersonal Reactivity Index (IRI),10.1038/s41598-026-37436-8,CC BY 4.0
chakraborty2026_ptm_irw,item_response_warehouse_2,25,634,5,15850,1,FALSE,Affective/mental health,Affective/mental health,affective/opinion,Likert Scale/selected response,Survey/questionnaire,Prosocial Tendencies Measure,10.1038/s41598-026-37436-8,CC BY 4.0
chakraborty2026_bes_irw,item_response_warehouse_2,20,634,5,12680,1,FALSE,Affective/mental health,Affective/mental health,affective/opinion,Likert Scale/selected response,Survey/questionnaire,Social-Emotional Behaviors (BES),10.1038/s41598-026-37436-8,CC BY 4.0
chakraborty2026_bspwba_irw,item_response_warehouse_2,20,634,5,12680,1,FALSE,Affective/mental health,Affective/mental health,affective/opinion,Likert Scale/selected response,Survey/questionnaire,Well-Being & Self-Perception (BSPWB-A),10.1038/s41598-026-37436-8,CC BY 4.0
chakraborty2026_bidr_irw,item_response_warehouse_2,16,634,5,10144,1,FALSE,Personality,Personality,affective/opinion,Likert Scale/selected response,Survey/questionnaire,Balanced Inventory of Desirable Responding - 16 (BIDR-16),10.1038/s41598-026-37436-8,CC BY 4.0
chakraborty2026_iwah_irw,item_response_warehouse_2,30,634,5,19020,1,FALSE,Opinion/attitude,Opinion/attitude,affective/opinion,Likert Scale/selected response,Survey/questionnaire,Identification with All Humanity (IWAH),10.1038/s41598-026-37436-8,CC BY 4.0
autism_blotner_2025_s2_acme,item_response_warehouse_2,36,535,5,19260,1,TRUE,Cognitive/educational,Cognitive/educational,cognitive,Likert Scale/selected response,Survey/questionnaire,Affective and Cognitive Measure of Empathy,10.1027/1614-0001/a000440,CC BY 4.0
friedman_2018_risks_government,item_response_warehouse_2,6,3110,6,18660,1,TRUE,Opinion/attitude,Opinion/attitude,affective/opinion,Likert Scale/selected response,Survey/questionnaire,Appropriate,10.7910/dvn/zsja25,Custom
friedman_2018_risks_discrimination,item_response_warehouse_2,6,3110,6,18660,1,TRUE,Opinion/attitude,Opinion/attitude,affective/opinion,Likert Scale/selected response,Survey/questionnaire,Discrimination,10.7910/dvn/zsja25,Custom
cfq_ruiz_2025_cfq,item_response_warehouse_2,7,3389,7,23723,1,FALSE,Affective/mental health,Affective/mental health,affective/opinion,Likert Scale/selected response,Survey/questionnaire,Cognitive Fusion,10.1016/j.jcbs.2025.100954,CC BY 4.0
rfq_wozniakprus_2021,item_response_warehouse_2,8,538,7,4304,1,FALSE,Affective/mental health,Affective/mental health,affective/opinion,Likert Scale/selected response,Survey/questionnaire,Reflective Functioning Questionnaire,10.7910/dvn/bmcc4c,CC0 1.0
test_taking_much_2025_cm,item_response_warehouse_2,9,1244,101,11196,1,FALSE,Cognitive/educational,Cognitive/educational,cognitive,Mixed,Test,Current Motivation,10.17605/osf.io/9j6hm,CC BY 4.0
dmirt_forsberg_2024,item_response_warehouse_2,20,1046,6,20920,1,FALSE,Opinion/attitude,Opinion/attitude,affective/opinion,Likert Scale/selected response,Survey/questionnaire,Moral Preferences,10.21105/joss.06523,CC BY 4.0
randomness_angelike_2024_ncs,item_response_warehouse_2,6,835,5,5010,1,FALSE,Personality,Personality,affective/opinion,Likert Scale/selected response,Survey/questionnaire,Need for Cognition,10.3758/s13428-024-02456-7,CC BY 4.0
pezzuti_2025_coolpeople_single-items,item_response_warehouse_2,10,5656,7,56560,1,TRUE,Opinion/attitude,Opinion/attitude,affective/opinion,Likert Scale/selected response,Survey/questionnaire,Single-item Attributes,10.1037/xge0001799,CC BY 4.0
pezzuti_2025_coolpeople_benevolent,item_response_warehouse_2,6,5656,7,33936,1,TRUE,Opinion/attitude,Opinion/attitude,affective/opinion,Likert Scale/selected response,Survey/questionnaire,Benevolence,10.1037/xge0001799,CC BY 4.0
narcissism_schneider_2025_study1_morf_hsns,item_response_warehouse_2,10,1285,5,12850,1,FALSE,Personality,Personality,affective/opinion,Likert Scale/selected response,Survey/questionnaire,The Hypersensitive Narcissism Scale,10.1037/pas0001354,CC BY 4.0
narcissism_schneider_2025_study1_koeberl_hsns,item_response_warehouse_2,10,1417,5,14170,1,FALSE,Personality,Personality,affective/opinion,Likert Scale/selected response,Survey/questionnaire,The Hypersensitive Narcissism Scale,10.1037/pas0001354,CC BY 4.0
rodas_2026_stait_trait_anxiety,item_response_warehouse_2,40,1244,4,49760,1,FALSE,Affective/mental health,Affective/mental health,affective/opinion,Likert Scale/selected response,Survey/questionnaire,Psychometric analysis of the underlying structure and measurement invariance by sex of the state trait anxiety inventory,10.1371/journal.pone.0345773,NA
west_2021_aggnet_bfi2_agg_neu,item_response_warehouse_2,17,616,5,10472,1,FALSE,Personality,Personality,affective/opinion,Likert Scale/selected response,Survey/questionnaire,Big Five Inventory Agreeableness and Neuroticism,10.1111/jopy.12695,NA
2024_online_addiction_bsmas,item_response_warehouse_2,6,1108,5,6648,1,TRUE,"Affective/mental health, Behavioral",Affective/mental health,affective/opinion,Likert Scale/selected response,Survey/questionnaire,Social Media Addiction,10.21203/rs.3.rs-9429022/v1,NA
moral_absolutism_goyal_2025_pp,item_response_warehouse_2,11,2430,5,26730,1,TRUE,Personality,Personality,affective/opinion,Likert Scale/selected response,Survey/questionnaire,Prevention-Promotion Regulatory Focus,10.1037/pspa0000464,CC BY-NC 4.0
2024_online_addiction_igds,item_response_warehouse_2,9,1108,6,9972,1,TRUE,"Affective/mental health, Behavioral",Affective/mental health,affective/opinion,Likert Scale/selected response,Survey/questionnaire,Internet Gaming Disorder,10.21203/rs.3.rs-9429022/v1,NA
2024_online_addiction_sabas,item_response_warehouse_2,6,1108,6,6648,1,TRUE,"Affective/mental health, Behavioral",Affective/mental health,affective/opinion,Likert Scale/selected response,Survey/questionnaire,Smartphone Application-BasedAddiction,10.21203/rs.3.rs-9429022/v1,NA
moral_absolutism_goyal_2025_mfq,item_response_warehouse_2,15,2430,6,36450,1,TRUE,Opinion/attitude,Opinion/attitude,affective/opinion,Likert Scale/selected response,Survey/questionnaire,Moral Foundation Questionnaire,10.1037/pspa0000464,CC BY-NC 4.0
west_2021_aggnet_bpaq,item_response_warehouse_2,27,616,7,16632,1,FALSE,Personality,Personality,affective/opinion,Likert Scale/selected response,Survey/questionnaire,Buss-Perry Aggression Questionnaire and trait aggression facets,10.1111/jopy.12695,NA
moral_absolutism_goyal_2025_mr,item_response_warehouse_2,9,2430,10,21870,1,TRUE,Opinion/attitude,Opinion/attitude,affective/opinion,Likert Scale/selected response,Survey/questionnaire,Moral Relativism,10.1037/pspa0000464,CC BY-NC 4.0
chen2022_ses,item_response_warehouse_2,10,303,4,3030,1,FALSE,NA,[untagged],untagged,NA,NA,NA,10.3389/fpsyg.2022.1014794.s001,CC BY 4.0
chen2022_cls,item_response_warehouse_2,16,303,5,4848,1,FALSE,NA,[untagged],untagged,NA,NA,NA,10.3389/fpsyg.2022.1014794.s001,CC BY 4.0
conspiracy_asd__asd_aq10,item_response_warehouse_2,10,433,4,4330,1,FALSE,NA,[untagged],untagged,NA,NA,NA,na,CC BY 4.0
conspiracy_asd__conspiracy_gcbs,item_response_warehouse_2,15,433,5,6495,1,FALSE,NA,[untagged],untagged,NA,NA,NA,na,CC BY 4.0
conspiracy_asd__schizotypy,item_response_warehouse_2,37,433,5,16021,1,FALSE,NA,[untagged],untagged,NA,NA,NA,na,CC BY 4.0
conspiracy_asd__thinking_styles,item_response_warehouse_2,10,433,5,4330,1,FALSE,NA,[untagged],untagged,NA,NA,NA,na,CC BY 4.0
conspiracy_asd__cognitive_flexibility,item_response_warehouse_2,20,433,7,8660,1,FALSE,NA,[untagged],untagged,NA,NA,NA,na,CC BY 4.0
wang2022_fomo,item_response_warehouse_2,10,324,5,3240,1,FALSE,NA,[untagged],untagged,NA,NA,NA,10.3389/fpsyt.2022.827519,CC BY 4.0
tian2026_digital_competence,item_response_warehouse_2,29,764,5,22156,1,FALSE,NA,[untagged],untagged,NA,NA,NA,10.6084/m9.figshare.32564154.v1,CC BY 4.0
chen_2022_cesd,item_response_warehouse_2,10,77211,4,772110,1,FALSE,Affective/mental health,Affective/mental health,affective/opinion,Likert Scale/selected response,Survey/questionnaire,Depression (CESD-10),10.57760/sciencedb.o00115.00089,NA
chen_2022_gad,item_response_warehouse_2,7,77211,4,540477,1,FALSE,Affective/mental health,Affective/mental health,affective/opinion,Likert Scale/selected response,Survey/questionnaire,Anxiety / generalized anxiety disorder (GAD-7),10.57760/sciencedb.o00115.00089,NA
chen_2022_sasc,item_response_warehouse_2,22,77211,5,1698642,1,FALSE,NA,[untagged],untagged,NA,NA,NA,10.57760/sciencedb.o00115.00089,NA
kushnir2017_tsrq,item_response_warehouse_2,15,319,7,4785,1,FALSE,NA,[untagged],untagged,NA,NA,NA,10.7910/dvn/8lblys,CC0 1.0
kushnir2017_ftnd,item_response_warehouse_2,6,319,4,1914,1,FALSE,NA,[untagged],untagged,NA,NA,NA,10.7910/dvn/8lblys,CC0 1.0
cordova2019_clinical_edu_environment,item_response_warehouse_2,40,391,5,15640,1,FALSE,NA,[untagged],untagged,NA,NA,NA,10.7910/dvn/shwnk1,CC0 1.0
che_2026_social_support,item_response_warehouse_2,22,897,5,19734,1,FALSE,NA,[untagged],untagged,NA,NA,NA,10.6084/m9.figshare.32090683.v1,CC BY 4.0
che_2026_social_wellbeing,item_response_warehouse_2,15,897,5,13455,1,FALSE,NA,[untagged],untagged,NA,NA,NA,10.6084/m9.figshare.32090683.v1,CC BY 4.0
che_2026_regulatory_self_efficacy,item_response_warehouse_2,12,897,5,10764,1,FALSE,NA,[untagged],untagged,NA,NA,NA,10.6084/m9.figshare.32090683.v1,CC BY 4.0
burnout_assessment_tool_teachers,item_response_warehouse_2,33,631,5,20823,1,FALSE,Affective/mental health,Affective/mental health,affective/opinion,Likert Scale/selected response,Survey/questionnaire,Burnout Assessment Tool (BAT),10.7910/dvn/nfrees,CC0 1.0
goksel_2026_embarrassment_affectivetrust,item_response_warehouse_2,6,300,9,1800,1,FALSE,Opinion/attitude,Opinion/attitude,affective/opinion,Likert Scale/selected response,Survey/questionnaire,Affective Trust,10.1037/pspa0000487,CC BY 4.0
goksel_2026_embarrassment_warmth_competence,item_response_warehouse_2,8,600,5,4800,1,FALSE,Personality,Personality,affective/opinion,Likert Scale/selected response,Survey/questionnaire,Warmth + Competence (8-item),10.1037/pspa0000481,CC BY 4.0
goksel_2026_embarrassment_emb_perception,item_response_warehouse_2,6,600,7,3600,1,FALSE,Affective/mental health,Affective/mental health,affective/opinion,Likert Scale/selected response,Survey/questionnaire,Embarrassment Perception,10.1037/pspa0000485,CC BY 4.0
goksel_2026_embarrassment_puremorality,item_response_warehouse_2,8,602,9,4816,1,FALSE,Personality,Personality,affective/opinion,Likert Scale/selected response,Survey/questionnaire,Morality (pure),10.1037/pspa0000482,CC BY 4.0
goksel_2026_embarrassment_purewarmth,item_response_warehouse_2,8,602,9,4816,1,FALSE,Personality,Personality,affective/opinion,Likert Scale/selected response,Survey/questionnaire,Warmth (pure),10.1037/pspa0000483,CC BY 4.0
goksel_2026_embarrassment_moralityandwarmth,item_response_warehouse_2,8,602,9,4816,1,FALSE,Personality,Personality,affective/opinion,Likert Scale/selected response,Survey/questionnaire,Morality + Warmth (blended),10.1037/pspa0000484,CC BY 4.0
goksel_2026_embarrassment_socialcompetence,item_response_warehouse_2,10,899,5,8990,1,FALSE,Personality,Personality,affective/opinion,Likert Scale/selected response,Survey/questionnaire,Social Competence,10.1037/pspa0000479,CC BY 4.0
goksel_2026_embarrassment_resilience,item_response_warehouse_2,9,899,5,8091,1,FALSE,Personality,Personality,affective/opinion,Likert Scale/selected response,Survey/questionnaire,Resilience,10.1037/pspa0000480,CC BY 4.0
goksel_2026_embarrassment_wcm,item_response_warehouse_2,12,1500,5,18000,1,FALSE,Personality,Personality,affective/opinion,Likert Scale/selected response,Survey/questionnaire,Warmth/Competence/Morality,10.1037/pspa0000478,CC BY 4.0
goksel_2026_embarrassment_authenticity,item_response_warehouse_2,12,2100,5,25200,1,FALSE,Personality,Personality,affective/opinion,Likert Scale/selected response,Survey/questionnaire,Authenticity,10.1037/pspa0000477,CC BY 4.0
hannachi_2025_eco_anxiety_affect,item_response_warehouse_2,26,534,5,13884,1,FALSE,Affective/mental health,Affective/mental health,affective/opinion,Likert Scale/selected response,Survey/questionnaire,Affect,na,CC BY-NC-SA 4.0
hannachi_2025_eco_anxiety_cope,item_response_warehouse_2,28,534,5,14952,1,FALSE,Affective/mental health,Affective/mental health,affective/opinion,Likert Scale/selected response,Survey/questionnaire,Coping Strategies,na,CC BY-NC-SA 4.0
hannachi_2025_eco_anxiety_cas,item_response_warehouse_2,13,534,5,6942,1,FALSE,Affective/mental health,Affective/mental health,affective/opinion,Likert Scale/selected response,Survey/questionnaire,Climate Change Anxiety,na,CC BY-NC-SA 4.0
hannachi_2025_eco_anxiety_heas,item_response_warehouse_2,13,534,5,6942,1,FALSE,Affective/mental health,Affective/mental health,affective/opinion,Likert Scale/selected response,Survey/questionnaire,Eco-anxiety,na,CC BY-NC-SA 4.0
hyatt_2023_aggression_prelim2_epa,item_response_warehouse_2,14,322,5,4508,1,FALSE,Personality,Personality,affective/opinion,Likert Scale/selected response,Survey/questionnaire,Psychopathy (EPA),10.1002/ab.22091,CC BY 4.0
merlo2025_eng_emotional,item_response_warehouse_2,9,1065,7,9585,1,FALSE,NA,[untagged],untagged,NA,NA,NA,10.6084/m9.figshare.30195541.v1,CC BY 4.0
merlo2025_eng_agentic,item_response_warehouse_2,10,1065,7,10650,1,FALSE,NA,[untagged],untagged,NA,NA,NA,10.6084/m9.figshare.30195541.v1,CC BY 4.0
merlo2025_eet,item_response_warehouse_2,29,1065,6,30885,1,FALSE,NA,[untagged],untagged,NA,NA,NA,10.6084/m9.figshare.30195541.v1,CC BY 4.0
merlo2025_eng_cognitive,item_response_warehouse_2,12,1065,7,12780,1,FALSE,NA,[untagged],untagged,NA,NA,NA,10.6084/m9.figshare.30195541.v1,CC BY 4.0
merlo2025_eng_comprehensive,item_response_warehouse_2,12,1065,7,12780,1,FALSE,NA,[untagged],untagged,NA,NA,NA,10.6084/m9.figshare.30195541.v1,CC BY 4.0
galindo_2023_social_support,item_response_warehouse_2,8,951,5,7608,1,FALSE,NA,[untagged],untagged,NA,NA,NA,data doi: 10.7910/dvn/edevgy,CC0 1.0
galindo_2023_emotional_intelligence,item_response_warehouse_2,16,951,5,15216,1,FALSE,NA,[untagged],untagged,NA,NA,NA,data doi: 10.7910/dvn/edevgy,CC0 1.0
xu2024_self_efficacy,item_response_warehouse_2,7,414,5,2898,1,FALSE,NA,[untagged],untagged,NA,NA,NA,10.7910/dvn/atlxc5,CC0 1.0
xu2024_noncompliance,item_response_warehouse_2,8,414,5,3312,1,FALSE,NA,[untagged],untagged,NA,NA,NA,10.7910/dvn/atlxc5,CC0 1.0
jeilani_2024_academic_stress,item_response_warehouse_2,7,663,5,4641,1,FALSE,Affective/mental health,Affective/mental health,affective/opinion,Likert Scale/selected response,Survey/questionnaire,Academic stress scale (AS),data doi: 10.6084/m9.figshare.26820745.v4,CC0 1.0
karajko2025_ai_trust,item_response_warehouse_2,6,386,5,2316,1,FALSE,NA,[untagged],untagged,NA,NA,NA,10.7910/dvn/ireejj,CC0 1.0
karajko2025_ai_risk,item_response_warehouse_2,10,386,5,3860,1,FALSE,NA,[untagged],untagged,NA,NA,NA,10.7910/dvn/ireejj,CC0 1.0
karajko2025_ai_governance,item_response_warehouse_2,6,386,5,2316,1,FALSE,NA,[untagged],untagged,NA,NA,NA,10.7910/dvn/ireejj,CC0 1.0
karajko2025_ai_benefit,item_response_warehouse_2,10,386,5,3860,1,FALSE,NA,[untagged],untagged,NA,NA,NA,10.7910/dvn/ireejj,CC0 1.0
hao_2025_self_efficacy,item_response_warehouse_2,6,650,5,3900,1,FALSE,NA,[untagged],untagged,NA,NA,NA,data doi: 10.6084/m9.figshare.30397234.v1,CC BY 4.0
hao_2025_social_regulation,item_response_warehouse_2,8,650,5,5200,1,FALSE,NA,[untagged],untagged,NA,NA,NA,data doi: 10.6084/m9.figshare.30397234.v1,CC BY 4.0
hao_2025_foreign_language_anxiety,item_response_warehouse_2,8,650,5,5200,1,FALSE,NA,[untagged],untagged,NA,NA,NA,data doi: 10.6084/m9.figshare.30397234.v1,CC BY 4.0
hao_2025_metacognitive_regulation,item_response_warehouse_2,7,650,5,4550,1,FALSE,NA,[untagged],untagged,NA,NA,NA,data doi: 10.6084/m9.figshare.30397234.v1,CC BY 4.0
fang_2022_achievement_emotions,item_response_warehouse_2,33,448,6,14784,1,FALSE,NA,[untagged],untagged,NA,NA,NA,data doi: 10.17608/k6.auckland.19546393.v1,CC BY 4.0
kang_2024_ai_adoption,item_response_warehouse_3,27,338,5,9126,1,FALSE,NA,[untagged],untagged,NA,NA,NA,10.7910/dvn/8ce89h,CC0 1.0
divia_2025_tiktok_fomo_shopping,item_response_warehouse_3,21,400,5,8400,1,FALSE,NA,[untagged],untagged,NA,NA,NA,10.6084/m9.figshare.29378996.v2,CC BY 4.0
li_2026_imi_teq,item_response_warehouse_3,34,362,7,12308,1,FALSE,NA,[untagged],untagged,NA,NA,NA,10.6084/m9.figshare.32766447.v1,CC BY 4.0
frikha_2023_pe_acrs,item_response_warehouse_2,12,308,5,3696,1,FALSE,NA,[untagged],untagged,NA,NA,NA,10.1371/journal.pone.0297822.,CC0 1.0
frikha_2023_pe_ms,item_response_warehouse_2,9,308,5,2772,1,FALSE,NA,[untagged],untagged,NA,NA,NA,10.1371/journal.pone.0297822.,CC0 1.0
dong_2024_engagement,item_response_warehouse_2,15,332,6,4980,1,FALSE,NA,[untagged],untagged,NA,NA,NA,10.6084/m9.figshare.25378894.v1,CC BY 4.0
dong_2024_ccaiq,item_response_warehouse_2,13,332,6,4316,1,FALSE,NA,[untagged],untagged,NA,NA,NA,10.6084/m9.figshare.25378894.v1,CC BY 4.0
kern_2021_learning,item_response_warehouse_2,12,350,4,4200,1,FALSE,NA,[untagged],untagged,NA,NA,NA,10.6084/m9.figshare.14870235.v1,CC0 1.0
kern_2021_engagement,item_response_warehouse_2,9,350,4,3150,1,FALSE,NA,[untagged],untagged,NA,NA,NA,10.6084/m9.figshare.14870235.v1,CC0 1.0
kern_2021_connectedness,item_response_warehouse_2,9,350,4,3150,1,FALSE,NA,[untagged],untagged,NA,NA,NA,10.6084/m9.figshare.14870235.v1,CC0 1.0
rosetti2023_climate_anxiety,item_response_warehouse_2,22,468,5,10296,1,FALSE,NA,[untagged],untagged,NA,NA,NA,10.6084/m9.figshare.16900393.v2,CC BY 4.0
rosetti_2023_cas,item_response_warehouse_2,22,468,5,10296,1,FALSE,NA,[untagged],untagged,NA,NA,NA,10.1089/eco.2022.0049,CC BY 4.0
rosetti2023_gad7,item_response_warehouse_2,7,468,4,3276,1,FALSE,NA,[untagged],untagged,NA,NA,NA,10.6084/m9.figshare.16900393.v2,CC BY 4.0
rosetti_2023_gad7,item_response_warehouse_2,7,468,4,3276,1,FALSE,NA,[untagged],untagged,NA,NA,NA,10.1089/eco.2022.0049,CC BY 4.0
wang_2025_green_space_wellbeing,item_response_warehouse_2,25,687,5,17175,1,FALSE,NA,[untagged],untagged,NA,NA,NA,10.6084/m9.figshare.29581631.v1,CC BY 4.0
chavez_2026_bpnsfs,item_response_warehouse_2,24,806,5,19344,1,FALSE,Affective/mental health,Affective/mental health,affective/opinion,Likert Scale/selected response,Survey/questionnaire,Basic Psychological Need Satisfaction and Frustration Scale,10.3389/feduc.2026.1742014,CC BY 4.0
clifford_2018_police_blame,item_response_warehouse_2,7,2465,7,17255,1,FALSE,NA,[untagged],untagged,NA,NA,NA,10.1086/703540,CC0 1.0
gao2025_attachment_avoidance,item_response_warehouse_3,6,459,7,2754,1,FALSE,NA,[untagged],untagged,NA,NA,NA,10.6084/m9.figshare.28737626,CC BY 4.0
gao2025_sse,item_response_warehouse_3,6,459,5,2754,1,FALSE,NA,[untagged],untagged,NA,NA,NA,10.6084/m9.figshare.28737626,CC BY 4.0
gao2025_spiritual_wellbeing,item_response_warehouse_3,12,459,5,5508,1,FALSE,NA,[untagged],untagged,NA,NA,NA,10.6084/m9.figshare.28737626,CC BY 4.0
algner2022_wis,item_response_warehouse_3,16,500,7,8000,1,FALSE,NA,[untagged],untagged,NA,NA,NA,10.3389/fpsyg.2022.809862,CC BY 4.0
algner2022_sia,item_response_warehouse_3,12,500,6,6000,1,FALSE,NA,[untagged],untagged,NA,NA,NA,10.3389/fpsyg.2022.809862,CC BY 4.0
algner2022_psgbi,item_response_warehouse_3,21,500,6,10500,1,FALSE,NA,[untagged],untagged,NA,NA,NA,10.3389/fpsyg.2022.809862,CC BY 4.0
algner2022_mimi16,item_response_warehouse_3,16,612,6,9792,1,FALSE,NA,[untagged],untagged,NA,NA,NA,10.3389/fpsyg.2022.809862,CC BY 4.0
algner2022_oss,item_response_warehouse_3,6,612,6,3672,1,FALSE,NA,[untagged],untagged,NA,NA,NA,10.3389/fpsyg.2022.809862,CC BY 4.0
algner2022_uwes,item_response_warehouse_3,9,612,7,5508,1,FALSE,NA,[untagged],untagged,NA,NA,NA,10.3389/fpsyg.2022.809862,CC BY 4.0
algner2022_cse,item_response_warehouse_3,12,612,5,7344,1,FALSE,NA,[untagged],untagged,NA,NA,NA,10.3389/fpsyg.2022.809862,CC BY 4.0
dou2025_ans,item_response_warehouse_3,18,748,6,13464,1,FALSE,NA,[untagged],untagged,NA,NA,NA,10.1371/journal.pone.0331067,CC BY 4.0
dou2025_area,item_response_warehouse_3,12,748,5,8976,1,FALSE,NA,[untagged],untagged,NA,NA,NA,10.1371/journal.pone.0331067,CC BY 4.0
dou2025_wcts,item_response_warehouse_3,23,748,5,17204,1,FALSE,NA,[untagged],untagged,NA,NA,NA,10.1371/journal.pone.0331067,CC BY 4.0
chen2025_self_esteem,item_response_warehouse_3,10,1100,5,11000,1,FALSE,NA,[untagged],untagged,NA,NA,NA,10.6084/m9.figshare.30093970,CC BY 4.0
chen2025_activity_motivation,item_response_warehouse_3,15,1100,5,16500,1,FALSE,NA,[untagged],untagged,NA,NA,NA,10.6084/m9.figshare.30093970,CC BY 4.0
chen2025_body_image,item_response_warehouse_3,23,1100,5,25300,1,FALSE,NA,[untagged],untagged,NA,NA,NA,10.6084/m9.figshare.30093970,CC BY 4.0
ma2026_bsmas,item_response_warehouse_3,6,1108,5,6648,1,TRUE,NA,[untagged],untagged,NA,NA,NA,10.21203/rs.3.rs-9429022/v1,CC BY 4.0
ma2026_sabas,item_response_warehouse_3,6,1108,6,6648,1,TRUE,NA,[untagged],untagged,NA,NA,NA,10.21203/rs.3.rs-9429022/v1,CC BY 4.0
ye_2025_q15_scale,item_response_warehouse_3,9,4513,4,40617,1,FALSE,NA,[untagged],untagged,NA,NA,NA,10.1371/journal.pone.0325835,CC BY 4.0
ye_2025_q25_scale,item_response_warehouse_3,10,4513,4,45130,1,FALSE,NA,[untagged],untagged,NA,NA,NA,10.1371/journal.pone.0325835,CC BY 4.0
jordan_2020_mindfulness,item_response_warehouse_3,12,539,5,6468,1,FALSE,NA,[untagged],untagged,NA,NA,NA,10.1371/journal.pone.0240667,CC BY 4.0
ye_2025_q32_scale,item_response_warehouse_3,13,4513,7,58669,1,FALSE,NA,[untagged],untagged,NA,NA,NA,10.1371/journal.pone.0325835,CC BY 4.0
cormier_2024_personality,item_response_warehouse_3,16,898,5,14368,1,FALSE,NA,[untagged],untagged,NA,NA,NA,10.1371/journal.pone.0304428,CC BY 4.0
menaldi_2023_mbi,item_response_warehouse_3,22,388,7,8536,1,FALSE,NA,[untagged],untagged,NA,NA,NA,10.1371/journal.pone.0280313,CC BY 4.0
menaldi_2023_brief_cope,item_response_warehouse_3,28,388,4,10864,1,FALSE,NA,[untagged],untagged,NA,NA,NA,10.1371/journal.pone.0280313,CC BY 4.0
hui_2024_gbfs,item_response_warehouse_3,28,309,5,8652,1,FALSE,NA,[untagged],untagged,NA,NA,NA,10.1371/journal.pone.0300064,CC BY 4.0
tran_2023_gad7,item_response_warehouse_3,7,400,4,2800,1,FALSE,NA,[untagged],untagged,NA,NA,NA,10.1371/journal.pone.0289123,CC BY 4.0
rahman_2022_phq9,item_response_warehouse_3,9,677,4,6093,1,FALSE,NA,[untagged],untagged,NA,NA,NA,10.1371/journal.pone.0269634,CC BY 4.0
pranckeviciene_2022_gad7,item_response_warehouse_3,7,1358,4,9506,1,FALSE,NA,[untagged],untagged,NA,NA,NA,10.1371/journal.pone.0263027,CC BY 4.0
pranckeviciene_2022_phq9,item_response_warehouse_3,9,1358,4,12222,1,FALSE,NA,[untagged],untagged,NA,NA,NA,10.1371/journal.pone.0263027,CC BY 4.0
leon_guereno_2020_breq,item_response_warehouse_3,23,1850,5,42550,1,FALSE,NA,[untagged],untagged,NA,NA,NA,10.1371/journal.pone.0231628,CC BY 4.0
chen2022b_socsupport,item_response_warehouse_3,12,417,7,5004,1,FALSE,NA,[untagged],untagged,NA,NA,NA,10.3389/fpsyg.2022.852256,CC BY 4.0
chen2022b_psychabuse,item_response_warehouse_3,14,417,5,5838,1,FALSE,NA,[untagged],untagged,NA,NA,NA,10.3389/fpsyg.2022.852256,CC BY 4.0
nabwera_2021_bdi,item_response_warehouse_3,20,358,4,7160,1,FALSE,NA,[untagged],untagged,NA,NA,NA,10.1371/journal.pone.0247554,CC BY 4.0
safiye_2023_rfq,item_response_warehouse_3,8,823,7,6584,1,FALSE,NA,[untagged],untagged,NA,NA,NA,10.1371/journal.pone.0279535,CC BY 4.0
safiye_2023_mbi,item_response_warehouse_3,22,823,7,18106,1,FALSE,NA,[untagged],untagged,NA,NA,NA,10.1371/journal.pone.0279535,CC BY 4.0
song_2023_rses,item_response_warehouse_3,10,1238,4,12380,1,FALSE,NA,[untagged],untagged,NA,NA,NA,10.1371/journal.pone.0284335,CC BY 4.0
song_2023_mpats,item_response_warehouse_3,16,1238,5,19808,1,FALSE,NA,[untagged],untagged,NA,NA,NA,10.1371/journal.pone.0284335,CC BY 4.0
song_2023_slwai,item_response_warehouse_3,22,1238,5,27236,1,FALSE,NA,[untagged],untagged,NA,NA,NA,10.1371/journal.pone.0284335,CC BY 4.0
weida_2020_financial_security,item_response_warehouse_3,10,371,4,3710,1,FALSE,NA,[untagged],untagged,NA,NA,NA,10.1371/journal.pone.0233359,CC BY 4.0
makowska_2023_pdts,item_response_warehouse_3,6,558,5,3348,1,FALSE,NA,[untagged],untagged,NA,NA,NA,10.1371/journal.pone.0287223,CC BY 4.0
dopmeijer_2022_sense_belonging,item_response_warehouse_3,6,3141,5,18846,1,FALSE,NA,[untagged],untagged,NA,NA,NA,10.1371/journal.pone.0267175,CC BY 4.0
dopmeijer_2022_loneliness,item_response_warehouse_3,11,3141,5,34551,1,FALSE,NA,[untagged],untagged,NA,NA,NA,10.1371/journal.pone.0267175,CC BY 4.0
dopmeijer_2022_performance_pressure,item_response_warehouse_3,12,3141,5,37692,1,FALSE,NA,[untagged],untagged,NA,NA,NA,10.1371/journal.pone.0267175,CC BY 4.0
duboz_2021_pss10,item_response_warehouse_3,10,1493,5,14930,1,FALSE,NA,[untagged],untagged,NA,NA,NA,10.1371/journal.pone.0252134,CC BY 4.0
jeon_2019_cesd10,item_response_warehouse_3,10,464,4,4640,1,FALSE,NA,[untagged],untagged,NA,NA,NA,10.1371/journal.pone.0221323,CC BY 4.0
jeon_2019_cbi,item_response_warehouse_3,19,464,5,8816,1,FALSE,NA,[untagged],untagged,NA,NA,NA,10.1371/journal.pone.0221323,CC BY 4.0
iwasa_2016_dpssr,item_response_warehouse_3,16,481,5,7696,1,FALSE,NA,[untagged],untagged,NA,NA,NA,10.1371/journal.pone.0164630,CC BY 4.0
iwasa_2016_asi,item_response_warehouse_3,16,481,5,7696,1,FALSE,NA,[untagged],untagged,NA,NA,NA,10.1371/journal.pone.0164630,CC BY 4.0
iwasa_2016_stai_trait,item_response_warehouse_3,20,481,5,9620,1,FALSE,NA,[untagged],untagged,NA,NA,NA,10.1371/journal.pone.0164630,CC BY 4.0
contreras_valdez_2022_rses,item_response_warehouse_3,10,973,4,9730,1,FALSE,NA,[untagged],untagged,NA,NA,NA,10.1371/journal.pone.0266507,CC BY 4.0
contreras_valdez_2022_bsq,item_response_warehouse_3,16,1117,6,17872,1,FALSE,NA,[untagged],untagged,NA,NA,NA,10.1371/journal.pone.0266507,CC BY 4.0
contreras_valdez_2022_edeq,item_response_warehouse_3,28,2090,31,58520,1,FALSE,NA,[untagged],untagged,NA,NA,NA,10.1371/journal.pone.0266507,CC BY 4.0
wurm_2016_mdi,item_response_warehouse_3,10,5897,6,58970,1,FALSE,NA,[untagged],untagged,NA,NA,NA,10.1371/journal.pone.0149913,CC BY 4.0
wurm_2016_hbi,item_response_warehouse_3,40,5897,7,235880,1,FALSE,NA,[untagged],untagged,NA,NA,NA,10.1371/journal.pone.0149913,CC BY 4.0
teshome_2021_pss10,item_response_warehouse_3,10,798,5,7980,1,FALSE,NA,[untagged],untagged,NA,NA,NA,10.1371/journal.pone.0252809,CC BY 4.0
kraft_todd_2017_care_measure,item_response_warehouse_3,10,1372,6,13720,1,FALSE,NA,[untagged],untagged,NA,NA,NA,10.1371/journal.pone.0177758,CC BY 4.0
kraft_todd_2017_panas,item_response_warehouse_3,20,1371,5,27420,1,FALSE,NA,[untagged],untagged,NA,NA,NA,10.1371/journal.pone.0177758,CC BY 4.0
roelen_2020_k6,item_response_warehouse_3,6,1381,5,8286,1,FALSE,NA,[untagged],untagged,NA,NA,NA,10.1371/journal.pone.0243457,CC BY 4.0
roelen_2020_rses,item_response_warehouse_3,10,1381,4,13810,1,FALSE,NA,[untagged],untagged,NA,NA,NA,10.1371/journal.pone.0243457,CC BY 4.0
cinar_tanriverdi_2023_gad7,item_response_warehouse_3,7,544,4,3808,1,TRUE,NA,[untagged],untagged,NA,NA,NA,10.1371/journal.pone.0288769,CC BY 4.0
kalichman1995_scs,item_response_warehouse_3,10,3215,4,32150,1,FALSE,NA,[untagged],untagged,NA,NA,NA,10.1207/s15327752jpa6503_16,GPL-3.0
lorenz_2016_optimism2,item_response_warehouse_3,10,321,6,3210,1,FALSE,NA,[untagged],untagged,NA,NA,NA,10.1371/journal.pone.0152892,CC BY 4.0
lorenz_2016_resilience,item_response_warehouse_3,13,321,6,4173,1,FALSE,NA,[untagged],untagged,NA,NA,NA,10.1371/journal.pone.0152892,CC BY 4.0
lorenz_2016_efficacy2,item_response_warehouse_3,8,321,6,2568,1,FALSE,NA,[untagged],untagged,NA,NA,NA,10.1371/journal.pone.0152892,CC BY 4.0
lorenz_2016_efficacy1,item_response_warehouse_3,10,321,6,3210,1,FALSE,NA,[untagged],untagged,NA,NA,NA,10.1371/journal.pone.0152892,CC BY 4.0
lorenz_2016_hope,item_response_warehouse_3,6,321,6,1926,1,FALSE,NA,[untagged],untagged,NA,NA,NA,10.1371/journal.pone.0152892,CC BY 4.0
lorenz_2016_psycap,item_response_warehouse_3,24,321,6,7704,1,FALSE,NA,[untagged],untagged,NA,NA,NA,10.1371/journal.pone.0152892,CC BY 4.0
wu_2024_video_addiction,item_response_warehouse_3,14,560,5,7840,1,FALSE,NA,[untagged],untagged,NA,NA,NA,10.1371/journal.pone.0312597,CC BY 4.0
wu_2024_resilience,item_response_warehouse_3,6,560,5,3360,1,FALSE,NA,[untagged],untagged,NA,NA,NA,10.1371/journal.pone.0312597,CC BY 4.0
wu_2024_self_control,item_response_warehouse_3,7,560,5,3920,1,FALSE,NA,[untagged],untagged,NA,NA,NA,10.1371/journal.pone.0312597,CC BY 4.0
wu_2024_proactive_personality,item_response_warehouse_3,11,560,7,6160,1,FALSE,NA,[untagged],untagged,NA,NA,NA,10.1371/journal.pone.0312597,CC BY 4.0
molino_2018_d5_scale,item_response_warehouse_3,8,658,7,5264,1,FALSE,NA,[untagged],untagged,NA,NA,NA,10.1371/journal.pone.0199924,CC BY 4.0
jablonska_2020_upward_comparison,item_response_warehouse_3,6,974,7,5844,1,FALSE,Opinion/attitude,Opinion/attitude,affective/opinion,Likert Scale/selected response,Survey/questionnaire,Social comparison scale (reconfigured for Instagram) - upward comparison,10.1371/journal.pone.0229354,CC BY 4.0
jablonska_2020_hads,item_response_warehouse_3,14,974,7,13636,1,FALSE,Affective/mental health,Affective/mental health,affective/opinion,Likert Scale/selected response,Survey/questionnaire,Hospital Anxiety and Depression Scale (HADS),10.1371/journal.pone.0229354,CC BY 4.0
jablonska_2020_downward_comparison,item_response_warehouse_3,6,974,7,5844,1,FALSE,Opinion/attitude,Opinion/attitude,affective/opinion,Likert Scale/selected response,Survey/questionnaire,Social comparison scale (reconfigured for Instagram) - downward comparison,10.1371/journal.pone.0229354,CC BY 4.0
jablonska_2020_rses,item_response_warehouse_3,10,974,7,9740,1,FALSE,Affective/mental health,Affective/mental health,affective/opinion,Likert Scale/selected response,Survey/questionnaire,Rosenberg Self-Esteem Scale (RSES),10.1371/journal.pone.0229354,CC BY 4.0
jablonska_2020_instagram_addiction,item_response_warehouse_3,10,974,7,9740,1,FALSE,Behavioral,Behavioral,other,Likert Scale/selected response,Survey/questionnaire,Facebook Intensity Scale (adapted to Instagram usage intensity),10.1371/journal.pone.0229354,CC BY 4.0
rodriguezquiroga_2024_epistemic_trust,item_response_warehouse_3,15,1018,7,15270,1,FALSE,NA,[untagged],untagged,NA,NA,NA,10.1371/journal.pone.0311352,CC BY 4.0
chen_2021_acculturation,item_response_warehouse_3,24,310,5,7440,1,FALSE,NA,[untagged],untagged,NA,NA,NA,10.1371/journal.pone.0258323,CC BY 4.0
chen_2021_enculturation,item_response_warehouse_3,24,310,5,7440,1,FALSE,NA,[untagged],untagged,NA,NA,NA,10.1371/journal.pone.0258323,CC BY 4.0
yoshimura_2026_psych_safety,item_response_warehouse_3,9,522,7,4698,1,FALSE,NA,[untagged],untagged,NA,NA,NA,10.1371/journal.pone.0346791,CC BY 4.0
yoshimura_2026_es_scale,item_response_warehouse_3,8,522,5,4176,1,FALSE,NA,[untagged],untagged,NA,NA,NA,10.1371/journal.pone.0346791,CC BY 4.0
yoshimura_2026_isu_scale,item_response_warehouse_3,6,522,5,3132,1,FALSE,NA,[untagged],untagged,NA,NA,NA,10.1371/journal.pone.0346791,CC BY 4.0
huang_2023_d_scale,item_response_warehouse_3,9,631,7,5679,1,FALSE,NA,[untagged],untagged,NA,NA,NA,10.1371/journal.pone.0290452,CC BY 4.0
huang_2023_b_scale,item_response_warehouse_3,12,631,5,7572,1,FALSE,NA,[untagged],untagged,NA,NA,NA,10.1371/journal.pone.0290452,CC BY 4.0
wijesinghe_2025_sustained_agile_usage,item_response_warehouse_3,8,391,5,3128,1,FALSE,NA,[untagged],untagged,NA,NA,NA,10.1371/journal.pone.0316538,CC BY 4.0
niazi_2020_mfq,item_response_warehouse_3,32,300,6,9600,1,FALSE,NA,[untagged],untagged,NA,NA,NA,10.1371/journal.pone.0229926,CC BY 4.0
pecino_2018_justice_climate,item_response_warehouse_3,6,442,6,2652,1,FALSE,NA,[untagged],untagged,NA,NA,NA,10.1371/journal.pone.0207458,CC BY 4.0
pecino_2018_extrarole_wfb,item_response_warehouse_3,34,442,6,15028,1,FALSE,NA,[untagged],untagged,NA,NA,NA,10.1371/journal.pone.0207458,CC BY 4.0
ozkurt_2026_ego_orientation,item_response_warehouse_3,10,374,5,3740,1,FALSE,NA,[untagged],untagged,NA,NA,NA,10.1371/journal.pone.0353067,CC BY 4.0
ozkurt_2026_paces_enjoyment,item_response_warehouse_3,8,374,7,2992,1,FALSE,NA,[untagged],untagged,NA,NA,NA,10.1371/journal.pone.0353067,CC BY 4.0
ozkurt_2026_sport_motivation,item_response_warehouse_3,16,374,7,5984,1,FALSE,NA,[untagged],untagged,NA,NA,NA,10.1371/journal.pone.0353067,CC BY 4.0
ozkurt_2026_continuance_intention,item_response_warehouse_3,6,374,7,2244,1,FALSE,NA,[untagged],untagged,NA,NA,NA,10.1371/journal.pone.0353067,CC BY 4.0
ozkurt_2026_basic_psych_needs,item_response_warehouse_3,14,374,5,5236,1,FALSE,NA,[untagged],untagged,NA,NA,NA,10.1371/journal.pone.0353067,CC BY 4.0
xiong_2025_dass21,item_response_warehouse_3,21,974,4,20454,1,FALSE,NA,[untagged],untagged,NA,NA,NA,10.1371/journal.pone.0316703,CC BY 4.0
anjum_2022_gad7,item_response_warehouse_3,6,2313,4,13878,1,FALSE,NA,[untagged],untagged,NA,NA,NA,10.1371/journal.pone.0262716,CC BY 4.0
gillman_2023_pss,item_response_warehouse_3,10,404,5,4040,1,FALSE,NA,[untagged],untagged,NA,NA,NA,10.1371/journal.pone.0288563,CC BY 4.0
odachi_2022_hads,item_response_warehouse_3,14,417,5,5838,1,FALSE,NA,[untagged],untagged,NA,NA,NA,10.1371/journal.pone.0276803,CC BY 4.0
odachi_2022_fear_covid19,item_response_warehouse_3,7,417,5,2919,1,FALSE,NA,[untagged],untagged,NA,NA,NA,10.1371/journal.pone.0276803,CC BY 4.0
alsuhibani_2022_pads_s1,item_response_warehouse_3,10,449,5,4490,1,FALSE,Affective/mental health,Affective/mental health,affective/opinion,Likert Scale/selected response,Survey/questionnaire,Revised Paranoia and Deservedness Scale (PaDS-R),10.1371/journal.pone.0259053,CC BY 4.0
alsuhibani_2022_ecrs_s3,item_response_warehouse_3,12,638,7,7656,1,FALSE,Personality,Personality,affective/opinion,Likert Scale/selected response,Survey/questionnaire,Experiences in Close Relationships Scale - brief (ECR-12),10.1371/journal.pone.0259053,CC BY 4.0
alsuhibani_2022_paranoia_s3,item_response_warehouse_3,8,638,5,5104,1,FALSE,Affective/mental health,Affective/mental health,affective/opinion,Likert Scale/selected response,Survey/questionnaire,Revised Paranoia Scale (Study 3),10.1371/journal.pone.0259053,CC BY 4.0
alsuhibani_2022_pads_s2,item_response_warehouse_3,8,1508,5,12064,1,FALSE,Affective/mental health,Affective/mental health,affective/opinion,Likert Scale/selected response,Survey/questionnaire,Revised Paranoia and Deservedness Scale (PaDS-R),10.1371/journal.pone.0259053,CC BY 4.0
alsuhibani_2022_gcbs,item_response_warehouse_3,15,2146,5,32190,1,FALSE,Opinion/attitude,Opinion/attitude,affective/opinion,Likert Scale/selected response,Survey/questionnaire,Generic Conspiracist Beliefs Scale (GCBS),10.1371/journal.pone.0259053,CC BY 4.0
alsuhibani_2022_sers,item_response_warehouse_3,20,2146,7,42920,1,FALSE,Affective/mental health,Affective/mental health,affective/opinion,Likert Scale/selected response,Survey/questionnaire,Self-Esteem Rating Scale - Short Form (SERS),10.1371/journal.pone.0259053,CC BY 4.0
alsuhibani_2022_loc,item_response_warehouse_3,24,2570,6,61680,1,FALSE,Personality,Personality,affective/opinion,Likert Scale/selected response,Survey/questionnaire,Multidimensional Locus of Control Scale (MLCS),10.1371/journal.pone.0259053,CC BY 4.0
silva_2018_mbds,item_response_warehouse_3,12,802,28,9624,1,FALSE,NA,[untagged],untagged,NA,NA,NA,10.1371/journal.pone.0199480,CC BY 4.0
silva_2018_bsq,item_response_warehouse_3,8,1396,6,11168,1,FALSE,NA,[untagged],untagged,NA,NA,NA,10.1371/journal.pone.0199480,CC BY 4.0
silva_2018_tfeq,item_response_warehouse_3,18,2198,6,39564,1,FALSE,NA,[untagged],untagged,NA,NA,NA,10.1371/journal.pone.0199480,CC BY 4.0
silva_2018_phcs,item_response_warehouse_3,8,2198,5,17584,1,FALSE,NA,[untagged],untagged,NA,NA,NA,10.1371/journal.pone.0199480,CC BY 4.0
silva_2018_whoqol,item_response_warehouse_3,20,2198,5,43960,1,FALSE,NA,[untagged],untagged,NA,NA,NA,10.1371/journal.pone.0199480,CC BY 4.0
zeng_2025_academic_buoyancy_cfa,item_response_warehouse_3,21,423,5,8883,1,FALSE,NA,[untagged],untagged,NA,NA,NA,10.1371/journal.pone.0318347,CC BY 4.0
zhao_2024_erq,item_response_warehouse_3,10,1534,7,15340,1,FALSE,NA,[untagged],untagged,NA,NA,NA,10.1371/journal.pone.0296035,CC BY 4.0
qiang_2025_red_tape,item_response_warehouse_3,10,396,5,3960,1,FALSE,NA,[untagged],untagged,NA,NA,NA,10.1371/journal.pone.0327359,CC BY 4.0
cugmas_2021_elderly_social_support,item_response_warehouse_3,7,558,15,3906,1,FALSE,NA,[untagged],untagged,NA,NA,NA,10.1371/journal.pone.0247993,CC BY 4.0
alsyouf_2024_openness,item_response_warehouse_3,12,472,5,5664,1,FALSE,Personality,Personality,affective/opinion,Likert Scale/selected response,Survey/questionnaire,NEO Five-Factor Inventory (NEO-FFI) - Openness to Experience,10.1371/journal.pone.0300657,CC BY 4.0
alsyouf_2024_conscientiousness,item_response_warehouse_3,12,472,5,5664,1,FALSE,Personality,Personality,affective/opinion,Likert Scale/selected response,Survey/questionnaire,NEO Five-Factor Inventory (NEO-FFI) - Conscientiousness,10.1371/journal.pone.0300657,CC BY 4.0
alsyouf_2024_extraversion,item_response_warehouse_3,12,472,5,5664,1,FALSE,Personality,Personality,affective/opinion,Likert Scale/selected response,Survey/questionnaire,NEO Five-Factor Inventory (NEO-FFI) - Extraversion,10.1371/journal.pone.0300657,CC BY 4.0
alsyouf_2024_neuroticism,item_response_warehouse_3,12,472,5,5664,1,FALSE,Personality,Personality,affective/opinion,Likert Scale/selected response,Survey/questionnaire,NEO Five-Factor Inventory (NEO-FFI) - Neuroticism,10.1371/journal.pone.0300657,CC BY 4.0
alsyouf_2024_continuance_intention,item_response_warehouse_3,6,472,5,2832,1,FALSE,Opinion/attitude,Opinion/attitude,affective/opinion,Likert Scale/selected response,Survey/questionnaire,Continuance intention to use EHR systems (UTAUT),10.1371/journal.pone.0300657,CC BY 4.0
alsyouf_2024_facilitating_conditions,item_response_warehouse_3,6,472,5,2832,1,FALSE,Opinion/attitude,Opinion/attitude,affective/opinion,Likert Scale/selected response,Survey/questionnaire,Facilitating conditions (UTAUT),10.1371/journal.pone.0300657,CC BY 4.0
alsyouf_2024_social_influence,item_response_warehouse_3,8,472,5,3776,1,FALSE,Opinion/attitude,Opinion/attitude,affective/opinion,Likert Scale/selected response,Survey/questionnaire,Social influence (UTAUT),10.1371/journal.pone.0300657,CC BY 4.0
alsyouf_2024_agreeableness,item_response_warehouse_3,12,472,5,5664,1,FALSE,Personality,Personality,affective/opinion,Likert Scale/selected response,Survey/questionnaire,NEO Five-Factor Inventory (NEO-FFI) - Agreeableness,10.1371/journal.pone.0300657,CC BY 4.0
song_2025_sc,item_response_warehouse_3,6,485,5,2910,1,FALSE,Opinion/attitude,Opinion/attitude,affective/opinion,Likert Scale/selected response,Survey/questionnaire,Service climate scale,10.1371/journal.pone.0323811,CC BY 4.0
queiros_2018_qcae,item_response_warehouse_3,31,562,4,17422,1,FALSE,NA,[untagged],untagged,NA,NA,NA,10.1371/journal.pone.0197755,CC BY 4.0
wang_2026_teaching_presence,item_response_warehouse_3,8,500,5,4000,1,FALSE,NA,[untagged],untagged,NA,NA,NA,10.1371/journal.pone.0346229,CC BY 4.0
rosharudin_2023_ders18,item_response_warehouse_3,18,689,5,12402,1,FALSE,NA,[untagged],untagged,NA,NA,NA,10.1371/journal.pone.0289551,CC BY 4.0
rosharudin_2023_dass21,item_response_warehouse_3,21,689,5,14469,1,FALSE,NA,[untagged],untagged,NA,NA,NA,10.1371/journal.pone.0289551,CC BY 4.0
liu_2025_classroom_interaction,item_response_warehouse_3,11,623,5,6853,1,FALSE,NA,[untagged],untagged,NA,NA,NA,10.1371/journal.pone.0328226,CC BY 4.0
liu_2025_willingness_communicate,item_response_warehouse_3,10,623,5,6230,1,FALSE,NA,[untagged],untagged,NA,NA,NA,10.1371/journal.pone.0328226,CC BY 4.0
liu_2025_speaking_selfefficacy,item_response_warehouse_3,14,623,5,8722,1,FALSE,NA,[untagged],untagged,NA,NA,NA,10.1371/journal.pone.0328226,CC BY 4.0
liu_2025_foreign_lang_enjoyment,item_response_warehouse_3,9,623,5,5607,1,FALSE,NA,[untagged],untagged,NA,NA,NA,10.1371/journal.pone.0328226,CC BY 4.0
najari_2024_bpqsf_stress,item_response_warehouse_3,12,748,5,8976,1,FALSE,NA,[untagged],untagged,NA,NA,NA,10.1371/journal.pone.0306348,CC BY 4.0
donati_2021_cfq7,item_response_warehouse_3,7,365,7,2555,1,FALSE,NA,[untagged],untagged,NA,NA,NA,10.1371/journal.pone.0246434,CC BY 4.0
colomer_perez_2021_soc13,item_response_warehouse_3,13,920,7,11960,1,FALSE,NA,[untagged],untagged,NA,NA,NA,10.1371/journal.pone.0260827,CC BY 4.0
colomer_perez_2021_asa,item_response_warehouse_3,24,920,5,22080,1,FALSE,NA,[untagged],untagged,NA,NA,NA,10.1371/journal.pone.0260827,CC BY 4.0
yang_2026_erq,item_response_warehouse_3,14,1033,7,14462,1,FALSE,NA,[untagged],untagged,NA,NA,NA,10.1371/journal.pone.0350928,CC BY 4.0
yang_2026_rrs,item_response_warehouse_3,22,1033,4,22726,1,FALSE,NA,[untagged],untagged,NA,NA,NA,10.1371/journal.pone.0350928,CC BY 4.0
yang_2026_stress_response,item_response_warehouse_3,32,1033,5,33056,1,FALSE,NA,[untagged],untagged,NA,NA,NA,10.1371/journal.pone.0350928,CC BY 4.0
milavic_2019_psisysf,item_response_warehouse_3,18,304,5,5472,1,FALSE,NA,[untagged],untagged,NA,NA,NA,10.1371/journal.pone.0220930,CC BY 4.0
li_2021_cultural_intelligence,item_response_warehouse_3,12,336,7,4032,1,FALSE,NA,[untagged],untagged,NA,NA,NA,10.1371/journal.pone.0250878,CC BY 4.0
li_2021_org_cultural_diversity,item_response_warehouse_3,9,336,7,3024,1,FALSE,NA,[untagged],untagged,NA,NA,NA,10.1371/journal.pone.0250878,CC BY 4.0
li_2021_sustainable_innov_behav,item_response_warehouse_3,6,336,7,2016,1,FALSE,NA,[untagged],untagged,NA,NA,NA,10.1371/journal.pone.0250878,CC BY 4.0
xu_2016_pqb,item_response_warehouse_3,21,505,6,10605,1,FALSE,NA,[untagged],untagged,NA,NA,NA,10.1371/journal.pone.0148935,CC BY 4.0
brederecke_2020_sis,item_response_warehouse_3,11,1367,5,15037,1,FALSE,NA,[untagged],untagged,NA,NA,NA,10.1371/journal.pone.0230331,CC BY 4.0
herrera_2018_se_d_items,item_response_warehouse_3,8,439,7,3512,1,FALSE,NA,[untagged],untagged,NA,NA,NA,10.1371/journal.pone.0204494,CC BY 4.0
herrera_2018_attitudes_homeless,item_response_warehouse_3,8,439,9,3512,1,FALSE,NA,[untagged],untagged,NA,NA,NA,10.1371/journal.pone.0204494,CC BY 4.0
herrera_2018_beliefs_about_empathy,item_response_warehouse_3,12,556,7,6672,1,FALSE,NA,[untagged],untagged,NA,NA,NA,10.1371/journal.pone.0204494,CC BY 4.0
herrera_2018_iri,item_response_warehouse_3,21,556,5,11676,1,FALSE,NA,[untagged],untagged,NA,NA,NA,10.1371/journal.pone.0204494,CC BY 4.0
liu_2025_mlq,item_response_warehouse_3,9,345,7,3105,1,FALSE,NA,[untagged],untagged,NA,NA,NA,10.1371/journal.pone.0330447,CC BY 4.0
liu_2025_positive_cognition,item_response_warehouse_3,12,345,5,4140,1,FALSE,NA,[untagged],untagged,NA,NA,NA,10.1371/journal.pone.0330447,CC BY 4.0
liu_2025_learning_motivation,item_response_warehouse_3,16,345,5,5520,1,FALSE,NA,[untagged],untagged,NA,NA,NA,10.1371/journal.pone.0330447,CC BY 4.0
karpudewan_2022_stp_cca,item_response_warehouse_3,29,397,4,11513,1,FALSE,NA,[untagged],untagged,NA,NA,NA,10.1371/journal.pone.0268509,CC BY 4.0
thanh_2025_green_knowledge,item_response_warehouse_3,6,407,5,2442,1,FALSE,NA,[untagged],untagged,NA,NA,NA,10.1371/journal.pone.0320053,CC BY 4.0
thanh_2025_environ_concern,item_response_warehouse_3,6,407,5,2442,1,FALSE,NA,[untagged],untagged,NA,NA,NA,10.1371/journal.pone.0320053,CC BY 4.0
thanh_2025_green_behavior,item_response_warehouse_3,8,407,5,3256,1,FALSE,NA,[untagged],untagged,NA,NA,NA,10.1371/journal.pone.0320053,CC BY 4.0
marquezpalacios_2026_bdi2,item_response_warehouse_3,21,508,4,10668,1,FALSE,NA,[untagged],untagged,NA,NA,NA,na,CC BY 4.0
fan_2025_mbi_exhaustion,item_response_warehouse_3,9,636,7,5724,1,FALSE,NA,[untagged],untagged,NA,NA,NA,10.1371/journal.pone.0324707,CC BY 4.0
fan_2025_mbi_accomplishment,item_response_warehouse_3,8,636,7,5088,1,FALSE,NA,[untagged],untagged,NA,NA,NA,10.1371/journal.pone.0324707,CC BY 4.0
fukuda_2021_info_reliability,item_response_warehouse_3,8,1000,5,8000,1,FALSE,NA,[untagged],untagged,NA,NA,NA,10.1371/journal.pone.0257552,CC BY 4.0
pavic_2022_healthcare_trust,item_response_warehouse_3,8,577,5,4616,1,FALSE,NA,[untagged],untagged,NA,NA,NA,10.1371/journal.pone.0264722,CC BY 4.0
pavic_2022_vaccine_conspiracy,item_response_warehouse_3,7,577,5,4039,1,FALSE,NA,[untagged],untagged,NA,NA,NA,10.1371/journal.pone.0264722,CC BY 4.0
jimenezherrera_2022_moral_sensitivity,item_response_warehouse_3,9,751,6,6759,1,FALSE,NA,[untagged],untagged,NA,NA,NA,10.1371/journal.pone.0270049,CC BY 4.0
tuason_2021_wellbeing,item_response_warehouse_3,8,938,7,7504,1,FALSE,Affective/mental health,Affective/mental health,affective/opinion,Likert Scale/selected response,Survey/questionnaire,Psychological well-being (8-item Flourishing-style scale),10.1371/journal.pone.0248591,CC BY 4.0
tuason_2021_sense_of_agency,item_response_warehouse_3,6,938,9,5628,1,FALSE,Personality,Personality,affective/opinion,Likert Scale/selected response,Survey/questionnaire,Sense of Agency Scale,10.1371/journal.pone.0248591,CC BY 4.0
holden_2026_bsri,item_response_warehouse_3,20,695,7,13900,1,FALSE,NA,[untagged],untagged,NA,NA,NA,10.7910/dvn/r6we4p,CC0 1.0
hewei_2022_msva_purchase,item_response_warehouse_3,14,752,5,10528,1,FALSE,NA,[untagged],untagged,NA,NA,NA,10.1371/journal.pone.0273968,CC BY 4.0
alcoholhealthwarninglabel_brennan_2022_emotional_arousal_followup,item_response_warehouse_3,6,1087,7,6522,1,FALSE,Opinion/attitude,Opinion/attitude,affective/opinion,Likert Scale/selected response,Survey/questionnaire,Positive Emotional Arousal to Alcohol Warning Labels,10.1371/journal.pone.0276189,CC BY 4.0
yu_2015_family_environment,item_response_warehouse_3,21,4582,4,96222,1,FALSE,NA,[untagged],untagged,NA,NA,NA,10.1371/journal.pone.0143612,CC BY 4.0
yang_2023_emotional_eating_eesr,item_response_warehouse_3,23,494,5,11362,1,FALSE,NA,[untagged],untagged,NA,NA,NA,10.1371/journal.pone.0280701,CC BY 4.0
yang_2023_emotional_eating_cesd,item_response_warehouse_3,20,494,4,9880,1,FALSE,NA,[untagged],untagged,NA,NA,NA,10.1371/journal.pone.0280701,CC BY 4.0
yang_2023_emotional_eating_uppsp,item_response_warehouse_3,20,494,4,9880,1,FALSE,NA,[untagged],untagged,NA,NA,NA,10.1371/journal.pone.0280701,CC BY 4.0
yang_2023_emotional_eating_ders,item_response_warehouse_3,36,494,5,17784,1,FALSE,NA,[untagged],untagged,NA,NA,NA,10.1371/journal.pone.0280701,CC BY 4.0
bittencourt_2021_dfs2,item_response_warehouse_3,36,681,5,24516,1,FALSE,NA,[untagged],untagged,NA,NA,NA,10.1371/journal.pone.0253044,CC BY 4.0
shen_2020_sas20,item_response_warehouse_3,20,1647,4,32940,1,FALSE,NA,[untagged],untagged,NA,NA,NA,10.1371/journal.pone.0243890,CC BY 4.0
sun_2026_eap_content,item_response_warehouse_3,11,650,5,7150,1,FALSE,NA,[untagged],untagged,NA,NA,NA,10.1371/journal.pone.0351750,CC BY 4.0
sun_2026_eap_usage,item_response_warehouse_3,12,650,5,7800,1,FALSE,NA,[untagged],untagged,NA,NA,NA,10.1371/journal.pone.0351750,CC BY 4.0
sun_2026_eap_difficulty,item_response_warehouse_3,6,650,5,3900,1,FALSE,NA,[untagged],untagged,NA,NA,NA,10.1371/journal.pone.0351750,CC BY 4.0
ghanbari_2016_helma_reading,item_response_warehouse_3,6,582,5,3492,1,FALSE,NA,[untagged],untagged,NA,NA,NA,10.1371/journal.pone.0149202,CC BY 4.0
ghanbari_2016_helma_comm,item_response_warehouse_3,8,582,5,4656,1,FALSE,NA,[untagged],untagged,NA,NA,NA,10.1371/journal.pone.0149202,CC BY 4.0
ghanbari_2016_helma_understand,item_response_warehouse_3,9,582,5,5238,1,FALSE,NA,[untagged],untagged,NA,NA,NA,10.1371/journal.pone.0149202,CC BY 4.0
ghanbari_2016_helma_access,item_response_warehouse_3,11,582,5,6402,1,FALSE,NA,[untagged],untagged,NA,NA,NA,10.1371/journal.pone.0149202,CC BY 4.0
zhou_2025_ehealth_literacy,item_response_warehouse_3,8,14892,5,119136,1,FALSE,NA,[untagged],untagged,NA,NA,NA,10.1371/journal.pone.0330637,CC BY 4.0
zhou_2025_peer_relationship,item_response_warehouse_3,16,14892,4,238272,1,FALSE,NA,[untagged],untagged,NA,NA,NA,10.1371/journal.pone.0330637,CC BY 4.0
daiku_2021_lying_frequency,item_response_warehouse_3,10,305,13,3050,1,FALSE,NA,[untagged],untagged,NA,NA,NA,10.1371/journal.pone.0249815,CC BY 4.0
daiku_2021_dirty_dozen,item_response_warehouse_3,12,305,5,3660,1,FALSE,NA,[untagged],untagged,NA,NA,NA,10.1371/journal.pone.0249815,CC BY 4.0
lopezgomez_2025_mbi_efficacy,item_response_warehouse_2,6,432,7,2592,1,FALSE,NA,[untagged],untagged,NA,NA,NA,10.1038/s41598-024-84829-8,CC BY 4.0
estevezlopez_2016_panas,item_response_warehouse_2,20,442,5,8840,1,FALSE,NA,[untagged],untagged,NA,NA,NA,10.7717/peerj.1822,CC BY 4.0
lee_2024_panas,item_response_warehouse_2,20,527,5,10540,1,FALSE,NA,[untagged],untagged,NA,NA,NA,10.7717/peerj.18379,CC BY 4.0
