"group_key","anchor","tables","k","items_total","items_min","n_min","n_max","same_n","cells_est","eligible","score"
"doi:10.1177/10731911251319933","act_kay_2025","act_kay_2025|bcti21_kay_2025|spq_kay_2025|den_kay_2025|nfc_kay_2025|cmq_kay_2025|gcb5_2025|cf_kay_2025|agn_kay_2025|pds_kay_2025|gmc_kay_2025|onecm_kay_2025",12,88,1,492,492,TRUE,43296,TRUE,14.1052984361007
"doi:10.1371/journal.pone.0300657","alsyouf_2024_social_influence","alsyouf_2024_social_influence|alsyouf_2024_management_support|alsyouf_2024_facilitating_conditions|alsyouf_2024_conscientiousness|alsyouf_2024_end_user_support|alsyouf_2024_effort_expectancy|alsyouf_2024_agreeableness|alsyouf_2024_neuroticism|alsyouf_2024_extraversion|alsyouf_2024_openness|alsyouf_2024_continuance_intention|alsyouf_2024_performance_expectancy",12,98,4,472,472,TRUE,46256,TRUE,14.0206086653008
"doi:data doi: 10.6084/m9.figshare.26820745.v4","jeilani_2024_academic_stress","jeilani_2024_academic_stress|jeilani_2024_personal_growth|jeilani_2024_psychological_wellbeing|jeilani_2024_proactivity|jeilani_2024_social_support_family|jeilani_2024_self_efficacy|jeilani_2024_social_anxiety|jeilani_2024_social_outcomes|jeilani_2024_social_support|jeilani_2024_emotional|jeilani_2024_purpose_in_life",11,37,2,663,663,TRUE,24531,TRUE,13.5748468617381
"bib:@misc{Survey_of_Political_Culture_ECP_2023,
  title = {Survey of Political Culture - ECP - 2023},
  url = {https://microdatos.dane.gov.co/index.php/catalog/822/get-microdata},
  note = {Accessed: 2023}
}","colombia_2023_politics_media","colombia_2023_politics_media|colombia_2023_politics_protection|colombia_2023_politics_prevention|colombia_2023_politics_spaces|colombia_2023_politics_risks|colombia_2023_politics_procedures|colombia_2023_politics_meaning|colombia_2023_politics_organizations",8,73,6,46392,46392,TRUE,3386616,TRUE,12.1797764290735
"doi:10.6084/m9.figshare.28768874.v1","okeke2025_decision_confidence_pre","okeke2025_decision_confidence_pre|okeke2025_decision_accuracy|okeke2025_adaptability|okeke2025_cognitive_agility_post|okeke2025_risk_mitigation|okeke2025_ai_usefulness_pre|okeke2025_ai_usefulness_post|okeke2025_cognitive_agility_pre|okeke2025_decision_confidence_post|okeke2025_response_time",10,32,3,200,200,TRUE,6400,TRUE,12.0876966623306
"bib:@misc{Encuesta_TIC,
  title = {Encuesta de Usos de las Tecnologías de la Información y las Comunicaciones},
  howpublished = {\url{https://www4.ine.gub.uy/Anda5/index.php/catalog/736/get-microdata}},
  note = {Accessed: 2023-10-01}
}","uruguay_2022_technology_devices","uruguay_2022_technology_devices|uruguay_2022_technology_govperception|uruguay_2022_technology_transactions|uruguay_2022_technology_entertainment|uruguay_2022_technology_safety|uruguay_2022_technology_barriers|uruguay_2022_technology_ownership|uruguay_2022_technology_information|uruguay_2022_technology_streaming",9,80,3,2562,2562,TRUE,204960,TRUE,11.8752457920753
"doi:10.1371/journal.pone.0318449","singh_2025_identity_gi","singh_2025_identity_gi|singh_2025_identity_pba|singh_2025_identity_irs|singh_2025_identity_grit|singh_2025_identity_pia|singh_2025_identity_pss|singh_2025_identity_pit|singh_2025_identity_pds|singh_2025_identity_cse",9,76,4,1470,1470,TRUE,111720,TRUE,11.6606506680815
"doi:10.31219/osf.io/3vd9f_v1","suicide_reinbergs_2025_stosa","suicide_reinbergs_2025_stosa|suicide_reinbergs_2025_ghsq|suicide_reinbergs_2025_gad|suicide_reinbergs_2025_mpfi|suicide_reinbergs_2025_soss|suicide_reinbergs_2025_stig|suicide_reinbergs_2025_sbqr|suicide_reinbergs_2025_dssm|suicide_reinbergs_2025_phq",9,68,2,1258,1258,TRUE,85544,TRUE,11.6463473077759
"doi:10.3389/fpsyg.2020.590276","pellerin2020_cpc_selfefficacy","pellerin2020_cpc_selfefficacy|pellerin2020_mwbs_gratbeing|pellerin2020_gq6|pellerin2020_mwbs_pd|pellerin2020_serenity_acceptance|pellerin2020_asti|pellerin2020_cpc_hope|pellerin2020_3dws|pellerin2020_cpc_optimism",9,53,3,674,674,TRUE,35722,TRUE,11.475326563202
"bib:@misc{bidat_dataset_2023,
  title = {Dataset from BiDAT},
  url = {https://bidat.gob.cl/details/ficha/dataset/f80237f5-9231-40d1-a1f1-ed93751dc2ac},
  year = {2023},
  note = {Accessed: 2023-10-01}
}","chile_2023_social-welfare-survey_a","chile_2023_social-welfare-survey_a|chile_2023_social-welfare-survey_u|chile_2023_social-welfare-survey_ss|chile_2023_social-welfare-survey_h|chile_2023_social-welfare-survey_oo|chile_2023_social-welfare-survey_yy|chile_2023_social-welfare-survey_ee|chile_2023_social-welfare-survey_vv",8,114,5,11234,11234,TRUE,1280676,TRUE,11.2905344195401
"doi:10.1371/journal.pone.0327359","qiang_2025_workplace_friendship","qiang_2025_workplace_friendship|qiang_2025_coping|qiang_2025_red_tape|qiang_2025_job_dissatisfaction|qiang_2025_abusive_supervision|qiang_2025_ne_scale|qiang_2025_job_performance|qiang_2025_surface_acting",8,38,3,396,396,TRUE,15048,TRUE,10.3443618525922
"doi:10.1111/cdev.14263","heise_2024_mental_falsebel","heise_2024_mental_falsebel|heise_2024_mental_vpt|heise_2024_mental_truebel|heise_2024_mental_falsesign|heise_2024_mental_knowexpert|heise_2024_mental_divdesires|heise_2024_mental_divbeliefs|heise_2024_mental_knowaccess",8,74,6,206,206,TRUE,15244,TRUE,9.82053388703582
"doi:10.1371/journal.pone.0229354","jablonska_2020_upward_comparison","jablonska_2020_upward_comparison|jablonska_2020_downward_comparison|jablonska_2020_rses|jablonska_2020_hads|jablonska_2020_profile_grooming|jablonska_2020_swls|jablonska_2020_instagram_addiction",7,54,3,974,974,TRUE,52596,TRUE,9.62855895687862
"doi:https://doi.org/10.7910/DVN/ZDNSFJ","feng2026_behavioral_intention","feng2026_behavioral_intention|feng2026_perceived_ease_of_use|feng2026_competence|feng2026_ec|feng2026_intrinsic_motivation|feng2026_autonomy|feng2026_perceived_usefulness",7,28,3,587,587,TRUE,16436,TRUE,9.58197143458095
"doi:10.1371/journal.pone.0149202","ghanbari_2016_helma_understand","ghanbari_2016_helma_understand|ghanbari_2016_helma_access|ghanbari_2016_helma_use|ghanbari_2016_helma_appraise|ghanbari_2016_helma_comm|ghanbari_2016_helma_reading|ghanbari_2016_helma_numeracy",7,47,3,582,582,TRUE,27354,TRUE,9.45158965131656
"doi:10.1371/journal.pone.0346696","zeng_2026_gai_exploitation","zeng_2026_gai_exploitation|zeng_2026_gai_ttf|zeng_2026_gai_inst_support|zeng_2026_gai_role_adapt|zeng_2026_gai_self_efficacy|zeng_2026_gai_learning_effect|zeng_2026_gai_exploration",7,35,5,207,207,TRUE,7245,TRUE,9.08263701212359
"doi:10.1371/journal.pone.0237710","afaya_2020_medication_knowledge","afaya_2020_medication_knowledge|afaya_2020_general_knowledge|afaya_2020_monitoring_knowledge|afaya_2020_complications_knowledge|afaya_2020_diet_knowledge|afaya_2020_exercise_knowledge|afaya_2020_footcare_knowledge",7,66,4,330,330,TRUE,21780,TRUE,9.07851393987789
"doi:10.1371/journal.pone.0152892","lorenz_2016_resilience","lorenz_2016_resilience|lorenz_2016_optimism2|lorenz_2016_hope|lorenz_2016_efficacy1|lorenz_2016_optimism1|lorenz_2016_psycap|lorenz_2016_efficacy2",7,76,5,321,321,TRUE,24396,TRUE,8.99983836573821
"doi:10.1371/journal.pone.0169375","liu_2017_mcmq_coping","liu_2017_mcmq_coping|liu_2017_communication|liu_2017_scale_d|liu_2017_scale_o|liu_2017_ssrs_support|liu_2017_qol|liu_2017_benefit_finding",7,95,3,350,350,TRUE,33250,TRUE,8.91073471101694
"doi:10.1038/s41598-026-37436-8","chakraborty2026_IWAH_IRW","chakraborty2026_IWAH_IRW|chakraborty2026_SELOS_IRW|chakraborty2026_BIDR_IRW|chakraborty2026_BES_IRW|chakraborty2026_BSPWBA_IRW|chakraborty2026_PTM_IRW|chakraborty2026_IRI_IRW",7,140,8,634,634,TRUE,88760,TRUE,8.8687559245484
"doi:10.21203/rs.3.rs-9429022/v1","2024_online_addiction_igds","2024_online_addiction_igds|2024_online_addiction_sabas|2024_online_addiction_bsmas|ma2026_sabas|ma2026_bsmas|ma2026_igds",6,42,6,1108,1108,TRUE,46536,TRUE,8.76453976039241
"doi:10.1371/journal.pone.0318101","shu_2025_translation_mcpis","shu_2025_translation_mcpis|shu_2025_translation_pcd|shu_2025_translation_eib|shu_2025_translation_add|shu_2025_translation_pgv|shu_2025_translation_srt",6,45,3,1054,1054,TRUE,47430,TRUE,8.72284061087653
"doi:10.1002/pits.23591","anunciacao_2025_emotional_responsibility","anunciacao_2025_emotional_responsibility|anunciacao_2025_emotional_self-awareness|anunciacao_2025_emotional_social-awareness|anunciacao_2025_emotional_management|anunciacao_2025_emotional_relationships",5,39,4,8100,8100,TRUE,315900,TRUE,8.64848501887865
"doi:10.1371/journal.pone.0299971","nam_2024_function","nam_2024_function|nam_2024_selfeff|nam_2024_selfcare|nam_2024_access|nam_2024_medint|nam_2024_khlat|nam_2024_attitude",7,122,6,214,214,TRUE,26108,TRUE,8.51708044001586
"doi:10.1371/journal.pone.0217758","lunacortes_2019_social_value","lunacortes_2019_social_value|lunacortes_2019_interperson_conn|lunacortes_2019_satisfaction|lunacortes_2019_isnbi|lunacortes_2019_isncc|lunacortes_2019_self_congruity",6,21,3,444,444,TRUE,9324,TRUE,8.50738297011462
"doi:10.1159/000546101","dwyer_2025_genomics_os","dwyer_2025_genomics_os|dwyer_2025_genomics_pb|dwyer_2025_genomics_gec|dwyer_2025_genomics_sjc|dwyer_2025_genomics_ec|dwyer_2025_genomics_pc",6,43,4,486,486,TRUE,20898,TRUE,8.39996960259563
"bib:@misc{Survey_of_Political_Culture_ECP_2023,
  title = {Survey of Political Culture - ECP - 2023},
  howpublished = {\url{https://microdatos.dane.gov.co/index.php/catalog/822/get-microdata}},
  note = {Accessed: 2023-10-01}
}","colombia_2023_politics_candidates","colombia_2023_politics_candidates|colombia_2023_politics_importance|colombia_2023_politics_channels|colombia_2023_politics_rights",4,45,6,46392,46392,TRUE,2087640,TRUE,8.36644309574016
"doi:10.1371/journal.pone.0240103","shan_2020_pd","shan_2020_pd|shan_2020_ph|shan_2020_hs|shan_2020_f|shan_2020_cs|shan_2020_g",6,26,2,202,202,TRUE,5252,TRUE,8.13201803611329
"bib:@misc{EncuestaTIC,
  title = {Encuesta de Usos de las Tecnologías de la Información y las Comunicaciones},
  howpublished = {\url{https://www4.ine.gub.uy/Anda5/index.php/catalog/736/get-microdata}},
  note = {Accessed: 2023-10-01}
}","uruguay_2022_technology_access","uruguay_2022_technology_access|uruguay_2022_technology_places|uruguay_2022_technology_work|uruguay_2022_technology_communication|uruguay_2022_technology_govservices",5,45,7,2562,2562,TRUE,115290,TRUE,8.10857912540867
"doi:10.3389/fpsyt.2022.827519","wang2022_iat","wang2022_iat|wang2022_dass_stress|wang2022_fomo|wang2022_igas|wang2022_dass_depression|wang2022_dass_anxiety",6,61,7,324,324,TRUE,19764,TRUE,8.10387834353995
"doi:10.5334/jopd.124","much_tte_2025_matrixreasoning","much_tte_2025_matrixreasoning|much_tte_2025_concentrationtask|much_tte_2025_actionorientation|much_tte_2025_effort|much_tte_2025_currentmotivation",5,49,3,1244,1244,TRUE,60956,TRUE,7.76815371368813
"doi:10.1371/journal.pone.0248591","tuason_2021_wellbeing","tuason_2021_wellbeing|tuason_2021_sense_of_agency|tuason_2021_covid_coping_enjoy|tuason_2021_loneliness_social|tuason_2021_loneliness_emotional",5,43,3,938,938,TRUE,40334,TRUE,7.6855361717124
"doi:10.17605/OSF.IO/9J6HM","test_taking_much_2025_ct","test_taking_much_2025_ct|test_taking_much_2025_ef|test_taking_much_2025_mr|test_taking_much_2025_ao|test_taking_much_2025_cm",5,67,9,1244,1244,TRUE,83348,TRUE,7.64815371368813
"doi:data doi: 10.6084/m9.figshare.30397234.v1","hao_2025_self_efficacy","hao_2025_self_efficacy|hao_2025_foreign_language_anxiety|hao_2025_emotional_regulation|hao_2025_metacognitive_regulation|hao_2025_social_regulation",5,33,4,650,650,TRUE,21450,TRUE,7.59291335664286
"doi:10.6084/m9.figshare.32090683.v1","che_2026_regulatory_self_efficacy","che_2026_regulatory_self_efficacy|che_2026_upward_social_comparison|che_2026_social_support|che_2026_upward_social_identity|che_2026_social_wellbeing",5,55,3,897,897,TRUE,49335,TRUE,7.58612577637743
"doi:10.1371/journal.pone.0271374","hoorani_2022_sp","hoorani_2022_sp|hoorani_2022_epreas|hoorani_2022_child_help|hoorani_2022_ps|hoorani_2022_nps",5,22,4,535,535,TRUE,11770,TRUE,7.58168711535456
"doi:10.1016/j.paid.2025.113343","lec5_xiong_2025","lec5_xiong_2025|phq9_xiong_2025|ders16_xiong_2025|pcl5_xiong_2025",4,62,9,9506,9506,TRUE,589372,TRUE,7.56466447662541
"doi:10.1371/journal.pone.0346229","wang_2026_perceived_usefulness","wang_2026_perceived_usefulness|wang_2026_attitude|wang_2026_technology_anxiety|wang_2026_behavioral_intention|wang_2026_teaching_presence",5,22,3,500,500,TRUE,11000,TRUE,7.55230333766935
"doi:10.6084/m9.figshare.30195541.v1","merlo2025_eng_emotional","merlo2025_eng_emotional|merlo2025_eng_agentic|merlo2025_eng_cognitive|merlo2025_eng_comprehensive|merlo2025_eet",5,72,9,1065,1065,TRUE,76680,TRUE,7.54734960777476
"doi:10.6084/m9.figshare.28737626","gao2025_spiritual_wellbeing","gao2025_spiritual_wellbeing|gao2025_family_support|gao2025_sse|gao2025_attachment_avoidance|gao2025_attachment_anxiety",5,31,3,459,459,TRUE,14229,TRUE,7.45514601887059
"doi:10.7910/dvn/atlxc5","xu2024_noncompliance","xu2024_noncompliance|xu2024_turnover_intent|xu2024_self_efficacy|xu2024_emotional_exhaust|xu2024_unethical_behav",5,27,4,414,414,TRUE,11178,TRUE,7.4370003411209
"doi:10.1371/journal.pone.0266711","avilatamayo_2022_skills_dev","avilatamayo_2022_skills_dev|avilatamayo_2022_work_life|avilatamayo_2022_empl_stab|avilatamayo_2022_work_envir|avilatamayo_2022_workf_div",5,31,5,433,433,TRUE,13423,TRUE,7.4298212296867
"doi:10.1371/journal.pone.0320053","thanh_2025_green_knowledge","thanh_2025_green_knowledge|thanh_2025_perceived_control|thanh_2025_green_behavior|thanh_2025_attitude|thanh_2025_environ_concern",5,30,5,407,407,TRUE,12210,TRUE,7.40959440922522
"doi:10.1371/journal.pone.0171288","rahm_2017_panas","rahm_2017_panas|rahm_2017_spane|rahm_2017_swls|rahm_2017_hswbs|rahm_2017_shs",5,47,4,498,498,TRUE,23406,TRUE,7.38389600942638
"doi:10.31219/osf.io/vq3ty","HEARD_Roch_2022_SWLPWI","HEARD_Roch_2022_SWLPWI|HEARD_Roch_2022_COPE|HEARD_Roch_2022_IDSS|HEARD_Roch_2022_K6|HEARD_Roch_2022_WHODAS",5,62,6,600,600,TRUE,37200,TRUE,7.36481791705031
"doi:10.1371/journal.pone.0322200","zhang_2025_self_efficacy","zhang_2025_self_efficacy|zhang_2025_normative_pressure|zhang_2025_coercive_pressure|zhang_2025_green_supply_intent|zhang_2025_environ_awareness",5,23,4,292,292,TRUE,6716,TRUE,7.31204951811509
"doi:10.3389/fpsyg.2021.720601","BSCS_fadplus_goto2021","BSCS_fadplus_goto2021|LOC_fadplus_goto2021|Rosenberg_fadplus_goto2021|FAD_fadplus_goto2021|GBJW_fadplus_goto2021",5,91,7,802,802,TRUE,72982,TRUE,7.2975077016175
"doi:10.6084/m9.figshare.14870235.v1","kern_2021_happiness","kern_2021_happiness|kern_2021_engagement|kern_2021_learning|kern_2021_life_satisfaction|kern_2021_connectedness",5,37,3,350,350,TRUE,12950,TRUE,7.29740137768361
"doi:10.1371/journal.pone.0323879","ngo_2025_green_purchase_behavior","ngo_2025_green_purchase_behavior|ngo_2025_green_attitude|ngo_2025_green_pbc|ngo_2025_green_subjective_norm|ngo_2025_green_purchase_intention",5,20,4,237,237,TRUE,4740,TRUE,7.24141501267677
"doi:10.1371/journal.pone.0353067","ozkurt_2026_sport_motivation","ozkurt_2026_sport_motivation|ozkurt_2026_basic_psych_needs|ozkurt_2026_ego_orientation|ozkurt_2026_continuance_intention|ozkurt_2026_paces_enjoyment",5,54,6,374,374,TRUE,20196,TRUE,7.21287160220048
"doi:10.1371/journal.pone.0267175","dopmeijer_2022_ubos","dopmeijer_2022_ubos|dopmeijer_2022_loneliness|dopmeijer_2022_performance_pressure|dopmeijer_2022_sense_belonging",4,44,6,3141,3141,TRUE,138204,TRUE,7.20373460306517
"doi:10.17605/OSF.IO/6V5QB","assessment_time_fournier_2025_bscs","assessment_time_fournier_2025_bscs|assessment_time_fournier_2025_phq|assessment_time_fournier_2025_pmpuq|assessment_time_fournier_2025_gad|assessment_time_fournier_2025_upps",5,64,7,398,398,TRUE,25472,TRUE,7.17321640540702
"doi:10.1371/journal.pone.0260616","luo_2021_host_ties","luo_2021_host_ties|luo_2021_intl_ties|luo_2021_conational_ties|luo_2021_acculturation_index|luo_2021_ecr",5,34,4,229,229,TRUE,7786,TRUE,7.13316881567322
"doi:10.1371/journal.pone.0298880","dvivdtws_ppmial_marcatto_2023_ocs","dvivdtws_ppmial_marcatto_2023_ocs|dvivdtws_ppmial_marcatto_2023_dtw|dvivdtws_ppmial_marcatto_2023_ocb|dvivdtws_ppmial_marcatto_2023_cwb|dvivdtws_ppmial_marcatto_2023_snaq",5,110,22,553,553,TRUE,60830,TRUE,7.00939179797137
"doi:10.1371/journal.pone.0194559","liu_2018_panas","liu_2018_panas|liu_2018_gse|liu_2018_swls|liu_2018_lot_r|liu_2018_shyness",5,58,5,208,208,TRUE,12064,TRUE,6.9313966682961
"doi:data doi: 10.7910/dvn/edevgy","galindo_2023_emotional_intelligence","galindo_2023_emotional_intelligence|galindo_2023_beliefs|galindo_2023_social_support|galindo_2023_loneliness",4,32,3,951,951,TRUE,30432,TRUE,6.76484718360408
"doi:10.1371/journal.pone.0304428","cormier_2024_phq4","cormier_2024_phq4|cormier_2024_pss4|cormier_2024_personality|cormier_2024_cognitive_decline",4,30,4,898,898,TRUE,26940,TRUE,6.7532763366673
"doi:10.6084/m9.figshare.30093970","chen2025_activity_motivation","chen2025_activity_motivation|chen2025_body_image|chen2025_peer_support|chen2025_self_esteem",4,53,5,1100,1100,TRUE,58300,TRUE,6.68805935182489
"doi:10.1371/journal.pone.0319700","wang_onlineriskexp_2025_negativeatt","wang_onlineriskexp_2025_negativeatt|wang_onlineriskexp_2025|wang_onlineriskexp_2025_anxiety|wang_onlineriskexp_2025_interpersonalsecurity",4,46,5,986,986,TRUE,45356,TRUE,6.68721024827454
"doi:10.17605/OSF.IO/8XUHR","FIVPEI_Perrig_2023_AttDiff","FIVPEI_Perrig_2023_AttDiff|FIVPEI_Perrig_2023_PENS|FIVPEI_Perrig_2023_PXI|FIVPEI_Perrig_2023_IMI",4,82,7,1551,1551,TRUE,127182,TRUE,6.64394513114694
"doi:10.1371/journal.pone.0351750","sun_2026_eap_content","sun_2026_eap_content|sun_2026_eap_difficulty|sun_2026_eap_methods|sun_2026_eap_usage",4,34,5,650,650,TRUE,22100,TRUE,6.58624668997619
"bib:@misc{noauthor_undated,
  title = {Dataset from BIDAT},
  url = {https://bidat.gob.cl/details/ficha/dataset/f80237f5-9231-40d1-a1f1-ed93751dc2ac},
  note = {Accessed: 2023-10-01}
}","chile_2023_social-welfare-survey_rr","chile_2023_social-welfare-survey_rr|chile_2023_social-welfare-survey_f|chile_2023_social-welfare-survey_g",3,70,13,11234,11234,TRUE,786380,TRUE,6.58386775287346
"doi:10.1371/journal.pone.0264722","pavic_2022_natural_immunity","pavic_2022_natural_immunity|pavic_2022_science_literacy|pavic_2022_healthcare_trust|pavic_2022_vaccine_conspiracy",4,33,3,577,577,TRUE,19041,TRUE,6.54117581315573
"doi:10.1371/journal.pone.0350928","yang_2026_rrs","yang_2026_rrs|yang_2026_pars3|yang_2026_stress_response|yang_2026_erq",4,71,3,1033,1033,TRUE,73343,TRUE,6.54076698818629
"doi:10.1371/journal.pone.0328226","liu_2025_foreign_lang_enjoyment","liu_2025_foreign_lang_enjoyment|liu_2025_classroom_interaction|liu_2025_speaking_selfefficacy|liu_2025_willingness_communicate",4,44,9,623,623,TRUE,27412,TRUE,6.50115471332584
"doi:10.1371/journal.pone.0312597","wu_2024_video_addiction","wu_2024_video_addiction|wu_2024_resilience|wu_2024_self_control|wu_2024_proactive_personality",4,38,6,560,560,TRUE,21280,TRUE,6.49485469367287
"doi:10.1371/journal.pone.0240667","jordan_2020_burnout","jordan_2020_burnout|jordan_2020_pss10|jordan_2020_mindfulness|jordan_2020_resilience",4,38,6,539,539,TRUE,20482,TRUE,6.47825543185341
"doi:10.6084/m9.figshare.21988799","baka2023_uwes","baka2023_uwes|baka2023_olbi|baka2023_bpnsf|baka2023_jcs",4,70,8,839,839,TRUE,58730,TRUE,6.45709529416203
"doi:10.1098/rsos.211998","bps_boredom_bieleke2022","bps_boredom_bieleke2022|bae_boredom_bieleke2022|ada_boredom_bieleke2022|beh_boredom_bieleke2022",4,54,8,636,636,TRUE,34344,TRUE,6.44345711564841
"doi:10.1371/journal.pone.0325835","ye_2025_q25_scale","ye_2025_q25_scale|ye_2025_q32_scale|ye_2025_q15_scale",3,32,9,4513,4513,TRUE,144416,TRUE,6.44113200018681
"doi:10.1027/1015-5759/a000825","crspolish_wiesyk_2024_p_stress","crspolish_wiesyk_2024_p_stress|crspolish_wiesyk_2024_lie|crspolish_wiesyk_2024_crs|crspolish_wiesyk_2024_enrich",4,69,7,783,783,TRUE,54027,TRUE,6.43376176205794
"doi:10.7910/dvn/ireejj","karajko2025_ai_benefit","karajko2025_ai_benefit|karajko2025_ai_governance|karajko2025_ai_risk|karajko2025_ai_trust",4,32,6,386,386,TRUE,12352,TRUE,6.37325397133842
"doi:10.1371/journal.pone.0250878","li_2021_cultural_intelligence","li_2021_cultural_intelligence|li_2021_org_cultural_diversity|li_2021_knowledge_sharing|li_2021_sustainable_innov_behav",4,31,4,336,336,TRUE,10416,TRUE,6.31967261072318
"doi:10.1371/journal.pone.0290452","huang_2023_b_scale","huang_2023_b_scale|huang_2023_c_scale|huang_2023_d_scale|huang_2023_e_scale",4,76,9,631,631,TRUE,47956,TRUE,6.29336269257747
"doi:10.3389/feduc.2020.00015","erf_breuer_2017_frmfr","erf_breuer_2017_frmfr|erf_breuer_2017_tai|erf_breuer_2017_dosp|erf_breuer_2017_frmmc",4,74,9,433,433,TRUE,32042,TRUE,6.14315456302003
"doi:10.1371/journal.pone.0260621","pechorro_impulsivity_2021_rpq","pechorro_impulsivity_2021_rpq|pechorro_impulsivity_2021_iid|pechorro_impulsivity_2021_bes|pechorro_impulsivity_2021_ypitris",4,74,7,429,429,TRUE,31746,TRUE,6.13912395885139
"bib:@misc{Canham2018,
  author = {Canham, L and Salamh, P et al.},
  title = {Evaluation of non-cognitive traits of doctor of physical therapy learners in the United States},
  year = {2018},
  howpublished = {Harvard Dataverse},
  url = {https://doi.org/10.7910/DVN/Y75CP2},
  doi = {10.7910/DVN/Y75CP2}
}","dpt_noncog__interpersonal_reactivity","dpt_noncog__interpersonal_reactivity|dpt_noncog__intolerance_of_uncertainty|dpt_noncog__social_intelligence|dpt_noncog__psychological_flexibility",4,51,9,298,298,TRUE,15198,TRUE,6.13421626407626
"doi:10.1371/journal.pone.0333390","kim_2025_psqi","kim_2025_psqi|kim_2025_isi|kim_2025_psas|kim_2025_hads",4,51,7,286,286,TRUE,14586,TRUE,6.11636603312904
"doi:10.17605/osf.io/cwjxq","ptacek2023_compact","ptacek2023_compact|ptacek2023_swls|ptacek2023_aaq2|ptacek2023_dass21",4,56,5,299,299,TRUE,16744,TRUE,6.1023378549911
"doi:10.1371/journal.pone.0321066","jiang_2025_inclusive_efficacy","jiang_2025_inclusive_efficacy|jiang_2025_sacie|jiang_2025_empathy|jiang_2025_teaching_motivation",4,44,4,240,240,TRUE,10560,TRUE,6.08687790837827
"doi:10.1371/journal.pone.0280701","yang_2023_emotional_eating_uppsp","yang_2023_emotional_eating_uppsp|yang_2023_emotional_eating_eesr|yang_2023_emotional_eating_ders|yang_2023_emotional_eating_cesd",4,99,20,494,494,TRUE,48906,TRUE,6.03372694892365
"doi:10.1037/a0021590","psychotools_gratitude_gac","psychotools_gratitude_gac|psychotools_gratitude_gq6|psychotools_gratitude_gart",3,25,3,1405,1405,TRUE,35125,TRUE,5.98100965757443
"doi:10.1177/07342829221125843","PPPASBPNSSedaisw_Pedro_2022_EBSV","PPPASBPNSSedaisw_Pedro_2022_EBSV|PPPASBPNSSedaisw_Pedro_2022_PANAS|PPPASBPNSSedaisw_Pedro_2022_NPBE",3,41,6,1648,1648,TRUE,67568,TRUE,5.94362387402776
"doi:10.1371/journal.pone.0189543","lu_2017_pss10","lu_2017_pss10|lu_2017_phq9|lu_2017_gad7",3,26,7,1296,1296,TRUE,33696,TRUE,5.93927166820124
"doi:10.1371/journal.pone.0164630","iwasa_2016_stai_trait","iwasa_2016_stai_trait|iwasa_2016_asi|iwasa_2016_dpssr|iwasa_2016_padua_inventory",4,112,16,481,481,TRUE,53872,TRUE,5.93547840970716
"doi:10.1371/journal.pone.0243457","roelen_2020_k6","roelen_2020_k6|roelen_2020_dietary_diversity|roelen_2020_rses",3,33,6,1381,1381,TRUE,45573,TRUE,5.92019367857863
"doi:10.7910/DVN/IJE2PC","gilbert_meta_57","gilbert_meta_57|gilbert_meta_58|gilbert_meta_59",3,32,9,1154,1154,TRUE,36928,TRUE,5.84887247548638
"doi:10.1002/rrq.70048","gilbert_meta_103","gilbert_meta_103|gilbert_meta_102|gilbert_meta_104",3,74,9,1914,1914,TRUE,141636,TRUE,5.78860860010749
"doi:10.1371/journal.pone.0284335","song_2023_slwai","song_2023_slwai|song_2023_mpats|song_2023_rses",3,48,10,1238,1238,TRUE,59424,TRUE,5.7727206446841
"doi:10.1371/journal.pone.0324707","fan_2025_mbi_accomplishment","fan_2025_mbi_accomplishment|fan_2025_mbi_exhaustion|fan_2025_mbi_depersonalization",3,22,5,636,636,TRUE,13992,TRUE,5.65679044898175
"doi:10.1371/journal.pone.0346791","yoshimura_2026_es_scale","yoshimura_2026_es_scale|yoshimura_2026_isu_scale|yoshimura_2026_psych_safety",3,23,6,522,522,TRUE,12006,TRUE,5.56433716966893
"doi:10.1371/journal.pone.0331067","dou2025_ans","dou2025_ans|dou2025_area|dou2025_wcts",3,53,12,748,748,TRUE,39644,TRUE,5.52056826453113
"doi:10.1016/j.appet.2021.105790","curiosity_stone_2022_var","curiosity_stone_2022_var|curiosity_stone_2022_invol|curiosity_stone_2022_fns",3,31,8,481,481,TRUE,14911,TRUE,5.47547840970716
"doi:10.1371/journal.pone.0289123","tran_2023_phq9","tran_2023_phq9|tran_2023_gi_symptoms|tran_2023_gad7",3,27,7,400,400,TRUE,10800,TRUE,5.42205999132796
"doi:10.6084/m9.figshare.16900393.v2","rosetti2023_gad7","rosetti2023_gad7|rosetti2023_climate_knowledge|rosetti2023_climate_anxiety",3,39,7,468,468,TRUE,18252,TRUE,5.41024585307412
"doi:10.1590/0102.3772e39513.en","lhsbrasil_couto_2023_ses","lhsbrasil_couto_2023_ses|lhsbrasil_couto_2023_lhs|lhsbrasil_couto_2023_pss",3,40,10,464,464,TRUE,18560,TRUE,5.39985131388821
"doi:10.3389/fpsyg.2022.852256","chen2022b_socsupport","chen2022b_socsupport|chen2022b_psychabuse|chen2022b_selfesteem",3,36,10,417,417,TRUE,15012,TRUE,5.38013605497376
"doi:10.1371/journal.pone.0331340","yu_2025_mobile_addiction","yu_2025_mobile_addiction|yu_2025_bedtime_procrastination|yu_2025_physical_activity",3,34,3,376,376,TRUE,12784,TRUE,5.34852117826099
"doi:10.1371/journal.pone.0249815","daiku_2021_lying_frequency","daiku_2021_lying_frequency|daiku_2021_dirty_dozen|daiku_2021_lie_scale",3,25,3,305,305,TRUE,7625,TRUE,5.31763317268012
"doi:10.1371/journal.pone.0330447","liu_2025_mlq","liu_2025_mlq|liu_2025_learning_motivation|liu_2025_positive_cognition",3,37,9,345,345,TRUE,12765,TRUE,5.29115242840661
"doi:10.1016/j.mhp.2023.200259","gilbert_meta_67","gilbert_meta_67|gilbert_meta_65|gilbert_meta_66",3,28,4,281,281,TRUE,7868,TRUE,5.26203965323841
"doi:10.51561/cspsych.68.1.30","APFCompact_Ptacek_2024_SWLS","APFCompact_Ptacek_2024_SWLS|APFCompact_Ptacek_2024_DASS-21|APFCompact_Ptacek_2024_AAQ_II",3,33,5,299,299,TRUE,9867,TRUE,5.25567118832443
"doi:10.3389/fpsyg.2022.1014794.s001","chen2022_cls","chen2022_cls|chen2022_ses|chen2022_sasc",3,40,10,303,303,TRUE,12120,TRUE,5.21477596183564
"doi:10.17605/OSF.IO/G5BK4","RvKDCS_Romiacg_Miroshnik_2020_KDOCS","RvKDCS_Romiacg_Miroshnik_2020_KDOCS|RvKDCS_Romiacg_Miroshnik_2020_CBI|RvKDCS_Romiacg_Miroshnik_2020_BFI",3,121,11,1011,1011,TRUE,122331,TRUE,5.19808448892433
"doi:10.1371/journal.pone.0256636","zamzuri_2021_rpap_risk_perception","zamzuri_2021_rpap_risk_perception|zamzuri_2021_rpap_practice|zamzuri_2021_rpap_attitude",3,35,10,253,253,TRUE,8855,TRUE,5.16978718784249
"doi:10.1371/journal.pone.0278921","kim_2023_gad7","kim_2023_gad7|kim_2023_pss10|kim_2023_phq9",3,26,7,202,202,TRUE,5252,TRUE,5.13201803611329
"doi:10.1371/journal.pone.0316656","hpwt_bayona_2025_jobsatisfaction","hpwt_bayona_2025_jobsatisfaction|hpwt_bayona_2025_workcharacteristics|hpwt_bayona_2025_jobperformance",3,86,4,504,504,TRUE,43344,TRUE,5.12909720311219
"doi:https://doi.org/10.1371/journal.pone.0342855","wu2026_liking","wu2026_liking|wu2026_typical|wu2026_novel",3,30,10,200,200,TRUE,6000,TRUE,5.10102999566398
"doi:10.1371/journal.pone.0276803","odachi_2022_fear_covid19","odachi_2022_fear_covid19|odachi_2022_hads|odachi_2022_bfs",3,81,7,417,417,TRUE,33777,TRUE,5.08013605497376
"doi:10.1027/1015-5759/a000685","AOMT_BR_SF_EDPANAB_Geiger_2021_AOT","AOMT_BR_SF_EDPANAB_Geiger_2021_AOT|AOMT_BR_SF_EDPANAB_Geiger_2021_RF|AOMT_BR_SF_EDPANAB_Geiger_2021_BRS",3,62,14,286,286,TRUE,17732,TRUE,5.04303269979571
"doi:10.1371/journal.pone.0278165","romadlon_2022_facit","romadlon_2022_facit|romadlon_2022_bdi|romadlon_2022_mfi20",3,54,13,200,200,TRUE,10800,TRUE,4.94102999566398
"doi:10.1371/journal.pone.0256283","valverdeberrocoso_2021_sqd","valverdeberrocoso_2021_sqd|valverdeberrocoso_2021_tictip|valverdeberrocoso_2021_learning_design",3,74,22,251,251,TRUE,18574,TRUE,4.90634038814771
"bib:@misc{ENUSC,
  title = {Encuesta Nacional Urbana de Seguridad Ciudadana (ENUSC)},
  howpublished = {\url{https://www.ine.gob.cl/estadisticas-por-tema/sociedad-y-condiciones-de-vida/seguridad-ciudadana}},
  note = {Accessed: 2023-10-01}
}","chile_2024_safety_bankfraud","chile_2024_safety_bankfraud|chile_2024_safety_identitytheftcharacterization|chile_2024_safety_safety|chile_2024_safety_surprise|chile_2024_safety_bribes|chile_2024_safety_banking|chile_2024_safety_municipal|chile_2024_safety_disturbances|chile_2024_safety_hacking|chile_2024_safety_dwellingburglary|chile_2024_safety_fear|chile_2024_safety_theft|chile_2024_safety_dwelling|chile_2024_safety_surpriserobbery|chile_2024_safety_theftcharacterization|chile_2024_safety_assault|chile_2024_safety_hackingcharacterization|chile_2024_safety_threats|chile_2024_safety_vehicle|chile_2024_safety_vehicletheft|chile_2024_safety_harassmentcharacterization|chile_2024_safety_aggression|chile_2024_safety_cyberbullying|chile_2024_safety_threatscharacterization|chile_2024_safety_violence|chile_2024_safety_identity|chile_2024_safety_carabineros|chile_2024_safety_victimization_malwarecharacterization|chile_2024_safety_trust|chile_2024_safety_vehiclevandalism|chile_2024_safety_scam|chile_2024_safety_cyberbullyingcharacterization|chile_2024_safety_extortioncharacterization|chile_2024_safety_vehiclecharacterization|chile_2024_safety_malicious|chile_2024_safety_context|chile_2024_safety_programs|chile_2024_safety_violentrobbery|chile_2024_safety_dwellingvandalism|chile_2024_safety_knowledge|chile_2024_safety_scamcharacterization|chile_2024_safety_extortion",42,278,3,24472,24472,TRUE,6803216,FALSE,44.5353361306433
"doi:10.1037/pspp0000539","sun_2025_morality_study2_prelationships","sun_2025_morality_study2_prelationships|sun_2025_morality_study3_fairnessMCQ|sun_2025_morality_study3_compassion|sun_2025_morality_study3_neuroticism|sun_2025_morality_study3_extraversion|sun_2025_morality_study3_costofmorality|sun_2025_morality_study2_pemotion|sun_2025_morality_study3_dependability|sun_2025_morality_study3_moralratings|sun_2025_morality_study1_nemotion|sun_2025_morality_study1_meaning|sun_2025_morality_study3_fairnessHEXACO|sun_2025_morality_study2_colleagueclose|sun_2025_morality_study2_colleaguetrust|sun_2025_morality_study1_compassion|sun_2025_morality_study2_colleagueknow|sun_2025_morality_study3_meaning|sun_2025_morality_study3_respectfulness|sun_2025_morality_study1_honesty|sun_2025_morality_study3_honesty|sun_2025_morality_study2_peoplelike|sun_2025_morality_study1_respectfulness|sun_2025_morality_study1_prelationships|sun_2025_morality_study3_nemotion|sun_2025_morality_study1_loyalty|sun_2025_morality_study2_peopletrust|sun_2025_morality_study1_fairnessHEXACO|sun_2025_morality_study3_pemotion|sun_2025_morality_study3_openness|sun_2025_morality_study2_meaning|sun_2025_morality_study2_colleaguelike|sun_2025_morality_study3_generalmorality|sun_2025_morality_study3_loyalty|sun_2025_morality_study3_benevolence|sun_2025_morality_study2_nemotion|sun_2025_morality_study2_colleaguerespect|sun_2025_morality_study1_pemotion|sun_2025_morality_study2_informant-moral-character|sun_2025_morality_study1_fairnessMCQ|sun_2025_morality_study2_self-moral-character|sun_2025_morality_study1_dependability|sun_2025_morality_study2_peoplerespect|sun_2025_morality_study1_morality",43,297,2,437,711,FALSE,173969,FALSE,43.6604814369704
"doi:10.46814/lajdv3n5-018","enem_2013_1mil_mt","enem_2013_1mil_mt|enem_2021_1mil_mt|enem_2018_1mil_mt|enem_2013_1mil_lc|enem_2016_1mil_ch|enem_2017_1mil_cn|enem_2015_1mil_mt|enem_2021_1mil_lc|enem_2019_1mil_mt|enem_2022_1mil_ch|enem_2018_1mil_lc|enem_2020_1mil_ch|enem_2021_1mil_ch|enem_2022_1mil_mt|enem_2021_1mil_cn|enem_2019_1mil_cn|enem_2022_1mil_cn|enem_2022_1mil_lc|enem_2020_1mil_cn|enem_2015_1mil_lc|enem_2013_1mil_cn|enem_2015_1mil_cn|enem_2017_1mil_lc|enem_2020_1mil_mt|enem_2017_1mil_ch|enem_2020_1mil_lc|enem_2016_1mil_cn|enem_2014_1mil_cn|enem_2014_1mil_ch|enem_2016_1mil_lc|enem_2017_1mil_mt|enem_2014_1mil_lc|enem_2019_1mil_lc|enem_2016_1mil_mt|enem_2015_1mil_ch|enem_2019_1mil_ch|enem_2018_1mil_cn|enem_2018_1mil_ch|enem_2013_1mil_ch|enem_2014_1mil_mt",40,3335,40,989950,1e+06,FALSE,3334164940,FALSE,23.7622799266456
"doi:10.1037/xge0001799","pezzuti_2025_coolpeople_main_tight_USA_Chile","pezzuti_2025_coolpeople_main_tight_USA_Chile|pezzuti_2025_coolpeople_benevolent|pezzuti_2025_coolpeople_main_powerdistance_USA_Chile|pezzuti_2025_coolpeople_main_collectivism_Mexico_Chile|pezzuti_2025_coolpeople_main_materialism_Chile|pezzuti_2025_coolpeople_main_nfc|pezzuti_2025_coolpeople_warm|pezzuti_2025_coolpeople_autonomous|pezzuti_2025_coolpeople_main_big5_SouthKorea|pezzuti_2025_coolpeople_main_collectivism_USA|pezzuti_2025_coolpeople_hedonistic|pezzuti_2025_coolpeople_secure|pezzuti_2025_coolpeople_traditional|pezzuti_2025_coolpeople_single-items|pezzuti_2025_coolpeople_adventurous|pezzuti_2025_coolpeople_powerful|pezzuti_2025_coolpeople_main_trendy_USA|pezzuti_2025_coolpeople_main_individualism_USA|pezzuti_2025_coolpeople_main_uncertaintyavoidance_USA_Chile|pezzuti_2025_coolpeople_main_masculinity_Chile|pezzuti_2025_coolpeople_conforming|pezzuti_2025_coolpeople_capable",22,130,4,206,5656,FALSE,357566,FALSE,23.4472005537025
"doi:10.3758/s13428-025-02743-x","peters_2025_nrm_desc_behavior","peters_2025_nrm_desc_behavior|peters_2025_si_intention|peters_2025_nrm_inj_approval|peters_2025_si_trigger|peters_2025_gen_risk_strength|peters_2025_pbc_cond_presence|peters_2025_pbc_cond_power|peters_2025_work_precautions|peters_2025_gnrc_beliefs|peters_2025_hw_intensity|peters_2025_si_current|peters_2025_nrm_desc_ident|peters_2025_pbc_skill_import|peters_2025_hw_frequency|peters_2025_att_exp_eval|peters_2025_att_exp_strength|peters_2025_att_instr_strength|peters_2025_gen_risk_eval|peters_2025_ciberlite|peters_2025_nrm_inj_motivation|peters_2025_pbc_skill_prob|peters_2025_att_instr_eval",22,300,2,2110,75012,FALSE,8769108,FALSE,23.3242824552977
"doi:10.1371/journal.pone.0312338","jiang_2024_psychosc","jiang_2024_psychosc|jiang_2024_ptsacc|jiang_2024_ptsexp|jiang_2024_cistudsi|jiang_2024_ciactivel|jiang_2024_thracademd|jiang_2024_growthm|jiang_2024_ptsinv|jiang_2024_instituinteg|jiang_2024_thrsocialc|jiang_2024_sensewb|jiang_2024_commitsw|jiang_2024_cisuppenv|jiang_2024_institutionr|jiang_2024_ciacadec|jiang_2024_thrpositivep|jiang_2024_ptspr|jiang_2024_cienrichex|jiang_2024_thrdiversc|jiang_2024_spiritua|jiang_2024_threngagel",21,113,3,707,707,TRUE,79891,FALSE,23.0960860804636
"doi:10.1037/pas0001354","narcissism_schneider_2025_study2_lpfs","narcissism_schneider_2025_study2_lpfs|narcissism_schneider_2025_study1_jauk_hsns|narcissism_schneider_2025_study2_cape|narcissism_schneider_2025_study2_who|narcissism_schneider_2025_study2_ffni|narcissism_schneider_2025_study2_shs|narcissism_schneider_2025_study1_koeberl_hsns|narcissism_schneider_2025_study2_npi|narcissism_schneider_2025_study1_jauk_emotionality|narcissism_schneider_2025_study2_audit|narcissism_schneider_2025_study2_narq|narcissism_schneider_2025_study2_hsns|narcissism_schneider_2025_study1_jauk_extraversion|narcissism_schneider_2025_study2_bfi|narcissism_schneider_2025_study2_pid|narcissism_schneider_2025_study2_swls|narcissism_schneider_2025_study2_det|narcissism_schneider_2025_study2_phq|narcissism_schneider_2025_study2_pni|narcissism_schneider_2025_study2_idasii|narcissism_schneider_2025_study2_rses|narcissism_schneider_2025_study1_morf_hsns|narcissism_schneider_2025_study2_hexaco|narcissism_schneider_2025_study1_jauk_honestyhumility|narcissism_schneider_2025_study1_jauk_npi",25,403,4,3,1417,FALSE,94339,FALSE,22.790454588053
"doi:10.5334/jopd.38","eammi_grahe_2018_moa1","eammi_grahe_2018_moa1|eammi_grahe_2018_stress|eammi_grahe_2018_idea|eammi_grahe_2018_disability_identity|eammi_grahe_2018_exploit|eammi_grahe_2018_npi|eammi_grahe_2018_swb|eammi_grahe_2018_marriage_attitudes|eammi_grahe_2018_socmedia|eammi_grahe_2018_support|eammi_grahe_2018_efficacy|eammi_grahe_2018_belong|eammi_grahe_2018_physsx|eammi_grahe_2018_moa2|eammi_grahe_2018_mindful|eammi_grahe_2018_transgressions|eammi_grahe_2018_marriage_timing|eammi_grahe_2018_marriage_identity_allocation|eammi_grahe_2018_american_dream",19,188,1,1978,3182,FALSE,578441,FALSE,21.0428929539278
"doi:10.33009/ldbase.1624481381.d9ec","florida_twins_sch","florida_twins_sch|florida_twins_friends|florida_twins_grit|florida_twins_grades|florida_twins_chaos|florida_twins_media|florida_twins_hwk|florida_twins_leq|florida_twins_class|florida_twins_dbi|florida_twins_game|florida_twins_panas|florida_twins_pals|florida_twins_par|florida_twins_cads|florida_twins_nes|florida_twins_tech|florida_twins_auth|florida_twins_dweck|florida_twins_read",20,510,4,591,1356,FALSE,514789,FALSE,19.3715874808813
"bib:@misc{Survey_of_Political_Culture_ECP_2023,
  title = {Survey of Political Culture - ECP - 2023},
  howpublished = {\url{https://microdatos.dane.gov.co/index.php/catalog/822/get-microdata}},
  year = {2023}
}","colombia_2023_politics_anticorruption","colombia_2023_politics_anticorruption|colombia_2023_politics_reasons|colombia_2023_politics_wellbeing|colombia_2023_politics_hurdles|colombia_2023_politics_requisites|colombia_2023_politics_transparency|colombia_2023_politics_problems|colombia_2023_politics_registration|colombia_2023_politics_attitudes|colombia_2023_politics_discrimination|colombia_2023_politics_guarantees|colombia_2023_politics_corruption|colombia_2023_politics_confidence|colombia_2023_politics_difficulties|colombia_2023_politics_bribery",15,147,3,46392,46392,TRUE,6819624,FALSE,18.6864430957402
"doi:10.26439/persona2024.n27(2).7384","anunciacao_2025_personality_deference","anunciacao_2025_personality_deference|anunciacao_2025_personality_affiliation|anunciacao_2025_personality_succorance|anunciacao_2025_personality_autonomy|anunciacao_2025_personality_intraception|anunciacao_2025_personality_aggression|anunciacao_2025_personality_change|anunciacao_2025_personality_nurturance|anunciacao_2025_personality_persistence|anunciacao_2025_personality_dominance|anunciacao_2025_personality_achievement|anunciacao_2025_personality_order|anunciacao_2025_personality_exhibition",13,100,5,272845,272845,TRUE,27284500,FALSE,17.7692493328954
"bib:@misc{inegi2023ensu,
  title = {Encuesta Nacional de Seguridad Pública Urbana (ENSU) 2023},
  author = {{INEGI}},
  year = {2023},
  howpublished = {\url{https://www.inegi.org.mx/programas/ensu/}},
  note = {INEGI}
}","mexico_2025_q4safety_harassment","mexico_2025_q4safety_harassment|mexico_2024_q3safety_govperformance|mexico_2024_q4safety_perception|mexico_2025_q3safety_conflicts|mexico_2024_q1safety_govperformance|mexico_2025_q3safety_govperformance|mexico_2024_q4safety_harassment|mexico_2024_q2safety_perception|mexico_2024_q3safety_conflicts|mexico_2025_q1safety_conflicts|mexico_2024_q3safety_govtrust|mexico_2024_q2safety_conflicts|mexico_2024_q3safety_violence|mexico_2025_q3safety_violence|mexico_2025_q2safety_perception|mexico_2024_q1safety_govtrust",16,398,3,23439,24114,FALSE,9479068,FALSE,17.7166057456959
"doi:10.3758/s13428-023-02121-5","oxfordcovid_xue_2024_mfq","oxfordcovid_xue_2024_mfq|oxfordcovid_xue_2024_pswq_c|oxfordcovid_xue_2024_pswq_a|oxfordcovid_xue_2024_pss|oxfordcovid_xue_2024_iusc|oxfordcovid_xue_2024_swemws|oxfordcovid_xue_2024_mh|oxfordcovid_xue_2024_brs|oxfordcovid_xue_2024_gad|oxfordcovid_xue_2024_pas|oxfordcovid_xue_2024_at|oxfordcovid_xue_2024_edeq|oxfordcovid_xue_2024_bfi|oxfordcovid_xue_2024_school|oxfordcovid_xue_2024_phq|oxfordcovid_xue_2024_ua|oxfordcovid_xue_2024_rse",17,238,4,173,2248,FALSE,333822,FALSE,17.6513794364621
"doi:10.1371/journal.pone.0323811","song_2025_wwb","song_2025_wwb|song_2025_er|song_2025_sc|song_2025_sb|song_2025_au|song_2025_hu|song_2025_st|song_2025_pj|song_2025_lwb|song_2025_ac|song_2025_pwb|song_2025_ep|song_2025_fg|song_2025_co|song_2025_cs",15,55,3,485,486,FALSE,26678,FALSE,17.3190750719356
"doi:10.33009/ldbase.1620837890.bcf8","project_kids_wj_spell_grade","project_kids_wj_spell_grade|project_kids_wj_lwid_grade|project_kids_wj_pc_wave|project_kids_told_grade|project_kids_wj_lwid_wave|project_kids_wj_pc_grade|project_kids_kbit|project_kids_wj_mf|project_kids_wj_wa_wave|project_kids_ctopp|project_kids_wj_pv_grade|project_kids_wj_sa|project_kids_wj_qc|project_kids_tosrec|project_kids_wj_spell_wave|project_kids_wj_pv_wave|project_kids_wj_ap|project_kids_told_wave|project_kids_wj_wa_grade|project_kids_wj_wf|project_kids_wj_ak_wave|project_kids_wj_ak_grade|project_kids_topel",23,1238,13,76,3962,FALSE,1888864,FALSE,16.6274802589475
"bib:@misc{inegi2023ensu,
  author = {{INEGI}},
  title = {Encuesta Nacional de Seguridad Pública Urbana (ENSU) 2023},
  year = {2023},
  howpublished = {\url{https://www.inegi.org.mx/programas/ensu/}},
  note = {INEGI}
}","mexico_2024_q1safety_perception","mexico_2024_q1safety_perception|mexico_2024_q4safety_govperformance|mexico_2025_q4safety_govperformance|mexico_2025_q4safety_perception|mexico_2025_q2safety_conflicts|mexico_2024_q4safety_conflicts|mexico_2025_q3safety_perception|mexico_2025_q1safety_govtrust|mexico_2024_q3safety_perception|mexico_2025_q2safety_govperformance|mexico_2025_q2safety_harassment|mexico_2024_q1safety_conflicts|mexico_2024_q2safety_govperformance|mexico_2025_q4safety_conflicts|mexico_2025_q1safety_govperformance",15,501,3,23441,24114,FALSE,11940959,FALSE,16.0299761348724
"doi:10.1371/journal.pone.0117423","teicher_2015_mace_peer_physical","teicher_2015_mace_peer_physical|teicher_2015_mace_witness_sib|teicher_2015_mace_verbal|teicher_2015_mace_peer_verbal|teicher_2015_mace_distress_terrified|teicher_2015_mace_phys_neglect|teicher_2015_mace_witness_parent|teicher_2015_mace_nonverbal|teicher_2015_mace_sexual|teicher_2015_mace_emot_neglect|teicher_2015_mace_physical|teicher_2015_mace_distress_helpless",12,133,4,839,1051,FALSE,129183,FALSE,14.037095294162
"doi:10.1037/1040-3590.4.1.26","ffm_CSN","ffm_CSN|ffm_EST|ffm_OPN|ffm_EXT|ffm_AGR|bfi_goldberg_1992_conscientiousness|bfi_goldberg_1992_agreeableness|bfi_goldberg_1992_extraversion|bfi_goldberg_1992_neuroticism|bfi_goldberg_1992_openness_to_experience",10,100,10,19719,1015341,FALSE,51753000,FALSE,13.6282182203334
"doi:10.17605/OSF.IO/JQZBX","ALSECYPIAMH_WU_2022_SWLS","ALSECYPIAMH_WU_2022_SWLS|ALSECYPIAMH_WU_2022_NEI|ALSECYPIAMH_WU_2022_MIL|ALSECYPIAMH_WU_2022_Empathy|ALSECYPIAMH_WU_2022_SDQ|ALSECYPIAMH_WU_2022_PHQ|ALSECYPIAMH_WU_2022_CPS|ALSECYPIAMH_WU_2022_SWEMWBS|ALSECYPIAMH_WU_2022_PEI|ALSECYPIAMH_WU_2022_PIL",10,63,2,7841,9567,FALSE,514740,FALSE,13.4743714538562
"doi:10.31234/osf.io/36xkp","mhscdc_fried_2020_mindfullness","mhscdc_fried_2020_mindfullness|mhscdc_fried_2020_anger|mhscdc_fried_2020_ps|mhscdc_fried_2020_loneliness|mhscdc_fried_2020_ema|mhscdc_fried_2020_smartphone|mhscdc_fried_2020_se|mhscdc_fried_2020_dass|mhscdc_fried_2020_conscientiousness|mhscdc_fried_2020_motivation|mhscdc_fried_2020_tired|mhscdc_fried_2020_procrastination",12,138,5,79,80,FALSE,11022,FALSE,12.9776270912904
"doi:10.1371/journal.pone.0306702","sandhu_2024_pmo_q24","sandhu_2024_pmo_q24|sandhu_2024_pmo_q21|sandhu_2024_pmo_q22|sandhu_2024_pmo_q18|sandhu_2024_pmo_q26|sandhu_2024_pmo_q16|sandhu_2024_pmo_q13|sandhu_2024_pmo_q23|sandhu_2024_pmo_q32|sandhu_2024_pmo_q20|sandhu_2024_pmo_q19",11,60,3,193,260,FALSE,14248,FALSE,12.8855573090078
"doi:10.1007/s12144-020-01249-3","lys_2020_rape_3_rwa","lys_2020_rape_3_rwa|lys_2020_rape_3_sds|lys_2020_rape_1_rma|lys_2020_rape_3_cons|lys_2020_rape_3_asi|lys_2020_rape_3_sj|lys_2020_rape_2_rma|lys_2020_rape_3_diff|lys_2020_rape_3_kpnts|lys_2020_rape_2_rma_pre|lys_2020_rape_3_unjust|lys_2020_rape_3_rma",12,206,8,142,921,FALSE,87412,FALSE,12.7789550110497
"doi:10.1027/2698-1866/a000020","SABFI2_Gallardo_Pujol_2018_BFI","SABFI2_Gallardo_Pujol_2018_BFI|SABFI2_Gallardo_Pujol_2018_Narq|SABFI2_Gallardo_Pujol_2018_SWB|SABFI2_Gallardo_Pujol_2018_Constru|SABFI2_Gallardo_Pujol_2018_Trust|SABFI2_Gallardo_Pujol_2018_LOT|SABFI2_Gallardo_Pujol_2018_Micro|SABFI2_Gallardo_Pujol_2018_Honest|SABFI2_Gallardo_Pujol_2018_IntHapp|SABFI2_Gallardo_Pujol_2018_ReligionScale|SABFI2_Gallardo_Pujol_2018_Tight",11,142,4,419,1419,FALSE,119498,FALSE,12.6755473562996
"doi:10.1371/journal.pone.0170225","wolf_2017_study1_anxiety","wolf_2017_study1_anxiety|wolf_2017_study1_posaff|wolf_2017_study1_vitality|wolf_2017_study2_vitality_post|wolf_2017_study2_video_liking|wolf_2017_study2_nature_connect|wolf_2017_study2_posaff_pre|wolf_2017_study2_anxiety_post|wolf_2017_study2_posaff_post|wolf_2017_study2_anxiety_pre|wolf_2017_study2_vitality_pre",11,85,3,140,264,FALSE,18968,FALSE,12.5794613690116
"doi:10.3758/s13428-024-02481-6","threat_isler_2024_exp1_incentive_panas","threat_isler_2024_exp1_incentive_panas|threat_isler_2024_exp2_picture_panas|threat_isler_2024_exp2_picture_crt|threat_isler_2024_exp1_incentive_crt|threat_isler_2024_exp4_cog_crt|threat_isler_2024_exp3_cog_panas|threat_isler_2024_exp1_cog_panas|threat_isler_2024_exp1_cog_crt|threat_isler_2024_exp4_cog_panas|threat_isler_2024_exp2_cog_panas|threat_isler_2024_exp2_cog_crt",11,139,1,253,2689,FALSE,137875,FALSE,12.4764538545092
"doi:10.3758/s13428-024-02480-7","idcr_martinez_2023_numSeries","idcr_martinez_2023_numSeries|idcr_martinez_2023_Story_Recall_2|idcr_martinez_2023_matches|idcr_martinez_2023_Story_Recall_3|idcr_martinez_2023_ravens|idcr_martinez_2023_raco|idcr_martinez_2023_Story_Recall_1|idcr_martinez_2023_vocab|idcr_martinez_2023_lns|idcr_martinez_2023_ps|idcr_martinez_2023_analogies|idcr_martinez_2023_info",12,319,10,230,236,FALSE,74865,FALSE,12.2350611693509
"doi:10.7910/DVN/QOO7QX","PROMISPME_Forrest_2021_LS_Proxy","PROMISPME_Forrest_2021_LS_Proxy|PROMISPME_Forrest_2021_PosAff_Proxy|PROMISPME_Forrest_2021_Physical_Proxy|PROMISPME_Forrest_2021_Physical_Children|PROMISPME_Forrest_2021_Strength_Proxy|PROMISPME_Forrest_2021_PosAff_Children|PROMISPME_Forrest_2021_Family_Children|PROMISPME_Forrest_2021_GHGlobal_Proxy|PROMISPME_Forrest_2021_GHGlobal_Children|PROMISPME_Forrest_2021_Strength_Children|PROMISPME_Forrest_2021_MP_Proxy|PROMISPME_Forrest_2021_LS_Children|PROMISPME_Forrest_2021_Psych_Children|PROMISPME_Forrest_2021_Psych_Proxy|PROMISPME_Forrest_2021_Family_Proxy|PROMISPME_Forrest_2021_MP_Children",16,1015,18,909,3854,FALSE,1944452,FALSE,12.1918972165553
"doi:10.1371/journal.pone.0259053","alsuhibani_2022_loc","alsuhibani_2022_loc|alsuhibani_2022_consp_s1|alsuhibani_2022_pads_s1|alsuhibani_2022_gcbs_extra_s2|alsuhibani_2022_sers|alsuhibani_2022_gcbs|alsuhibani_2022_pads_s2|alsuhibani_2022_ecrs_s3|alsuhibani_2022_npi_s3|alsuhibani_2022_paranoia_s3",10,117,2,449,2570,FALSE,179819,FALSE,11.8722463410033
"doi:10.5334/jopd.115","amatus_cipora_2024_bfi_n","amatus_cipora_2024_bfi_n|amatus_cipora_2024_arithmetic|amatus_cipora_2024_sdq_l|amatus_cipora_2024_amas|amatus_cipora_2024_gad|amatus_cipora_2024_tai|amatus_cipora_2024_fsmas_se|amatus_cipora_2024_pisa_me|amatus_cipora_2024_stai|amatus_cipora_2024_sdq_m",10,97,4,258,1106,FALSE,99650,FALSE,11.7649530392966
"doi:10.1371/journal.pone.0247114","dudasova_2021_cpc12","dudasova_2021_cpc12|dudasova_2021_hope|dudasova_2021_performance|dudasova_2021_social_support|dudasova_2021_engagement|dudasova_2021_positive_affect|dudasova_2021_swls|dudasova_2021_gratitude|dudasova_2021_job_satisfaction|dudasova_2021_cpc12_study3",10,100,3,202,282,FALSE,27240,FALSE,11.63868470278
"doi:10.7910/DVN/6RWH41","COACH_Chen_2022_HDRS","COACH_Chen_2022_HDRS|COACH_Chen_2022_ADL|COACH_Chen_2022_WHOQOL_BREF|COACH_Chen_2022_CSQ|COACH_Chen_2022_IADL|COACH_Chen_2022_MOS_SSS_C|COACH_Chen_2022_PHQ9|COACH_Chen_2022_SNS|COACH_Chen_2022_treatmentStigma",9,115,3,2362,2365,FALSE,271855,FALSE,11.6066132266108
"doi:10.17605/OSF.IO/R7WCX","gps_vangsness_2019","gps_vangsness_2019|aps_vangsness_2019|afps_vangsness_2019|mbps_vangsness_2019|pps_vangsness_2019|pass_vangsness_2019|tpi_vangsness_2019|aip_vangsness_2019|ips_vangsness_2019|ups_vangsness_2019",10,121,7,231,233,FALSE,28080,FALSE,11.5569453132255
"doi:10.1371/journal.pone.0146050","wang_2016_study1_authexternal","wang_2016_study1_authexternal|wang_2016_study1_authalien|wang_2016_study1_se|wang_2016_study1_relationship|wang_2016_study1_power|wang_2016_study1_authliving|wang_2016_study3_social_desirability|wang_2016_study3_power|wang_2016_study3_auth|wang_2016_study3_se",10,72,4,104,210,FALSE,11198,FALSE,11.5370333392988
"bib:@misc{inegi2023encig,
  author = {{INEGI}},
  title = {Encuesta Nacional de Calidad e Impacto Gubernamental 2023},
  howpublished = {SNIEG. Información de Interés Nacional},
  year = {2023},
  url = {https://www.inegi.org.mx/programas/encig/2023/#microdatos}
}","mexico_2023_quality_generalcorruption","mexico_2023_quality_generalcorruption|mexico_2023_quality_corruptionperception|mexico_2023_quality_highways|mexico_2023_quality_confidence|mexico_2023_quality_lightning|mexico_2023_quality_drainage|mexico_2023_quality_transportationstations",7,76,2,78896,78896,TRUE,5996096,FALSE,11.3903883185204
"doi:10.1371/journal.pone.0340449","komura_2026_mdmt_capable","komura_2026_mdmt_capable|komura_2026_gqs_perceived_intelligence|komura_2026_mdmt_ethical|komura_2026_gqs_anthropomorphism|komura_2026_gqs_perceived_safety|komura_2026_gqs_likeability|komura_2026_mdmt_sincere|komura_2026_gqs_animacy|komura_2026_mdmt_reliable",9,39,3,148,148,TRUE,5772,FALSE,10.910261715395
"doi:10.3389/fpsyg.2022.809862","algner2022_mimi16","algner2022_mimi16|algner2022_cse|algner2022_oss|algner2022_wis|algner2022_psgbi|algner2022_mimi_pool|algner2022_uwes|algner2022_sia|algner2022_tis",9,163,3,500,612,FALSE,86652,FALSE,10.6123033376694
"doi:10.5334/jopd.127","ehealth_rioux_2025_gad","ehealth_rioux_2025_gad|ehealth_rioux_2025_pci|ehealth_rioux_2025_phq|ehealth_rioux_2025_abiliti|ehealth_rioux_2025_triplep|ehealth_rioux_2025_beam|ehealth_rioux_2025_rses|ehealth_rioux_2025_rse|ehealth_rioux_2025_mssps",9,123,4,257,318,FALSE,38083,FALSE,10.5899331233313
"bib:@misc{INEGI2023,
  title = {Encuesta Nacional de Calidad e Impacto Gubernamental 2023},
  author = {{INEGI}},
  year = {2023},
  howpublished = {\url{https://www.inegi.org.mx/programas/encig/2023/#microdatos}},
  note = {SNIEG. Información de Interés Nacional}
}","mexico_2023_quality_parks","mexico_2023_quality_parks|mexico_2023_quality_water|mexico_2023_quality_wellbeingservice|mexico_2023_quality_university|mexico_2023_quality_cablecars|mexico_2023_quality_corruption",6,48,5,78896,78896,TRUE,3787008,FALSE,10.5770549851871
"doi:10.1371/journal.pone.0208438","wesselmann_2018_state_anxiety","wesselmann_2018_state_anxiety|wesselmann_2018_trait_anxiety|wesselmann_2018_pcl|wesselmann_2018_social_support|wesselmann_2018_distress|wesselmann_2018_ostracism|wesselmann_2018_drri|wesselmann_2018_msp|wesselmann_2018_needs",9,109,5,125,128,FALSE,13894,FALSE,10.3702433463414
"doi:10.1037/pas0001323","ucla_BrummerHoffman_2021","ucla_BrummerHoffman_2021|promis_BrummerHoffman_2021|grit_BrummerHoffman_2021|phq_BrummerHoffman_2021|gad_BrummerHoffman_2021|whodas_BrummerHoffman_2021|wemwbs_BrummerHoffman_2021|audit_BrummerHoffman_2021",8,193,3,1828,1828,TRUE,352804,FALSE,9.97530952473114
"doi:10.1038/s41597-025-06035-z","qi_2025_self_construal","qi_2025_self_construal|qi_2025_swls|qi_2025_modesty|qi_2025_panas|qi_2025_self_esteem|qi_2025_big_five|qi_2025_dark_triad|qi_2025_self_concept_clarity|qi_2025_individualism_collectivism",9,215,5,134,134,TRUE,28810,FALSE,9.69377146503147
"doi:10.1787/19963777","pisa2006_science","pisa2006_science|pisa2006_math|pisa2006_read|pisa2009_science|pisa2009_read|pisa2009_math|pisa2012_math|pisa2012_read|pisa2012_science",9,693,28,200682,514832,FALSE,276564102,FALSE,9.68250842056299
"doi:10.1017/S1475676526101017","germann_2026_redistribution","germann_2026_redistribution|germann_2026_immigration|germann_2026_environment|germann_2026_national_identity|germann_2026_state_intervention",5,16,2,53179,53609,FALSE,854979,FALSE,9.61907349975188
"doi:10.1037/pspa0000464","moral_absolutism_goyal_2025_nfc","moral_absolutism_goyal_2025_nfc|moral_absolutism_goyal_2025_dt|moral_absolutism_goyal_2025_mr|moral_absolutism_goyal_2025_stance|moral_absolutism_goyal_2025_mfq|moral_absolutism_goyal_2025_pp|moral_absolutism_goyal_2025_moral",7,130,3,2430,5802,FALSE,446238,FALSE,9.51893960693165
"doi:10.1371/journal.pone.0274378","ruiz_parra_2023_pid5bf","ruiz_parra_2023_pid5bf|ruiz_parra_2023_maas|ruiz_parra_2023_scl90r|ruiz_parra_2023_iip32|ruiz_parra_2023_ipo83|ruiz_parra_2023_bdi2|ruiz_parra_2023_rfq8|ruiz_parra_2023_iri_pt|ruiz_parra_2023_tas20",9,300,7,254,605,FALSE,88400,FALSE,9.40483371661994
"doi:10.3389/fpsyg.2019.02550","ren2019_ypic","ren2019_ypic|ren2019_cpti|ren2019_scpv|ren2019_sdq|ren_2019_scpv|ren_2019_cpti|ren_2019_ypic|ren_2019_sdq",8,166,12,298,299,FALSE,49584,FALSE,9.36754959740959
"doi:10.1027/1614-0001/a000440","autism_blotner_2025_s2_acme","autism_blotner_2025_s2_acme|autism_blotner_2025_s2_aq|autism_blotner_2025_s1_tactics|autism_blotner_2025_s2_qcae|autism_blotner_2025_s1_bes|autism_blotner_2025_s1_aq|autism_blotner_2025_s1_views|autism_blotner_2025_s2_ffmi",8,211,6,535,535,TRUE,112885,FALSE,9.32168711535456
"doi:10.1371/journal.pone.0232232","neurodegenerative_huizinga_2019_svc","neurodegenerative_huizinga_2019_svc|neurodegenerative_huizinga_2019_sims|neurodegenerative_huizinga_2019_dass|neurodegenerative_huizinga_2019_user|neurodegenerative_huizinga_2019_brief|neurodegenerative_huizinga_2019_feda|neurodegenerative_huizinga_2019_cvc|neurodegenerative_huizinga_2019_vfq",8,285,16,1461,1461,TRUE,416385,FALSE,9.2646502159343
"bib:@dataset{CIS2025,
  author = {{Centro de Investigaciones Sociológicas (CIS)}},
  title = {Barómetro sanitario 2025 (tercera oleada)},
  year = {2025},
  number = {3531},
  url = {https://www.cis.es/es/estudios/barometro-sanitario-2025-tercera-oleada-?chartType=bar&cuestionario=18010&muestra=26369&pregunta=657578&variable=1094813}
}","spain_2025_sanitation_regional","spain_2025_sanitation_regional|spain_2025_sanitation_services|spain_2025_sanitation_primary|spain_2025_sanitation_system|spain_2025_sanitation_hospital|spain_2025_sanitation_coordination|spain_2025_sanitation_aiconcern",7,37,2,248,2427,FALSE,65804,FALSE,9.14778501415955
"doi:10.17605/OSF.IO/PH6KS","PEMAIW_Qiu_2020_MLQ","PEMAIW_Qiu_2020_MLQ|PEMAIW_Qiu_2020_DASS|PEMAIW_Qiu_2020_SWLS|PEMAIW_Qiu_2020_PANAS|PEMAIW_Qiu_2020_FFMQ|PEMAIW_Qiu_2020_MEQ|PEMAIW_Qiu_2020_BWSS",7,145,5,952,1057,FALSE,143675,FALSE,9.01197028171781
"doi:10.3758/s13428-025-02708-0","margaretto_2025_translation_study_1_vocabulary_3","margaretto_2025_translation_study_1_vocabulary_3|margaretto_2025_translation_study_1_generalknowledge|margaretto_2025_translation_study_2_vocabulary_full|margaretto_2025_translation_study_2_readingcomprehension|margaretto_2025_translation_study_2_generalknowledge_1|margaretto_2025_translation_study_2_generalknowledge_2|margaretto_2025_translation_study_1_readingcomprehension|margaretto_2025_translation_study_1_lextale|margaretto_2025_translation_study_2_lextale|margaretto_2025_translation_study_1_vocabulary_1|margaretto_2025_translation_study_1_vocabulary_2",11,654,42,220,231,FALSE,147620,FALSE,8.98242268082221
"doi:10.1371/journal.pone.0169808","carver_2017_puggs_pilot1_traits","carver_2017_puggs_pilot1_traits|carver_2017_puggs_pilot1_det_core|carver_2017_puggs_pilot1_genom_know|carver_2017_puggs_pilot1_attitudes|carver_2017_puggs_pilot2_traits|carver_2017_puggs_pilot2_det_core|carver_2017_puggs_pilot2_attitudes|carver_2017_puggs_pilot2_genom_know",8,133,9,73,207,FALSE,19251,FALSE,8.97665619345379
"doi:10.34894/FDDFTJ","IJLS_Eersel_2024_Optimism","IJLS_Eersel_2024_Optimism|IJLS_Eersel_2024_Anxiety|IJLS_Eersel_2024_IJLSreaction|IJLS_Eersel_2024_Depression|IJLS_Eersel_2024_ICECAP|IJLS_Eersel_2024_IUS|IJLS_Eersel_2024_DenialAcceptance",7,50,4,199,200,FALSE,9959,FALSE,8.96551974307637
"doi:10.1037/pas0001344","nas_rogoza_2024_study2_nas","nas_rogoza_2024_study2_nas|nas_rogoza_2024_study5_nvs|nas_rogoza_2024_study2_ngs|nas_rogoza_2024_study2_nvs|nas_rogoza_2024_study5_ngs|nas_rogoza_2024_study5_nas|nas_rogoza_2024_study1",7,84,4,317,369,FALSE,29700,FALSE,8.94105926221775
"doi:10.1371/journal.pone.0128876","meloni_2015_deq_ce_parent","meloni_2015_deq_ce_parent|meloni_2015_child_disab_knowledge|meloni_2015_parent_divers_ed|meloni_2015_deq_oe_parent|meloni_2015_child_ia_frequency|meloni_2015_deq_oe_child|meloni_2015_deq_ce_child|meloni_2015_parent_interests|meloni_2015_child_ia_satisfaction",9,301,16,76,76,TRUE,22876,FALSE,8.87414692561412
"doi:10.31234/osf.io/7u98d","NAMPRB_Siwiak_2024_DESRPL","NAMPRB_Siwiak_2024_DESRPL|NAMPRB_Siwiak_2024_SSUB|NAMPRB_Siwiak_2024_KOP20|NAMPRB_Siwiak_2024_KON2066|NAMPRB_Siwiak_2024_GCBS|NAMPRB_Siwiak_2024_NEOFFI|NAMPRB_Siwiak_2024_BSR10|NAMPRB_Siwiak_2024_AOT",8,208,8,156,887,FALSE,62578,FALSE,8.8064579316878
"bib:@misc{hexaco_extraversion_facets,
  author       = {Ashton, M. C. and Lee, K. and Goldberg, L. R.},
  title        = {HEXACO Personality Inventory: Extraversion (X) Facets},
  year         = {2007},
  howpublished = {\url{https://ipip.ori.org/newhexaco_pi_key.htm}},
  note         = {Based on: Ashton, M. C., Lee, K., & Goldberg, L. R. (2007). The IPIP--HEXACO scales: An alternative, public-domain measure of the personality constructs in the HEXACO model. Personality and Individual Differences, 42, 1515--1526.}
}","hexaco_ashton_2014_c","hexaco_ashton_2014_c|hexaco_ashton_2014_a|hexaco_ashton_2014_h|hexaco_ashton_2014_e|hexaco_ashton_2014_x|hexaco_ashton_2014_o",6,240,40,22786,22786,TRUE,5468640,FALSE,8.75766809304363
"doi:10.1371/journal.pone.0310351","idemudia_2025_s201","idemudia_2025_s201|idemudia_2025_s101|idemudia_2025_t201|idemudia_2025_e201|idemudia_2025_d101|idemudia_2025_s301|idemudia_2025_t101",7,115,4,324,329,FALSE,37671,FALSE,8.74387834353995
"bib:@misc{inegi2023encig,
  author = {{INEGI}},
  title = {Encuesta Nacional de Calidad e Impacto Gubernamental 2023},
  year = {2023},
  howpublished = {\url{https://www.inegi.org.mx/programas/encig/2023/#microdatos}},
  note = {SNIEG. Información de Interés Nacional}
}","mexico_2023_quality_trash","mexico_2023_quality_trash|mexico_2023_quality_health|mexico_2023_quality_trains|mexico_2023_quality_administration",4,29,4,78896,78896,TRUE,2287984,FALSE,8.70372165185373
"doi:10.1027/1015-5759/a000668","prpt_hellmann_2021_selfesteem","prpt_hellmann_2021_selfesteem|prpt_hellmann_2021_achievementmotive|prpt_hellmann_2021_realisticthreat|prpt_hellmann_2021_fearofcrime|prpt_hellmann_2021_threat|prpt_hellmann_2021_conscientiousness",6,78,10,1411,1416,FALSE,110317,FALSE,8.62952701375435
"bib:@misc{inegi2023encig,
  author = {{INEGI}},
  title = {Encuesta Nacional de Calidad e Impacto Gubernamental 2023},
  year = {2023},
  howpublished = {SNIEG. Información de Interés Nacional},
  url = {https://www.inegi.org.mx/programas/encig/2023/#microdatos}
}","mexico_2023_quality_wellbeing","mexico_2023_quality_wellbeing|mexico_2023_quality_low|mexico_2023_quality_streets|mexico_2023_quality_problems",4,41,5,78896,78896,TRUE,3234736,FALSE,8.62372165185373
"doi:10.1371/journal.pone.0295133","liu_2023_brand_trust","liu_2023_brand_trust|liu_2023_perceived_control|liu_2023_attitude|liu_2023_purchase_behavior|liu_2023_subjective_norm|liu_2023_purchase_intention",6,19,3,544,544,TRUE,10336,FALSE,8.60893223303151
"doi:10.1371/journal.pone.0171206","conner_2017_lot","conner_2017_lot|conner_2017_vitality|conner_2017_bfi|conner_2017_curiosity|conner_2017_cesd|conner_2017_hads_anxiety|conner_2017_flourishing",7,99,4,171,171,TRUE,16929,FALSE,8.57299611039215
"doi:10.3886/E194063V2","cognitive_load_klimova_2023_know","cognitive_load_klimova_2023_know|cognitive_load_klimova_2023_tbzsg|cognitive_load_klimova_2023_paas|cognitive_load_klimova_2023_mlq|cognitive_load_klimova_2023_masr|cognitive_load_klimova_2023_stomp|cognitive_load_klimova_2023_pwi",7,101,3,170,170,TRUE,17170,FALSE,8.55711558804494
"doi:10.1037/pas0001432","heekerens2025_phq","heekerens2025_phq|heekerens2025_sdq|heekerens2025_dss|heekerens2025_bfi_extraversion|heekerens2025_pds|heekerens2025_bfi_neuroticism|heekerens2025_bfi_openness",7,61,2,88,88,TRUE,5368,FALSE,8.5378160054835
"doi:10.1007/s11136-023-03348-7","uti_newlands_2023_uclals","uti_newlands_2023_uclals|uti_newlands_2023_fsdsr|uti_newlands_2023_rutiiq|uti_newlands_2023_gad|uti_newlands_2023_psq|uti_newlands_2023_phq|uti_newlands_2023_wpai",7,115,6,198,240,FALSE,27054,FALSE,8.52999852359486
"doi:10.1177/183449092413107","phq_insomnia_wang2025","phq_insomnia_wang2025|aslec_insomnia_wang2025|isi_insomnia_wang2025",3,40,7,572095,572095,TRUE,22883800,FALSE,8.49080148546555
"doi:10.3758/s13428-024-02500-6","OS_TBMWTFS_Schubert_2023_MAAS","OS_TBMWTFS_Schubert_2023_MAAS|OS_TBMWTFS_Schubert_2023_CERQ|OS_TBMWTFS_Schubert_2023_ACS|OS_TBMWTFS_Schubert_2023_IPIP|OS_TBMWTFS_Schubert_2023_SMW|OS_TBMWTFS_Schubert_2023_BMW3|OS_TBMWTFS_Schubert_2023_DMW",7,119,4,174,1038,FALSE,35187,FALSE,8.44721591494927
"doi:10.1371/journal.pone.0283772","buzgova_2023_gai","buzgova_2023_gai|buzgova_2023_rses|buzgova_2023_gds|buzgova_2023_lsita|buzgova_2023_qol|buzgova_2023_soc",6,83,10,980,1125,FALSE,88476,FALSE,8.43789274235916
"doi:10.31234/osf.io/a7kdx_v8","himmelstein-impossible_question-2025","himmelstein-impossible_question-2025|himmelstein-shipley_vocabulary-2025|himmelstein-cognitive_reflection-2025|himmelstein-berlin_numeracy-2025|himmelstein-admc_raw-2025|himmelstein-shipley_abstraction-2025|himmelstein-number_series-2025",7,244,4,1147,1194,FALSE,290333,FALSE,8.4328967512346
"doi:10.33009/ldbase.1680213217.8ed0","preschool_sel_htks","preschool_sel_htks|preschool_sel_akt|preschool_sel_box|preschool_sel_pl|preschool_sel_dn|preschool_sel_wj|preschool_sel_emt",7,226,10,735,965,FALSE,201178,FALSE,8.35962067241753
"doi:10.7910/DVN/DUBA3J","gilbert_meta_71","gilbert_meta_71|gilbert_meta_68|gilbert_meta_72|gilbert_meta_70|gilbert_meta_69|gilbert_meta_73",6,207,20,5386,9413,FALSE,1429898,FALSE,8.35126634907549
"doi:10.1037/pspp0000549","wvs_panasiuk_security","wvs_panasiuk_security|wvs_panasiuk_science|wvs_panasiuk_national_identity|wvs_panasiuk_politics_society|wvs_panasiuk_work|wvs_panasiuk_family|wvs_panasiuk_environment|wvs_panasiuk_perception_of_life|wvs_panasiuk_religion_morality",9,848,2,98531,98531,TRUE,83554288,FALSE,8.3402395571726
"doi:10.1002/ab.22145","BPAQ_Christopher_2024_BPAQSF","BPAQ_Christopher_2024_BPAQSF|BPAQ_Christopher_2024_FFMQSF|BPAQ_Christopher_2024_OBSI|BPAQ_Christopher_2024_PCL5|BPAQ_Christopher_2024_SCSS|BPAQ_Christopher_2024_PROMIS|BPAQ_Christopher_2024_PSS10",7,109,10,109,170,FALSE,16700,FALSE,8.31075983127396
"doi:10.1371/journal.pone.0279701","reinwarth_2023_domain_satisfaction","reinwarth_2023_domain_satisfaction|reinwarth_2023_domain_importance|reinwarth_2023_psych_symptoms|reinwarth_2023_phq4|reinwarth_2023_loneliness3",5,29,3,2460,2465,FALSE,71401,FALSE,8.19760177377005
"doi:10.1371/journal.pone.0300777","esiason_2024_vlq_consistency","esiason_2024_vlq_consistency|esiason_2024_bdi|esiason_2024_cfq|esiason_2024_ace|esiason_2024_bai|esiason_2024_aaqii|esiason_2024_vlq_importance",7,92,7,54,57,FALSE,5202,FALSE,8.11906042648964
"doi:10.1787/9789264010543-en","pisa2003_problem_solving","pisa2003_problem_solving|pisa2003_math|pisa2003_science|pisa2003_read",4,156,12,143467,270613,FALSE,33230896,FALSE,8.11675201698602
"doi:10.3389/fpsyg.2021.708342.s001","wu2021_resilience","wu2021_resilience|wu2021_career_expectation|wu2021_burnout|wu2021_swls|wu2021_panas|wu2021_empathy",6,101,5,586,588,FALSE,59378,FALSE,8.09456428268476
"doi:10.1371/journal.pone.0209845","lavallee_2019_jealousy","lavallee_2019_jealousy|lavallee_2019_sseb|lavallee_2019_harmony|lavallee_2019_cas|lavallee_2019_loneliness|lavallee_2019_oseb",6,57,3,278,280,FALSE,15942,FALSE,8.06404479591808
"doi:10.1371/journal.pone.0303965","wang_2024_emotion2","wang_2024_emotion2|wang_2024_emotion5|wang_2024_emotion4|wang_2024_emotion1|wang_2024_emotion3",5,19,3,1460,1460,TRUE,27740,FALSE,8.03768618911777
"doi:10.1073/pnas.1818430116","enkavi_2019_gonogo","enkavi_2019_gonogo|enkavi_2019_navon|enkavi_2019_stroop|enkavi_2019_taskswitch|enkavi_2019_simon|enkavi_2019_dpx_axcpt|enkavi_2019_stopsignal|enkavi_2019_ant_flanker",8,409,4,522,523,FALSE,213883,FALSE,7.9910038363356
"doi:10.6084/m9.figshare.30576341.v2","pickova2025_fast_fashion_beliefs","pickova2025_fast_fashion_beliefs|pickova2025_moral_justifications|pickova2025_feelings|pickova2025_perception|pickova2025_behavioral_intent|pickova2025_attitude",6,35,4,133,135,FALSE,4691,FALSE,7.89051830763375
"doi:10.3390/ijerph18105343","teq_novak_2021_teq","teq_novak_2021_teq|teq_novak_2021_socdes|teq_novak_2021_scbs|teq_novak_2021_bfin|teq_novak_2021_selfesteem|teq_novak_2021_spirit",6,59,5,165,1141,FALSE,37476,FALSE,7.82415061088057
"doi:Upcoming","parenting_anunciacao_2025_affect","parenting_anunciacao_2025_affect|parenting_anunciacao_2025_values|parenting_anunciacao_2025_material_rewards|parenting_anunciacao_2025_materialism|parenting_anunciacao_2025_goals|parenting_anunciacao_2025_rejection",6,45,1,129,129,TRUE,5805,FALSE,7.81058971029925
"doi:10.31234/osf.io/8fdma","SV-MAIA2_Randelovic_2021_hexaco100","SV-MAIA2_Randelovic_2021_hexaco100|SV-MAIA2_Randelovic_2021_DASS|SV-MAIA2_Randelovic_2021_delta|SV-MAIA2_Randelovic_2021_SHS|SV-MAIA2_Randelovic_2021_MAIA|SV-MAIA2_Randelovic_2021_MAAS|SV-MAIA2_Randelovic_2021_ERQ|SV-MAIA2_Randelovic_2021_hexaco60",8,371,8,138,449,FALSE,85815,FALSE,7.6665457530679
"doi:https://doi.org/10.57760/sciencedb.o00115.00089","chen_2022_gad","chen_2022_gad|chen_2022_cesd|chen_2022_sasc",3,39,7,77211,77211,TRUE,3011229,FALSE,7.62767917726561
"doi:10.1371/journal.pone.0336220","qin_2025_cultural_identity","qin_2025_cultural_identity|qin_2025_tourism_experience|qin_2025_perceived_cultural_distance|qin_2025_behavioral_intention|qin_2025_tourist_satisfaction",5,17,3,547,547,TRUE,9299,FALSE,7.6246539930001
"doi:10.17605/OSF.IO/FECGZ","SPQVS_Barnby_2017_DSE","SPQVS_Barnby_2017_DSE|SPQVS_Barnby_2017_WHO|SPQVS_Barnby_2017_SENPQ|SPQVS_Barnby_2017_SIAS|SPQVS_Barnby_2017_OEQ|SPQVS_Barnby_2017_OLIFE",6,104,5,191,191,TRUE,19864,FALSE,7.58770003391439
"doi:10.1371/journal.pone.0240914","bitew_2020_lte","bitew_2020_lte|bitew_2020_anxiety|bitew_2020_self_efficacy|bitew_2020_osss3|bitew_2020_phq9",5,39,3,664,694,FALSE,26367,FALSE,7.56216807936802
"bib:@book{Christie1970,
  author    = {Christie, Richard and Geis, Florence L.},
  title     = {Studies in Machiavellianism},
  year      = {1970},
  publisher = {Academic Press},
  url       = {https://openpsychometrics.org/_rawdata/}
}","machivallianism_test_vcl","machivallianism_test_vcl|machivallianism_test_tipi|machivallianism_test_main",3,46,10,73264,73489,FALSE,3378184,FALSE,7.55822395951696
"doi:10.7910/DVN/19PPE7","gilbert_meta_30","gilbert_meta_30|gilbert_meta_28|gilbert_meta_27|gilbert_meta_29",4,60,10,8857,14576,FALSE,674395,FALSE,7.5472866446778
"doi:10.7910/DVN/0NGAKG","promis1wave1_depression","promis1wave1_depression|promis1wave1_fatigue|promis1wave1_anger|promis1wave1_haq|promis1wave1_anxiety|promis1wave1_pain|promis1wave1_physicalfunction|promis1wave1_social|promis1wave1_cesd",9,660,20,778,15961,FALSE,9455784,FALSE,7.49097959698969
"doi:10.1371/journal.pone.0199480","silva_2018_bsq","silva_2018_bsq|silva_2018_phcs|silva_2018_tfeq|silva_2018_whoqol|silva_2018_mbds",5,66,8,802,2198,FALSE,121900,FALSE,7.46417436828416
"doi:10.1371/journal.pone.0279411","choy_2022_extraneous_events","choy_2022_extraneous_events|choy_2022_intent_career|choy_2022_lifelong_career|choy_2022_affect|choy_2022_resilience",5,17,3,366,402,FALSE,6693,FALSE,7.45014775206108
"bib:@dataset{CIS2026,
  author = {{Centro de Investigaciones Sociológicas (CIS)}},
  title = {Índice de Confianza del Consumidor. Mes de mayo 2026},
  year = {2026},
  number = {3565},
  url = {https://www.cis.es/es/estudios/desinformacion-y-humor?cuestionario=18047&muestra=26461&pregunta=660164&variable=1110003&chartType=bar}
}","spain_2026_disinformation_humorperception","spain_2026_disinformation_humorperception|spain_2026_disinformation_offense|spain_2026_disinformation_personalhumor|spain_2026_disinformation_humorlimits",4,15,2,3482,3493,FALSE,52320,FALSE,7.44182876678131
"doi:10.1371/journal.pone.0237859","rzeszutek_2020_wwii_patgrandfather","rzeszutek_2020_wwii_patgrandfather|rzeszutek_2020_swls|rzeszutek_2020_wwii_patgrandmother|rzeszutek_2020_ghq28|rzeszutek_2020_wwii_matgrandmother|rzeszutek_2020_wwii_matgrandfather",6,149,5,269,500,FALSE,53199,FALSE,7.43641894666907
"doi:10.1080/19345747.2025.2450318","gilbert_meta_89","gilbert_meta_89|gilbert_meta_90|gilbert_meta_92|gilbert_meta_93|gilbert_meta_91|gilbert_meta_88",6,275,7,1729,2433,FALSE,643951,FALSE,7.40446165994059
"doi:10.1007/s12671-023-02144-1","paampsmartsud_saba_2023_pss","paampsmartsud_saba_2023_pss|paampsmartsud_saba_2023_pacs|paampsmartsud_saba_2023_ffmq|paampsmartsud_saba_2023_attendance|paampsmartsud_saba_2023_ders|paampsmartsud_saba_2023_amps",6,103,5,100,100,TRUE,10300,FALSE,7.31333333333333
"doi:10.1093/ej/ueae003","gilbert_meta_17","gilbert_meta_17|gilbert_meta_19|gilbert_meta_18",3,63,21,51612,51652,FALSE,3253236,FALSE,7.29275068860172
"doi:10.1027/1614-0001/a000455","jovanovic_2026_conscientiousness_bfi","jovanovic_2026_conscientiousness_bfi|jovanovic_2026_conscientiousness_spane_na|jovanovic_2026_conscientiousness_yips|jovanovic_2026_conscientiousness_panas_na|jovanovic_2026_conscientiousness_dass_d",5,54,6,403,1376,FALSE,49752,FALSE,7.24530504614111
"doi:10.3758/s13428-025-02831-y","lsbq_maleki_2025_persian_switching","lsbq_maleki_2025_persian_switching|lsbq_maleki_2025_persian_comprehension|lsbq_maleki_2025_non_persian_proficiency|lsbq_maleki_2025_dominant_language_home_community|lsbq_maleki_2025_non_persian_use",5,33,3,284,321,FALSE,9774,FALSE,7.23331834004704
"doi:10.1177/1073191120952889","williams-brat2020-study2","williams-brat2020-study2|williams-cps2018|williams-brat2020_study1|williams-cps2019|magnus-format-study2_2022|magnus-format-study1_2022",6,177,21,186,602,FALSE,76488,FALSE,7.08951294421792
"doi:10.3389/fpsyg.2013.00279","psychotools_conspiracist","psychotools_conspiracist|gcbs_brotherton_2013_tipi|gcbs_brotherton_2013_vcl|gcbs_brotherton_2013",4,56,10,2449,2495,FALSE,139030,FALSE,7.01565545179138
"bib:@dataset{INEC2011,
  author = {INEC},
  title = {Encuesta de Victimización y Percepción de Inseguridad 2011},
  year = {2011},
  url = {https://www.ecuadorencifras.gob.ec/encuesta-de-victimizacion-y-percepcion-de-inseguridad-2011/}
}","ecuador_2011_safety_operatives","ecuador_2011_safety_operatives|ecuador_2011_safety_crime",2,11,2,115835,117737,FALSE,1291303,FALSE,6.99050646966965
"doi:10.1007/s11136-013-0553-z","evpromisi_stone_2021_ddpainin","evpromisi_stone_2021_ddpainin|evpromisi_stone_2021_global|evpromisi_stone_2021_cdiag|evpromisi_stone_2021_ddeddep|evpromisi_stone_2021_ddedanx",5,43,6,183,484,FALSE,15393,FALSE,6.97578442306376
"doi:10.1371/journal.pone.0325755","zhao_2025_restor_env_perception","zhao_2025_restor_env_perception|zhao_2025_place_attachment|zhao_2025_nat_env_perception|zhao_2025_leisure_involvement|zhao_2025_psych_recovery_eval",5,50,6,199,199,TRUE,9950,FALSE,6.96551974307637
"doi:10.1037/edu0000916","gilbert_meta_79","gilbert_meta_79|gilbert_meta_81|gilbert_meta_82|gilbert_meta_80|gilbert_meta_78|gilbert_meta_77",6,317,18,1188,1189,FALSE,376851,FALSE,6.96148310731184
"doi:10.31234/osf.io/fgbj4","genpsych_russell_2024_gpt3_5","genpsych_russell_2024_gpt3_5|genpsych_russell_2024_gemma|genpsych_russell_2024_mixtral|genpsych_russell_2024_gpt4o|genpsych_russell_2024_llama3",5,156,28,998,1001,FALSE,155990,FALSE,6.95913054128737
"doi:10.1371/journal.pone.0177758","kraft_todd_2017_care_measure","kraft_todd_2017_care_measure|kraft_todd_2017_competence|kraft_todd_2017_warmth|kraft_todd_2017_panas",4,39,4,1371,1372,FALSE,53479,FALSE,6.87703745478951
"doi:10.1371/journal.pone.0285293","saputra_2023_system_quality","saputra_2023_system_quality|saputra_2023_job_performance|saputra_2023_info_quality|saputra_2023_perceived_usefulness|saputra_2023_perceived_ease_of_use",5,30,5,118,118,TRUE,3540,FALSE,6.87188200730613
"doi:10.3390/ijerph181910337","CV_OASIS_ODSIS_PPE_Novak_2020_DSES","CV_OASIS_ODSIS_PPE_Novak_2020_DSES|CV_OASIS_ODSIS_PPE_Novak_2020_BFI|CV_OASIS_ODSIS_PPE_Novak_2020_PANAS|CV_OASIS_ODSIS_PPE_Novak_2020_RSES",4,45,7,1458,2474,FALSE,89480,FALSE,6.86375752398196
"bib:@misc{inegi2023encig,
  author = {INEGI},
  title = {Encuesta Nacional de Calidad e Impacto Gubernamental 2023},
  howpublished = {SNIEG. Información de Interés Nacional},
  year = {2023},
  url = {https://www.inegi.org.mx/programas/encig/2023/#microdatos}
}","mexico_2023_quality_police","mexico_2023_quality_police|mexico_2023_quality_homelightning",2,7,3,78896,78896,TRUE,552272,FALSE,6.8503883185204
"doi:https://doi.org/10.1787/9789264281820-en","pisa2015_math","pisa2015_math|pisa2015_science|pisa2015_read",3,220,60,188046,227833,FALSE,45348820,FALSE,6.80759743314225
"bib:@misc{INEGI2023,
  author = {{INEGI}},
  title = {Encuesta Nacional de Calidad e Impacto Gubernamental 2023},
  howpublished = {SNIEG. Información de Interés Nacional},
  year = {2023},
  url = {https://www.inegi.org.mx/programas/encig/2023/#microdatos}
}","mexico_2023_quality_schooling","mexico_2023_quality_schooling|mexico_2023_quality_roads",2,15,5,78896,78896,TRUE,1183440,FALSE,6.79705498518706
"doi:10.1371/journal.pone.0163656","extremera_2016_swls","extremera_2016_swls|extremera_2016_sbq|extremera_2016_shs|extremera_2016_ei",4,29,4,961,1125,FALSE,31937,FALSE,6.78939005433521
"bib:@misc{inegi_encig_2023,
  author = {{INEGI}},
  title = {Encuesta Nacional de Calidad e Impacto Gubernamental 2023},
  howpublished = {SNIEG. Información de Interés Nacional},
  year = {2023},
  url = {https://www.inegi.org.mx/programas/encig/2023/#microdatos}
}","mexico_2023_quality_electricgovernment","mexico_2023_quality_electricgovernment|mexico_2023_quality_healthservice",2,18,6,78896,78896,TRUE,1420128,FALSE,6.77705498518706
"doi:10.1016/j.jrp.2005.08.007","ipip_openpsychometrics_do","ipip_openpsychometrics_do|ipip_openpsychometrics_ad|ipip_openpsychometrics_sc|ipip_openpsychometrics_as",4,40,10,1000,1004,FALSE,40060,FALSE,6.73333333333333
"doi:10.23736/S1973-9087.24.08268-6","ccapsvtskhpacr_mercedes_2023_physical","ccapsvtskhpacr_mercedes_2023_physical|ccapsvtskhpacr_mercedes_2023_tsk|ccapsvtskhpacr_mercedes_2023_beck|ccapsvtskhpacr_mercedes_2023_sf|ccapsvtskhpacr_mercedes_2023_hada",5,94,12,194,194,TRUE,18236,FALSE,6.66113506326356
"bib:@misc{bidat_dataset_2023,
  title = {Dataset from BiDAT},
  url = {https://bidat.gob.cl/details/ficha/dataset/e3ceb7aa-95a8-4838-909b-155719847d21},
  year = {2023},
  note = {Accessed: 2023-10-01}
}","chile_2023_children-adolescents-survey_aa","chile_2023_children-adolescents-survey_aa|chile_2023_children-adolescents-survey_k|chile_2023_children-adolescents-survey_g",3,74,8,12486,12510,FALSE,924876,FALSE,6.60308999726194
"doi:10.1371/journal.pone.0331084","shi_2025_brums","shi_2025_brums|shi_2025_resilience|shi_2025_dass21|shi_2025_maas|shi_2025_rrs",5,108,15,196,196,TRUE,21168,FALSE,6.57225607135648
"doi:10.1037/pas0001376","pass20_klosowska_2025_pass_hospital","pass20_klosowska_2025_pass_hospital|pass20_klosowska_2025_staix_online|pass20_klosowska_2025_dass_online|pass20_klosowska_2025_csq_online|pass20_klosowska_2025_pass_online",5,87,6,141,415,FALSE,30625,FALSE,6.56921911265538
"doi:10.6084/m9.figshare.32044005.v1","wolters2026_symptom_concerns","wolters2026_symptom_concerns|wolters2026_panas_na|wolters2026_wi|wolters2026_panas_pa|wolters2026_css",5,53,4,83,83,TRUE,4399,FALSE,6.56574475904274
"doi:10.1787/19939019","pisa2000_read","pisa2000_read|pisa2000_science|pisa2000_math",3,219,45,106075,193138,FALSE,34472667,FALSE,6.56561304043865
"doi:10.3758/s13428-025-02668-5","simsalRbim_Mice_LowValence","simsalRbim_Mice_LowValence|simsalRbim_Mice_LargeValence|simsalRbim_Human_LargeValence_2017|simsalRbim_Monkey_LargeValence|simsalRbim_Human_LargeValence_2018|simsalRbim_Human_LowValence_2017",6,36,5,6,63,FALSE,917,FALSE,6.53815125038364
"bib:@misc{Survey_of_Political_Culture_ECP_2023,
  title = {Survey of Political Culture - ECP - 2023},
  url = {https://microdatos.dane.gov.co/index.php/catalog/822/get-microdata},
  note = {Accessed: 2023-10-01}
}","colombia_2023_politics_trust","colombia_2023_politics_trust|colombia_2023_politics_mechanisms",2,23,8,46392,46392,TRUE,1067016,FALSE,6.51310976240683
"doi:10.1371/journal.pone.0213533","hellstrom_2019_isi","hellstrom_2019_isi|hellstrom_2019_pss14|hellstrom_2019_psqi|hellstrom_2019_sci",4,43,7,618,633,FALSE,26981,FALSE,6.50432180842215
"doi:10.1371/journal.pone.0255995","chinvararak_2021_ylseq","chinvararak_2021_ylseq|chinvararak_2021_phq15|chinvararak_2021_bdi|chinvararak_2021_ssq|chinvararak_2021_ecr",5,113,15,180,180,TRUE,20340,FALSE,6.50193917176997
"bib:@misc{Survey_of_Political_Culture_ECP_2023,
  title = {Survey of Political Culture - ECP - 2023},
  howpublished = {\url{https://microdatos.dane.gov.co/index.php/catalog/822/get-microdata}},
  note = {Accessed: 2023}
}","colombia_2023_politics_party","colombia_2023_politics_party|colombia_2023_politics_neighbors",2,30,13,46392,46392,TRUE,1391760,FALSE,6.46644309574016
"doi:10.1371/journal.pone.0263766","kokoszka_2022_hamd","kokoszka_2022_hamd|kokoszka_2022_zjn|kokoszka_2022_soc|kokoszka_2022_paid|kokoszka_2022_who5",5,82,4,100,100,TRUE,8200,FALSE,6.45333333333333
"doi:10.1037/amp0001454","ai_fear_dong_2026_other_fear","ai_fear_dong_2026_other_fear|ai_fear_dong_2026_own_fear|ai_fear_dong_2026_incentive|ai_fear_dong_2026_ai|ai_fear_dong_2026_requirement",5,240,48,1000,10000,FALSE,1968000,FALSE,6.4
"doi:10.1177/10731911221124342","rmet_higgins_2022_rmet","rmet_higgins_2022_rmet|rmet_higgins_2022_tom|rmet_higgins_2022_tas|rmet_higgins_2022_aq",4,101,16,1182,1222,FALSE,122782,FALSE,6.3992841432119
"bib:@misc{Survey_of_Political_Culture_ECP_2023,
  title = {Survey of Political Culture - ECP - 2023},
  howpublished = {\url{https://microdatos.dane.gov.co/index.php/catalog/822/get-microdata}},
  year = {2023},
  note = {Accessed: 2023-10-01}
}","colombia_2023_politics_voting","colombia_2023_politics_voting|colombia_2023_politics_belonging",2,41,17,46392,46392,TRUE,1902072,FALSE,6.39310976240683
"bib:@dataset{CIS2026,
  author = {{Centro de Investigaciones Sociológicas (CIS)}},
  title = {Índice de Confianza del Consumidor. Mes de mayo 2026},
  year = {2026},
  number = {3565},
  url = {https://www.cis.es/es/estudios/indice-de-confianza-del-consumidor-mes-de-mayo-2026?cuestionario=18048&muestra=26463&pregunta=660294&variable=1110425&chartType=bar}
}","spain_2026_confidence_prospect","spain_2026_confidence_prospect|spain_2026_confidence_macro|spain_2026_confidence_retrospect",3,13,3,3018,3027,FALSE,39299,FALSE,6.3930525687729
"doi:10.1016/j.neuron.2012.06.022","fullscaleiq_vocab","fullscaleiq_vocab|fullscaleiq_mentalrotation|fullscaleiq_memory",3,19,6,3194,3194,TRUE,60686,FALSE,6.3776682451358
"doi:10.1371/journal.pone.0204494","herrera_2018_beliefs_about_empathy","herrera_2018_beliefs_about_empathy|herrera_2018_iri|herrera_2018_se_d_items|herrera_2018_attitudes_homeless",4,49,8,439,556,FALSE,25372,FALSE,6.31579785357546
"doi:10.3758/s13428-025-02611-8","rrca_mcneish_2025_use","rrca_mcneish_2025_use|rrca_mcneish_2025_sen|rrca_mcneish_2025_bdi|rrca_mcneish_2025_exp",4,45,8,386,1040,FALSE,31104,FALSE,6.28658730467176
"doi:10.6084/m9.figshare.32747610.v1","atmadjaja_2026_work_engagement","atmadjaja_2026_work_engagement|atmadjaja_2026_pos|atmadjaja_2026_cultural_intelligence|atmadjaja_2026_intention_to_stay",4,16,4,205,205,TRUE,3280,FALSE,6.20508719438909
"bib:@misc{jorgenson2016ohbds,
  author = {Jorgenson, E.},
  title = {Open Hemispheric Brain Dominance Scale [dataset and codebook]},
  year = {2016},
  url = {http://openpsychometrics.org/_rawdata/OHBDS-data.zip},
  note = {Retrieved from http://openpsychometrics.org/_rawdata/}
}","hypersensitive_narcissism","hypersensitive_narcissism|brain_hemisphere",2,42,20,29544,53981,FALSE,1778462,FALSE,6.19046929464292
"doi:10.17045/sthlmuni.14980251.v1","lindstrom2021_violent_intentions","lindstrom2021_violent_intentions|lindstrom2021_team_identification|lindstrom2021_honesty_humility|lindstrom2021_conscientiousness",4,27,3,212,231,FALSE,6045,FALSE,6.14633586092875
"doi:10.1027/1614-","morgan_2026_music_personality_bfi","morgan_2026_music_personality_bfi|morgan_2026_music_personality_pvq|morgan_2026_music_personality_stompr|morgan_2026_music_personality_music_activity",4,84,10,496,499,FALSE,41803,FALSE,6.1354816764902
"doi:10.3886/E193990V1","coh_goodman_2023_causal_beliefs","coh_goodman_2023_causal_beliefs|coh_goodman_2023_racial_comp|coh_goodman_2023_general_survey|coh_goodman_2023_health_literacy",4,94,2,557,589,FALSE,53999,FALSE,6.11918852850706
"doi:10.5334/jopd.ac","iat_poverty","iat_poverty|iat_difference",2,32,12,19811,19925,FALSE,636232,FALSE,6.08357306464443
"doi:10.1016/j.jecp.2024.106013","FEDSP_Trzcinska_2023_PRD","FEDSP_Trzcinska_2023_PRD|FEDSP_Trzcinska_2023_SMSD|FEDSP_Trzcinska_2023_PSPCSA|FEDSP_Trzcinska_2023_MonKnow",4,32,2,197,197,TRUE,6304,FALSE,6.08113289282826
"doi:10.1371/journal.pone.0276665","gerber_2022_altruism","gerber_2022_altruism|gerber_2022_self_esteem|gerber_2022_eas_temperament|gerber_2022_selfesteem",4,52,9,255,256,FALSE,13294,FALSE,6.05987351376729
"doi:10.1590/1982-7849rac2025240272","amorim_2025_climej_climej","amorim_2025_climej_climej|amorim_2025_climej_desenhonotrabalho|amorim_2025_climej_florescimentonotrabalho|amorim_2025_climej_suporteorganizacional",4,162,8,1319,1319,TRUE,213678,FALSE,6.04024479554637
"doi:https://doi.org/10.1136/bmjgh-2019-001724","dscore_barrera_weber_2019","dscore_barrera_weber_2019|dscore_mds_weber_2019|dscore_dutch_weber_2019|dscore_macarthur_weber_2019|dscore_pegboard_weber_2019|dscore_asq_weber_2019|dscore_denver_weber_2019|dscore_battelle_weber_2019|dscore_sbi_weber_2019|dscore_vineland_weber_2019|dscore_griffiths_weber_2019|dscore_bayley_weber_2019",12,1242,1,205,7536,FALSE,4687841,FALSE,6.03175386105575
"doi:10.1371/journal.pone.0284340","bang_2023_self_esteem","bang_2023_self_esteem|bang_2023_health|bang_2023_anxiety|bang_2023_parenting_stress|bang_2023_depression",5,83,10,37,37,TRUE,3071,FALSE,6.01486839073366
"doi:10.1371/journal.pone.0330637","zhou_2025_peer_relationship","zhou_2025_peer_relationship|zhou_2025_ehealth_literacy",2,24,8,14892,14892,TRUE,357408,FALSE,6.01295302754635
"doi:10.26262/hjp.v19i1.8266","fcv19s_hossain_2022_depression","fcv19s_hossain_2022_depression|fcv19s_hossain_2022_fear|fcv19s_hossain_2022_anxiety",3,19,5,1317,1317,TRUE,25023,FALSE,5.99291910829512
"doi:10.7910/DVN/8LBLYS","kushnir2017_bfi","kushnir2017_bfi|kushnir2017_anrt|kushnir2017_tsrq|kushnir2017_ftnd",4,77,6,316,319,FALSE,24527,FALSE,5.98635374928507
"bib:@dataset{CIS2025,
  author = {{Centro de Investigaciones Sociológicas}},
  title = {Barómetro sanitario 2025 (tercera oleada)},
  year = {2025},
  number = {3531},
  url = {https://www.cis.es/es/estudios/barometro-sanitario-2025-tercera-oleada-?chartType=bar&cuestionario=18010&muestra=26369&pregunta=657578&variable=1094813}
}","spain_2025_sanitation_aicomfort","spain_2025_sanitation_aicomfort|spain_2025_sanitation_diagnostics|spain_2025_sanitation_specialist",3,15,4,1160,2425,FALSE,27508,FALSE,5.96445798922692
"doi:10.7910/DVN/HQEMN6","gilbert_meta_12","gilbert_meta_12|gilbert_meta_10|gilbert_meta_11",3,68,20,2588,4895,FALSE,222700,FALSE,5.95963093866333
"doi:10.6084/m9.figshare.31387864.v1","mekheimer_2026_cai","mekheimer_2026_cai|mekheimer_2026_flp|mekheimer_2026_paf|mekheimer_2026_id",4,42,4,160,160,TRUE,6720,FALSE,5.92411998265592
"doi:10.26085/C31C71","gilbert_meta_105","gilbert_meta_105|gilbert_meta_107|gilbert_meta_106",3,23,5,1170,1171,FALSE,26915,FALSE,5.91485252841283
"bib:@dataset{CIS2023,
  author = {{Centro de Investigaciones Sociológicas (CIS)}},
  title = {Encuesta Nacional de Salud Sexual (2ª Edición)},
  number = {3515},
  url = {https://www.cis.es/es/estudios/encuesta-nacional-de-salud-sexual-2-edicion-?chartType=bar&cuestionario=17969&muestra=26285&pregunta=659373&variable=1093848},
  organization = {Centro de Investigaciones Sociológicas}
}","spain_2025_sex_identity","spain_2025_sex_identity|spain_2025_sex_attitudes",2,9,4,9006,9009,FALSE,81066,FALSE,5.89453194262691
"doi:10.1007/s13158-026-00488-y","development_delay_anunciacao_concerns","development_delay_anunciacao_concerns|development_delay_anunciacao_asqse",2,78,39,25733,25733,TRUE,2007174,FALSE,5.89049042000345
"doi:10.7910/DVN/OUI9LS","gilbert_meta_84","gilbert_meta_84|gilbert_meta_83|gilbert_meta_85",3,11,3,917,941,FALSE,10228,FALSE,5.88903600233669
"bib:@misc{inegi2023ensu,
  author = {{INEGI}},
  title = {Encuesta Nacional de Seguridad Pública Urbana (ENSU) 2023},
  year = {2023},
  url = {https://www.inegi.org.mx/programas/ensu/},
  note = {INEGI}
}","mexico_2025_q1safety_perception","mexico_2025_q1safety_perception|mexico_2024_q2safety_harassment",2,68,9,19980,24108,FALSE,1395792,FALSE,5.84726215055663
"doi:10.1371/journal.pone.0216544","robbins_2019_risk_quality_belief","robbins_2019_risk_quality_belief|robbins_2019_has_belief|robbins_2019_farmtype_belief",3,9,3,802,802,TRUE,7218,FALSE,5.84417436828416
"doi:10.7910/DVN/WT7BYB","gilbert_meta_98","gilbert_meta_98|gilbert_meta_97",2,18,6,8608,8609,FALSE,154956,FALSE,5.81490225832231
"doi:https://osf.io/58xb9/","opladen2025_fks","opladen2025_fks|opladen2025_fkg|opladen2025_wi|opladen2025_edeq",4,79,14,210,211,FALSE,16635,FALSE,5.79555262806725
"doi:10.7910/DVN/5OPIYU","gilbert_meta_13","gilbert_meta_13|gilbert_meta_15|gilbert_meta_14",3,116,10,3510,3780,FALSE,435780,FALSE,5.77197378313249
"doi:10.7910/DVN/IBFK5H","FACIT_YOUNT_2021_hadsx","FACIT_YOUNT_2021_hadsx|FACIT_YOUNT_2021_crqsasx|FACIT_YOUNT_2021_limitations|FACIT_YOUNT_2021_clinic10",4,152,14,607,608,FALSE,92398,FALSE,5.76985535774192
"doi:10.1080/10888438.2024.2368145","gilbert_meta_111","gilbert_meta_111|gilbert_meta_109|gilbert_meta_110",3,31,5,910,942,FALSE,28682,FALSE,5.75237472565443
"doi:10.3758/s13428-021-01680-9","matzke-experiment3-gamified-2022","matzke-experiment3-gamified-2022|matzke-experiment3-standard|matzke-experiment2-2022|matzke-experiment1-2022|matzke-etal-2019",5,16,2,7,64,FALSE,602,FALSE,5.73843137334759
"doi:10.1371/journal.pone.0203435","burns_2018_das4_father","burns_2018_das4_father|burns_2018_bsi18_father|burns_2018_das4_mother|burns_2018_bsi18_mother",4,44,4,103,103,TRUE,4532,FALSE,5.71950389137184
"bib:@dataset{CIS3564,
  author = {{Centro de Investigaciones Sociológicas (CIS)}},
  title = {Estudio sobre la situación internacional},
  number = {3564},
  year = {2022},
  url = {https://www.cis.es/es/estudios/estudio-sobre-la-situacion-internacional?cuestionario=18045&muestra=26458&pregunta=660093&variable=1109558&chartType=bar}
}","spain_2026_international_un","spain_2026_international_un|spain_2026_international_media",2,9,3,5999,5999,TRUE,53991,FALSE,5.71807886193746
"doi:10.5114/cipp.2020.99627","sd3ypl_klimczak_2019_ses","sd3ypl_klimczak_2019_ses|sd3ypl_klimczak_2019_bfq|sd3ypl_klimczak_2019_sd3|sd3ypl_klimczak_2019_bpqa",4,130,10,325,730,FALSE,52780,FALSE,5.64521669431221
"doi:10.1371/journal.pone.0266507","contreras_valdez_2022_edeq","contreras_valdez_2022_edeq|contreras_valdez_2022_bsq|contreras_valdez_2022_rses",3,54,10,973,2090,FALSE,86122,FALSE,5.62811284026835
"doi:10.1371/journal.pone.0257552","fukuda_2021_health_literacy","fukuda_2021_health_literacy|fukuda_2021_withholding_behavior|fukuda_2021_info_reliability",3,60,6,994,1000,FALSE,59724,FALSE,5.59738638439731
"doi:https://doi.org/10.6084/m9.figshare.32114668.v1","yandun2026_attention","yandun2026_attention|yandun2026_language|yandun2026_memory|yandun2026_logical_thinking",4,18,3,50,50,TRUE,900,FALSE,5.57897000433602
"doi:10.7910/DVN/FXL7JW","gilbert_meta_40","gilbert_meta_40|gilbert_meta_39",2,40,10,6818,8217,FALSE,314690,FALSE,5.56699033022621
"doi:10.1371/journal.pone.0345759","liang_2026_extrinsic_motivation","liang_2026_extrinsic_motivation|liang_2026_intrinsic_motivation|liang2026_intrinsic_motivation|liang2026_extrinsic_motivation",4,20,5,45,45,TRUE,900,FALSE,5.51987918044201
"doi:10.1371/journal.pone.0209279","fisher_2019_preparedness","fisher_2019_preparedness|fisher_2019_belonging|fisher_2019_structure",3,6,2,353,466,FALSE,2476,FALSE,5.50777470538782
"bib:@dataset{CIS2026,
  author = {{Centro de Investigaciones Sociológicas (CIS)}},
  title = {Postelectoral elecciones autonómicas 2026. Comunidad autónoma de Andalucía},
  year = {2026},
  number = {3566},
  url = {https://www.cis.es/es/estudios/postelectoral-elecciones-autonomicas-2026-comunidad-autonoma-de-andalucia?cuestionario=18056&muestra=26478&pregunta=660701&variable=1112721&chartType=bar}
}","spain_2026_elections_maillo","spain_2026_elections_maillo|spain_2026_elections_moreno",2,12,6,3755,3996,FALSE,46506,FALSE,5.49460994134019
"bib:@dataset{CIS_2026,
  author = {{Centro de Investigaciones Sociológicas (CIS)}},
  title = {Postelectoral elecciones autonómicas 2026. Comunidad autónoma de Andalucía},
  year = {2026},
  number = {3566},
  url = {https://www.cis.es/es/estudios/postelectoral-elecciones-autonomicas-2026-comunidad-autonoma-de-andalucia?cuestionario=18056&muestra=26478&pregunta=660701&variable=1112721&chartType=bar}
}","spain_2026_elections_garcia","spain_2026_elections_garcia|spain_2026_elections_gavira",2,12,6,3711,3717,FALSE,44568,FALSE,5.48949095434878
"bib:@dataset{CIS2026,
  author = {{Centro de Investigaciones Sociológicas}},
  title = {Índice de Confianza del Consumidor},
  month = {May},
  year = {2026},
  number = {3565},
  url = {https://www.cis.es/es/estudios/desinformacion-y-humor?cuestionario=18047&muestra=26461&pregunta=660164&variable=1110003&chartType=bar}
}","spain_2026_disinformation_memes","spain_2026_disinformation_memes|spain_2026_disinformation_hostility",2,11,4,3456,3480,FALSE,38112,FALSE,5.46524040047352
"bib:@dataset{CIS2026,
  author = {{Centro de Investigaciones Sociológicas}},
  title = {Índice de Confianza del Consumidor. Mes de mayo 2026},
  year = {2026},
  number = {3565},
  url = {https://www.cis.es/es/estudios/desinformacion-y-humor?cuestionario=18047&muestra=26461&pregunta=660164&variable=1110003&chartType=bar}
}","spain_2026_disinformation_concern","spain_2026_disinformation_concern|spain_2026_disinformation_humorclimate",2,12,2,3489,3492,FALSE,41898,FALSE,5.46270096944811
"doi:10.1371/journal.pone.0179185","dejesus_2017_lequesne","dejesus_2017_lequesne|dejesus_2017_gpm|dejesus_2017_womac|dejesus_2017_sf36",4,80,10,98,98,TRUE,7840,FALSE,5.45789274235916
"doi:10.1371/journal.pone.0265595","hayek_2022_attitude","hayek_2022_attitude|hayek_2022_self_efficacy|hayek_2022_subj_norm",3,12,3,345,345,TRUE,4140,FALSE,5.45781909507327
"doi:10.1787/b25efab8-en","pisa2018_gc","pisa2018_gc|pisa2018_read|pisa2018_math|pisa2018_science",4,514,71,73378,550651,FALSE,193207164,FALSE,5.43889920372954
"doi:10.1371/journal.pone.0149913","wurm_2016_hbi","wurm_2016_hbi|wurm_2016_mdi",2,50,10,5897,5897,TRUE,294850,FALSE,5.43729779444447
"doi:10.3758/s13428-023-02323-x","wilmer-mrmet-normative-data-set-2022","wilmer-mrmet-normative-data-set-2022|wilmer-rmet-normative-data-set-2022|wilmer-mrmet-and-rmet-validation-data-set-2022",3,146,36,2515,17680,FALSE,1163990,FALSE,5.42720465605861
"doi:10.1371/journal.pone.0182239","matarboumosleh_2017_gad2","matarboumosleh_2017_gad2|matarboumosleh_2017_phq2|matarboumosleh_2017_spai26",3,30,2,416,683,FALSE,19424,FALSE,5.41909333062674
"doi:https://doi.org/10.7910/DVN/ZSJA25","friedman_2018_risks_government","friedman_2018_risks_government|friedman_2018_risks_discrimination",2,12,6,3110,3110,TRUE,37320,FALSE,5.41276038902684
"doi:10.3758/s13428-025-02655-w","validatedtouchvideo_smit_2025_threat","validatedtouchvideo_smit_2025_threat|validatedtouchvideo_smit_2025_arousal|validatedtouchvideo_smit_2025_strength|validatedtouchvideo_smit_2025_category",4,180,45,355,355,TRUE,63900,FALSE,5.35022835305509
"doi:10.1371/journal.pone.0306348","najari_2024_bpqsf_awareness","najari_2024_bpqsf_awareness|najari_2024_bpqsf_stress|najari_2024_bpqsf_autonomic",3,79,12,748,751,FALSE,59230,FALSE,5.3472349311978
"doi:10.1016/j.jcbs.2025.100954","cfq_ruiz_2025_cfq","cfq_ruiz_2025_cfq|cfq_ruiz_2025_dass",2,28,7,3389,3389,TRUE,94892,FALSE,5.34340490217071
"doi:not yet published","torices_2025_bapq","torices_2025_bapq|torices_2025_isra_b|torices_2025_isra_b_sit|torices_2025_dflex",4,106,22,108,108,TRUE,11448,FALSE,5.32675708882028
"doi:10.3389/fspor.2025.1521073","shin2024_creactability_quickness","shin2024_creactability_quickness|shin2024_creactability_creativity|shin2024_creactability_adaptability",3,9,3,241,241,TRUE,2169,FALSE,5.32201704257487
"doi:10.7910/DVN/AQHPTT","gilbert_meta_60","gilbert_meta_60|gilbert_meta_61",2,15,6,2558,2559,FALSE,38376,FALSE,5.30790054014264
"doi:10.1371/journal.pone.0119855","weatherspoon_2015_family_physicians_freq","weatherspoon_2015_family_physicians_freq|weatherspoon_2015_family_physicians_effectiveness|weatherspoon_2015_pediatricians_effectiveness|weatherspoon_2015_pediatricians_freq",4,68,17,55,194,FALSE,8092,FALSE,5.28702935616091
"bib:@dataset{CIS2025,
  author = {{Centro de Investigaciones Sociológicas}},
  title = {Barómetro sanitario 2025 (tercera oleada)},
  year = {2025},
  number = {3531},
  url = {https://www.cis.es/es/estudios/barometro-sanitario-2025-tercera-oleada-?chartType=bar&cuestionario=18010&muestra=26369&pregunta=657578&variable=1094813},
  organization = {Centro de Investigaciones Sociológicas}
}","spain_2025_sanitation_mental","spain_2025_sanitation_mental|spain_2025_sanitation_airegulation|spain_2025_sanitation_digital",3,14,3,239,2427,FALSE,18620,FALSE,5.2850645676148
"bib:@misc{Encuesta_TICs,
  title = {Encuesta de Usos de las Tecnologías de la Información y las Comunicaciones},
  howpublished = {\url{https://www4.ine.gub.uy/Anda5/index.php/catalog/736/get-microdata}},
  note = {Accessed: 2023-10-01}
}","uruguay_2022_technology_socialmedia","uruguay_2022_technology_socialmedia|uruguay_2022_technology_skills",2,27,8,2562,2562,TRUE,69174,FALSE,5.22857912540867
"doi:10.1371/journal.pone.0128638","zautra_2015_tmms24","zautra_2015_tmms24|zautra_2015_caug|zautra_2015_iri",3,47,10,346,349,FALSE,16292,FALSE,5.22574276545944
"doi:10.1111/ajps.12354","balmas2018_leader_personality","balmas2018_leader_personality|balmas2018_leader_attitudes",2,17,3,2166,2171,FALSE,36892,FALSE,5.22232511895597
"doi:10.1371/journal.pone.0290757","evans_2023_vaccine_hesitancy","evans_2023_vaccine_hesitancy|evans_2023_vaccination_norms",2,10,5,1933,1933,TRUE,19330,FALSE,5.21956518736189
"bib:@misc{ZPID2013,
  author = {ZPID},
  title = {PsychData of the {Leibniz} {Institute} for {Psychology} {Information} {ZPID}},
  year = {2013},
  address = {Trier},
  publisher = {Center for Research Data in Psychology},
  url = {https://cran.r-project.org/web/packages/PCMRS/index.html}
}","emotion_pcmrs","emotion_pcmrs|tenseness_pcmrs",2,16,8,2032,2042,FALSE,32592,FALSE,5.20125703694521
"doi:10.1371/journal.pone.0124320","stolz_2015_authoritarianism","stolz_2015_authoritarianism|stolz_2015_death_attitudes",2,14,6,1958,1965,FALSE,27468,FALSE,5.19847935413379
"doi:10.1007/s41811-024-00214-3","SCS_Suh_2023_SIAPS","SCS_Suh_2023_SIAPS|SCS_Suh_2023_BFNE|SCS_Suh_2023_SCS",3,54,12,361,681,FALSE,32106,FALSE,5.19750720190566
"doi:10.1371/journal.pone.0300064","hui_2024_who5","hui_2024_who5|hui_2024_pss10|hui_2024_gbfs",3,43,5,303,309,FALSE,13197,FALSE,5.19477596183564
"doi:10.3758/s13428-020-01462-9","offlinefriend_dospert","offlinefriend_dospert|offlinefriend_bigfive|offlinefriend_ofaq",3,111,30,800,802,FALSE,88962,FALSE,5.16308998699194
"doi:10.1186/s40359-025-03070-8","scs_2025_cfaclinic","scs_2025_cfaclinic|scs_2025_cfausatr|scs_2025_cfanonclinic",3,36,12,246,670,FALSE,17532,FALSE,5.15093510710338
"doi:10.7910/DVN/0TS1LX","gilbert_meta_53","gilbert_meta_53|gilbert_meta_54",2,20,6,1880,1880,TRUE,37600,FALSE,5.14082451593035
"doi:10.1002/pam.22643","EEN_Lacey_2024_Parent","EEN_Lacey_2024_Parent|EEN_Lacey_2024_Children",2,37,13,2348,2485,FALSE,90164,FALSE,5.12403142590891
"doi:10.1371/journal.pone.0155895","makransky_2016_mcq_correct","makransky_2016_mcq_correct|makransky_2016_self_efficacy|makransky_2016_motivation",3,23,5,189,189,TRUE,4347,FALSE,5.12312847083991
"bib:@misc{Liu2021,
  author = {Liu, Wenxi},
  title = {Effects of Virtual Reality Exercise on Promoting Physical Activity and Health among College Students: A 4-week Randomized Controlled Trial},
  year = {2021},
  howpublished = {\url{https://hdl.handle.net/11299/224576}},
  note = {Retrieved from the University Digital Conservancy}
}","liu_2021_vrexp_experience","liu_2021_vrexp_experience|liu_2021_vrexp_depression|liu_2021_vrexp_breq|liu_2021_vrexp_brums",4,67,3,36,39,FALSE,2421,FALSE,5.10963583410062
"bib:@Manual{TAM2022,
  title = {TAM: Test Analysis Modules},
  author = {Alexander Robitzsch and Thomas Kiefer and Margaret Wu},
  year = {2022},
  note = {R package version 4.1-4},
  url = {https://CRAN.R-project.org/package=TAM}
}","timss_tam","timss_tam|fims_tam",2,25,11,1773,6371,FALSE,108697,FALSE,5.08204206893425
"doi:10.1371/journal.pone.0252134","duboz_2021_pss10","duboz_2021_pss10|duboz_2021_swls",2,15,5,1493,1493,TRUE,22395,FALSE,5.07405980772503
"doi:10.1371/journal.pone.0241335","nteveros_2021_who5","nteveros_2021_who5|nteveros_2021_psqi_disturbance|nteveros_2021_mbi",3,30,5,182,182,TRUE,5460,FALSE,5.06007138798507
"doi:10.1371/journal.pone.0231628","leon_guereno_2020_breq","leon_guereno_2020_breq|leon_guereno_2020_resilience",2,33,10,1850,1850,TRUE,61050,FALSE,5.04717172840301
"doi:10.1371/journal.pone.0230331","brederecke_2020_sis","brederecke_2020_sis|brederecke_2020_phq4",2,15,4,1365,1367,FALSE,20497,FALSE,5.03513265137678
"doi:10.1371/journal.pone.0263027","pranckeviciene_2022_phq9","pranckeviciene_2022_phq9|pranckeviciene_2022_gad7",2,16,7,1358,1358,TRUE,21728,FALSE,5.02623310327782
"doi:10.7910/DVN/UMRAM7","gilbert_meta_36","gilbert_meta_36|gilbert_meta_35",2,19,7,1418,1438,FALSE,27182,FALSE,5.02500956418038
"doi:10.1037/pspp0000541","socialstereotype_hughes_2025_personality_self","socialstereotype_hughes_2025_personality_self|socialstereotype_hughes_2025_judgement|socialstereotype_hughes_2025_personality_other",3,68,12,297,312,FALSE,20796,FALSE,5.01942311598388
"doi:10.7910/DVN/F3KS7M","PSR-P_Scale_Intimacy_Hakim_2018_Study2_PSR","PSR-P_Scale_Intimacy_Hakim_2018_Study2_PSR|PSR-P_Scale_Intimacy_Hakim_2018_Study3|PSR-P_Scale_Intimacy_Hakim_2018_Study2_PSI",3,43,6,198,897,FALSE,25290,FALSE,5.00999852359486
"doi:10.7910/DVN/23150","BAFACALO_Golino_2013_SMS","BAFACALO_Golino_2013_SMS|BAFACALO_Golino_2013_FIS|BAFACALO_Golino_2013_BVPS|BAFACALO_Golino_2013_CIS",4,219,37,292,292,TRUE,63948,FALSE,5.00538285144842
"bib:@misc{va_ssvf_survey,
  title = {VA SSVF Survey Data},
  author = {Data Liberation Project},
  year = {2023},
  howpublished = {\\url{https://www.data-liberation-project.org/datasets/va-ssvf-survey-data/}},
  url = {https://github.com/data-liberation-project/va-ssvf-survey-data},
  note = {Accessed: 2023}
}","Veterans_Affairs_SSVF_Survey_2018-20","Veterans_Affairs_SSVF_Survey_2018-20|Veterans_Affairs_SSVF_Survey_2016-17",2,115,56,5809,26347,FALSE,1818163,FALSE,4.99743470980956
"doi:10.3886/E175721V1","alcoholhealthwarninglabel_brennan_2022_awareness_harms_followup","alcoholhealthwarninglabel_brennan_2022_awareness_harms_followup|alcoholhealthwarninglabel_brennan_2022_intentions_postexposure",2,6,2,1087,1755,FALSE,7858,FALSE,4.99622954408629
"doi:10.1371/journal.pone.0314607","di_riso_2025_contact_behavior","di_riso_2025_contact_behavior|di_riso_2025_mask_emotion",2,11,3,1148,1149,FALSE,12636,FALSE,4.98660855472862
"doi:10.3758/s13428-024-02525-x","brand_raffaelli_2024_familiarity_24","brand_raffaelli_2024_familiarity_24|brand_raffaelli_2024_recognition_20|brand_raffaelli_2024_liking_20|brand_raffaelli_2024_liking_24",4,270,51,592,1197,FALSE,217363,FALSE,4.97232170672292
"doi:10.7910/dvn/qs5d8c","chen2026_sa","chen2026_sa|chen2026_sc|chen2026_mpa",3,50,11,195,195,TRUE,9750,FALSE,4.95670127802919
"doi:10.1371/journal.pone.0298214","horiuchi_2024_dissociation","horiuchi_2024_dissociation|horiuchi_2024_attachment|horiuchi_2024_rsmsm",3,60,20,213,225,FALSE,13040,FALSE,4.92837960343874
"doi:10.1371/journal.pone.0351550","yang_2026_igd_criteria","yang_2026_igd_criteria|yang_2026_igd_benefits",2,13,4,1032,1032,TRUE,13416,FALSE,4.92701303062453
"doi:10.31219/osf.io/8x46u","gilbert_meta_86","gilbert_meta_86|gilbert_meta_87",2,26,11,1244,1244,TRUE,32344,FALSE,4.92148704702147
"doi:10.1037/pspp0000582","haehner_2026_personality_subsaharan_ecq","haehner_2026_personality_subsaharan_ecq|haehner_2026_personality_subsaharan_b2i",2,67,9,2294,2298,FALSE,153930,FALSE,4.91392674689858
"doi:10.1016/j.dib.2020.106395","kfcovid_pss_Li2020","kfcovid_pss_Li2020|kfcovid_fear_Li2020|kfcovid_Li2020",3,23,4,110,110,TRUE,2530,FALSE,4.88805935182489
"doi:10.7910/DVN/T5TAQA","mental_health_wang_2024_phq","mental_health_wang_2024_phq|mental_health_wang_2024_gad",2,16,7,958,958,TRUE,15328,FALSE,4.87469884241188
"doi:10.3758/s13428-024-02456-7","randomness_angelike_2024_ncs","randomness_angelike_2024_ncs|randomness_angelike_2024_conscientiousness",2,8,2,835,835,TRUE,6680,FALSE,4.86835314215027
"doi:10.1371/journal.pone.0296423","jutte_2024_loneliness","jutte_2024_loneliness|jutte_2024_personality",2,8,3,825,825,TRUE,6600,FALSE,4.86312061521659
"bib:@article{kretzschmar2017re,
  title={Re-evaluating the psychometric properties of {MicroFIN}: {A} multidimensional measurement of complex problem solving or a unidimensional reasoning test?},
  author={Kretzschmar, Andr{\\'e} and Hacatrjana, Liena and Rascevska, Malgozata},
  journal={Psychological Test and Assessment Modeling},
  volume={59},
  number={2},
  pages={157--182},
  year={2017},
  url={https://osf.io/wp3z4/}
}","PTAM_Kretzschmar_2017_Reasoning","PTAM_Kretzschmar_2017_Reasoning|PTAM_Kretzschmar_2017_MicroFIN|PTAM_Kretzschmar_2017_Raven",3,80,20,234,253,FALSE,19256,FALSE,4.83588252407681
"doi:10.1371/journal.pone.0159647","schalet_2016_hrsa","schalet_2016_hrsa|schalet_2016_bai|schalet_2016_hrsd",3,65,14,179,180,FALSE,11679,FALSE,4.81951969764656
"doi:10.3389/fpsyg.2020.559934","CPDMMC_Kunnari_2020_PDP","CPDMMC_Kunnari_2020_PDP|CPDMMC_Kunnari_2020_HCD",2,30,12,1043,1043,TRUE,31290,FALSE,4.81828430842653
"doi:10.1371/journal.pone.0215433","ahmed_2019_wellbeing","ahmed_2019_wellbeing|ahmed_2019_food_consumption",2,18,4,850,850,TRUE,15300,FALSE,4.80941892571429
"doi:10.31234/osf.io/uy9gb_v1","shorttripm_silvia_2025","shorttripm_silvia_2025|hexaco_silvia_2025|sd4_silvia_2025",3,143,15,530,1151,FALSE,85105,FALSE,4.77094253626746
"doi:10.1177/15345084251369736","sel_marca_2025_professores","sel_marca_2025_professores|sel_marca_2025_familiares|sel_marca_2025_estudantes",3,174,52,852,13984,FALSE,1332532,FALSE,4.7704395947667
"doi:10.1371/journal.pone.0201258","cooper_2018_offensive_topics","cooper_2018_offensive_topics|cooper_2018_funny_topics",2,68,34,1637,1637,TRUE,111316,FALSE,4.76071534607861
"doi:10.1371/journal.pone.0157238","huang_2016_neo_neuroticism","huang_2016_neo_neuroticism|huang_2016_cesd|huang_2016_neo_conscientious",3,44,12,113,114,FALSE,4996,FALSE,4.75974511015009
"doi:10.3886/ICPSR26881.v1","conrad_2013_exploitation_client_psychology","conrad_2013_exploitation_client_psychology|conrad_2013_exploitation_staff_psychology|conrad_2013_exploitation_client_financial|conrad_2013_exploitation_staff_financial",4,240,37,227,227,TRUE,54480,FALSE,4.75602585719312
"doi:10.7910/DVN/UA5GTO","FACES_Spanish_Vegas_2022_FACES","FACES_Spanish_Vegas_2022_FACES|FACES_Spanish_Vegas_2022_FSS",2,52,10,1196,1196,TRUE,62192,FALSE,4.73106451298573
"doi:10.7910/DVN/EJ03JR","gilbert_meta_38","gilbert_meta_38|gilbert_meta_37",2,30,9,839,839,TRUE,25170,FALSE,4.7237619608287
"doi:10.1371/journal.pone.0260827","colomer_perez_2021_asa","colomer_perez_2021_asa|colomer_perez_2021_soc13",2,37,13,920,920,TRUE,34040,FALSE,4.71712116067889
"doi:10.1371/journal.pone.0279535","safiye_2023_rfq","safiye_2023_rfq|safiye_2023_mbi",2,30,8,823,823,TRUE,24690,FALSE,4.71539983521227
"doi:10.7910/DVN/RKBVKY","gilbert_meta_7","gilbert_meta_7|gilbert_meta_8",2,65,29,1335,1386,FALSE,88611,FALSE,4.69214793236726
"doi:10.7910/DVN/VNLWCB","gilbert_meta_26","gilbert_meta_26|gilbert_meta_25",2,30,15,779,779,TRUE,23370,FALSE,4.69153745767256
"doi:10.1080/13674676.2020.1850666","PeSCBCSCe_Novak_2020_SCBCS","PeSCBCSCe_Novak_2020_SCBCS|PeSCBCSCe_Novak_2020_SPIRIT",2,10,5,572,572,TRUE,5720,FALSE,4.69072936212636
"doi:10.1371/journal.pone.0287223","makowska_2023_pss4","makowska_2023_pss4|makowska_2023_pdts",2,10,4,558,558,TRUE,5580,FALSE,4.67996753227091
"doi:10.1037/pas0001309","PTCI_Chinese_Zhan_2024","PTCI_Chinese_Zhan_2024|ptcichina_zhan_2024",2,66,33,1206,1267,FALSE,81609,FALSE,4.64134730780413
"doi:10.1007/s12144-026-09064-y","social_media_godard_2026_msfu","social_media_godard_2026_msfu|social_media_godard_2026_paum",2,28,12,646,646,TRUE,18088,FALSE,4.62356585132842
"doi:10.1371/journal.pone.0288769","cinar_tanriverdi_2023_pmss","cinar_tanriverdi_2023_pmss|cinar_tanriverdi_2023_gad7",2,20,7,544,545,FALSE,10893,FALSE,4.60226556636485
"doi:10.1371/journal.pone.0137176","gan_2015_ucla_loneliness","gan_2015_ucla_loneliness|gan_2015_rrs|gan_2015_cesd",3,38,8,71,71,TRUE,2698,FALSE,4.59792501538574
"doi:10.1371/journal.pone.0159386","rowe_2016_mfi20","rowe_2016_mfi20|rowe_2016_bai|rowe_2016_symptoms",3,46,5,80,80,TRUE,3680,FALSE,4.59642332032528
"doi:10.1007/s11121-022-01346-8","cdm_mentalhealth_tan_2023_bsi","cdm_mentalhealth_tan_2023_bsi|cdm_mentalhealth_tan_2023_rapi",2,40,17,719,719,TRUE,28760,FALSE,4.59006222371622
"doi:10.1371/journal.pone.0289551","rosharudin_2023_dass21","rosharudin_2023_dass21|rosharudin_2023_ders18",2,39,18,689,689,TRUE,26871,FALSE,4.57821922190763
"doi:10.1073/pnas.1506047112","mpsycho_rwdq","mpsycho_rwdq|mpsycho_Rmotivation",2,54,18,852,1055,FALSE,49662,FALSE,4.5704395947667
"doi:10.31234/osf.io/zwu26","VEI_Brazillian_Shiramizu_2018_IRI","VEI_Brazillian_Shiramizu_2018_IRI|VEI_Brazillian_Shiramizu_2018_EI",2,42,14,698,698,TRUE,29316,FALSE,4.56385542262316
"doi:10.1016/j.paid.2025.113621","sadism_west_2026_cast","sadism_west_2026_cast|sadism_west_2026_srp",2,82,18,1268,1513,FALSE,108386,FALSE,4.55645258687905
"doi:10.1371/journal.pone.0174947","uffler_2017_seat_reasons","uffler_2017_seat_reasons|uffler_2017_lecture_seating",2,33,7,593,593,TRUE,19569,FALSE,4.55305469336426
"doi:10.1086/692912","KTEEM_Schoen_2019-2022","KTEEM_Schoen_2019-2022|schoen_2019_to_2022_mkt",2,70,35,1045,1130,FALSE,76125,FALSE,4.55244962378041
"doi:10.3886/E174781V1","gilbert_meta_43","gilbert_meta_43|gilbert_meta_42",2,48,20,726,726,TRUE,34848,FALSE,4.54093662070009
"doi:10.1371/journal.pone.0300388","chuemchit_2024_partner_violence","chuemchit_2024_partner_violence|chuemchit_2024_nonpartner_violence",2,10,5,405,494,FALSE,4495,FALSE,4.540788356548
"doi:10.1371/journal.pone.0199924","molino_2018_d6_scale","molino_2018_d6_scale|molino_2018_d5_scale",2,42,8,658,658,TRUE,27636,FALSE,4.53822589361396
"doi:10.7910/DVN/XBGUUL","gilbert_meta_50","gilbert_meta_50|gilbert_meta_51",2,19,8,449,449,TRUE,8531,FALSE,4.52557967433666
"doi:10.1080/13803395.2022.2080185","rapm_poulton_2022_timed","rapm_poulton_2022_timed|rapm_poulton_2022_untimed",2,24,12,479,608,FALSE,13044,FALSE,4.52033551341456
"doi:10.1111/jopy.12695","west_2021_aggnet_bfi2_agg_neu","west_2021_aggnet_bfi2_agg_neu|west_2021_aggnet_bpaq",2,44,17,616,616,TRUE,27104,FALSE,4.49624737883109
"bib:@misc{Marchi_Lainetti_Ramos_2024, title={Connecting Personality and Entrepreneurship: A Study on Intentions and Educational Programs}, author={Marchi Lainetti Ramos, I. and et al.}, year={2024}, howpublished={Harvard Dataverse}, url={https://doi.org/10.7910/DVN/IEK9PW}, doi={10.7910/DVN/IEK9PW}}","personality_entrepreneurship_brazil__ex","personality_entrepreneurship_brazil__ex|personality_entrepreneurship_brazil__abex",2,8,4,340,340,TRUE,2720,FALSE,4.47814558370892
"doi:10.1089/eco.2022.0049","rosetti_2023_gad7","rosetti_2023_gad7|rosetti_2023_cas",2,29,7,468,468,TRUE,13572,FALSE,4.47691251974079
"doi:10.1371/journal.pone.0221323","jeon_2019_cbi","jeon_2019_cbi|jeon_2019_cesd10",2,29,10,464,464,TRUE,13456,FALSE,4.47318464722155
"doi:10.1371/journal.pone.0227958","bakker_2020_rses","bakker_2020_rses|bakker_2020_pss10",2,20,10,402,403,FALSE,8050,FALSE,4.47089271975114
"bib:@misc{Webster-Harris_2025, title={Conspiracy Belief and the association with autistic traits, schizotypy, cognitive flexibility, and thinking styles}, DOI={10.6084/m9.figshare.30903575.v2}, publisher={figshare}, author={Webster-Harris, C}, year={2025}}","conspiracy_asd__conspiracy_gcbs","conspiracy_asd__conspiracy_gcbs|conspiracy_asd__thinking_styles",2,25,10,433,433,TRUE,10825,FALSE,4.4698212296867
"doi:10.3758/s13428-019-01309-y","deception_professors","deception_professors|deception_game",2,45,21,568,635,FALSE,27168,FALSE,4.45434833571102
"doi:10.1027/1015-5759/a000688","quopl2_forster_2021_elfe","quopl2_forster_2021_elfe|quopl2_forster_2021_quop|quopl2_forster_2021_cft|quopl2_forster_2021_dmat",4,427,32,1994,1994,TRUE,851438,FALSE,4.45305848730897
"doi:https://doi.org/10.7910/DVN/ZZPUWB","arora2025_blueq_pedagogical","arora2025_blueq_pedagogical|arora2025_blueq_synchronous|arora2025_blueq_asynchronous",3,23,6,40,40,TRUE,920,FALSE,4.44872665799463
"doi:10.1371/journal.pone.0288563","gillman_2023_appraisals","gillman_2023_appraisals|gillman_2023_pss",2,26,10,404,405,FALSE,10520,FALSE,4.43304803177727
"doi:10.1037/pas0001336","EWAS_Sanford_2024","EWAS_Sanford_2024|EWAS_Sanford_2024_Flourish",2,38,8,482,482,TRUE,18316,FALSE,4.42971370490552
"bib:@Manual{TestGardener2023,
  title = {TestGardener: Optimal Analysis of Test and Rating Scale Data},
  author = {James Ramsay},
  year = {2023},
  note = {R package version 3.1.4},
  url = {https://CRAN.R-project.org/package=TestGardener}
}","quantshort","quantshort|sds",2,37,13,473,1000,FALSE,30149,FALSE,4.42819447407114
"doi:10.1371/journal.pone.0273763","arnulf_2022_general_knowledge","arnulf_2022_general_knowledge|arnulf_2022_conspiracy_thinking",2,26,12,398,398,TRUE,10348,FALSE,4.42654973874035
"doi:10.1371/journal.pone.0201216","bilotta_2018_scl90","bilotta_2018_scl90|bilotta_2018_tas20",2,110,20,1361,1362,FALSE,149730,FALSE,4.40052479187
"doi:10.3758/s13428-025-02662-x","opentsstvr_linnig_2025_vas","opentsstvr_linnig_2025_vas|opentsstvr_linnig_2025_vrexperience|opentsstvr_linnig_2025_ssq",3,58,7,60,60,TRUE,3480,FALSE,4.39148458371698
"bib:@Manual{Robitzsch2022,
  title = {sirt: Supplementary Item Response Theory Models},
  author = {Alexander Robitzsch},
  year = {2022},
  note = {R package version 3.12-66},
  url = {https://CRAN.R-project.org/package=sirt}
}","4thgrade_math_sirt","4thgrade_math_sirt|pirlsmissing_sirt",2,65,30,664,3480,FALSE,141720,FALSE,4.38883474603468
"doi:10.1371/journal.pone.0207458","pecino_2018_extrarole_wfb","pecino_2018_extrarole_wfb|pecino_2018_justice_climate",2,40,6,442,442,TRUE,17680,FALSE,4.37875560268243
"doi:10.1787/dfe0bf9c-en","pisa2022_read","pisa2022_read|pisa2022_math|pisa2022_science",3,602,115,243131,555063,FALSE,219066100,FALSE,4.37250700301147
"doi:10.6084/m9.figshare.31427369.v1","chowdhury2026_ai_vignette","chowdhury2026_ai_vignette|chowdhury2026_ai_literacy|chowdhury2026_ai_intentions",3,20,4,32,32,TRUE,640,FALSE,4.37181664498657
"bib:@unpublished{hannachi2025exploring,
  title={Exploring the eco-anxiety continuum: Calibrating scales with item response theory},
  author={Hannachi, T. and Somat, A.},
  year={2025},
  note={Preprint},
  institution={Laboratory of Psychology: Cognition, Behavior, Communication (LP3C), Rennes 2 University},
  url={https://osf.io/djcex/overview}
}","hannachi_2025_eco_anxiety_cope","hannachi_2025_eco_anxiety_cope|hannachi_2025_eco_anxiety_affect",2,54,26,534,534,TRUE,28836,FALSE,4.36754125702856
"bib:@misc{canham2018evaluation,
  author = {Canham, L and Salamh, P and others},
  title = {Evaluation of non-cognitive traits of doctor of physical therapy learners in the United States},
  year = {2018},
  howpublished = {Harvard Dataverse},
  url = {https://doi.org/10.7910/DVN/Y75CP2},
  doi = {10.7910/DVN/Y75CP2}
}","dpt_noncog__emotional_intelligence","dpt_noncog__emotional_intelligence|dpt_noncog__grit",2,17,3,298,298,TRUE,5066,FALSE,4.36088293074292
"doi:10.1371/journal.pone.0297822.","frikha_2023_pe_ms","frikha_2023_pe_ms|frikha_2023_pe_acrs",2,21,9,308,308,TRUE,6468,FALSE,4.34855071650045
"doi:10.1371/journal.pone.0161272","mavromoustakos_2016_ztpi","mavromoustakos_2016_ztpi|mavromoustakos_2016_fasq|mavromoustakos_2016_probability_scale",3,108,20,115,115,TRUE,12420,FALSE,4.34069784035361
"doi:10.6084/m9.figshare.30385261","moe2025_scs","moe2025_scs|moe2025_erq|moe2025_sis",3,96,10,95,95,TRUE,9120,FALSE,4.33772360528885
"doi:10.6084/m9.figshare.25378894.v1","dong_2024_engagement","dong_2024_engagement|dong_2024_ccaiq",2,28,13,332,332,TRUE,9296,FALSE,4.33447141703737
"doi:10.1371/journal.pone.0260926","malinowska_2021_saq_physicians","malinowska_2021_saq_physicians|malinowska_2021_saq_nurses",2,82,41,738,1190,FALSE,79048,FALSE,4.32138969515638
"doi:10.1016/j.tate.2026.104886","gilbert_meta_112","gilbert_meta_112|gilbert_meta_113",2,16,8,267,267,TRUE,4272,FALSE,4.31984459469791
"doi:10.3758/s13428-024-02496-z","DMCT_Addis_2020_SUIS","DMCT_Addis_2020_SUIS|DMCT_Addis_2020_PSIQ|DMCT_Addis_2020_MCT",3,97,18,92,92,TRUE,8924,FALSE,4.31712116067889
"doi:10.1371/journal.pone.0191675","santos_2018_gse","santos_2018_gse|santos_2018_cesd",2,30,10,304,306,FALSE,9140,FALSE,4.28287358360875
"doi:10.1111/ijsa.12323","caetano-santos-masi-2021","caetano-santos-masi-2021|caetano-santos-lsas-2021",2,54,24,436,436,TRUE,23544,FALSE,4.27948648926859
"doi:10.1371/journal.pone.0280313","menaldi_2023_mbi","menaldi_2023_mbi|menaldi_2023_brief_cope",2,50,22,388,388,TRUE,19400,FALSE,4.25549839226087
"doi:10.1371/journal.pone.0313043","park_2024_mbi","park_2024_mbi|park_2024_ageism",2,40,18,331,331,TRUE,13240,FALSE,4.25316132710905
"doi:10.1371/journal.pone.0305588","koirala_2024_pss10","koirala_2024_pss10|koirala_2024_brief_cope",2,38,10,317,317,TRUE,12046,FALSE,4.24772592888442
"doi:10.3758/s13428-023-02115-3","WMI_Read_Han","WMI_Read_Han|WMI_Rot_Han",2,27,12,262,264,FALSE,7104,FALSE,4.23830129131975
"doi:10.1371/journal.pone.0269928","turner_2022_cognitive_mediation","turner_2022_cognitive_mediation|turner_2022_sr_belief_change",2,24,9,250,250,TRUE,6000,FALSE,4.23794000867204
"doi:10.1371/journal.pone.0242902","johnhenderson_2020_disinfection_behavior","johnhenderson_2020_disinfection_behavior|johnhenderson_2020_health_mindset",2,7,3,192,192,TRUE,1344,FALSE,4.23663456203688
"doi:10.1371/journal.pone.0246887","park_2021_swls","park_2021_swls|park_2021_pss10",2,15,5,208,208,TRUE,3120,FALSE,4.21806333496276
"doi:10.1371/journal.pone.0249562","aguirre_camacho_2021_shai","aguirre_camacho_2021_shai|aguirre_camacho_2021_champion",2,26,8,244,442,FALSE,7928,FALSE,4.2140564930054
"bib:@misc{immer,
  title = {immer: Item Response Models for Multiple Ratings},
  author = {},
  year = {},
  url = {https://cran.r-project.org/web/packages/immer/index.html},
  note = {CRAN - Package immer},
  organization = {CRAN}
}","immer12_immer","immer12_immer|ptam1_immer|immer10_immer",3,19,2,20,6877,FALSE,14627,FALSE,4.17436332899731
"doi:https://doi.org/10.7910/DVN/8YLSMK","falih_2026_mds16","falih_2026_mds16|falih_2026_dass21",2,37,16,262,262,TRUE,9694,FALSE,4.17163462465308
"doi:10.1371/journal.pone.0258323","chen_2021_acculturation","chen_2021_acculturation|chen_2021_enculturation",2,48,24,310,310,TRUE,14880,FALSE,4.17136169383427
"doi:10.1371/journal.pone.0215087","chen_2019_cdrsc","chen_2019_cdrsc|chen_2019_csq",2,37,10,235,235,TRUE,8695,FALSE,4.12440119560507
"doi:10.1371/journal.pone.0146545","koo_2016_comm_technique_use","koo_2016_comm_technique_use|koo_2016_comm_technique_opinion",2,30,12,211,212,FALSE,6342,FALSE,4.12428245529769
"doi:10.1371/journal.pone.0323656","duong_2025_tbl_experience","duong_2025_tbl_experience|duong_2025_tbl_confidence",2,23,4,186,186,TRUE,4278,FALSE,4.11617961088458
"bib:@misc{Rodrigues_2023,
  author = {Rodrigues, H. M. P.},
  title = {Trabalho docente e saúde mental de professores brasileiros na pandemia covid-19},
  year = {2023},
  url = {https://dataverse.harvard.edu/dataset.xhtml?persistentId=doi:10.7910/DVN/GMZUB5&version=1.0}
}","pinheiro_2023_srq","pinheiro_2023_srq|pinheiro_2023_trwcas",2,43,20,235,235,TRUE,10105,FALSE,4.08440119560507
"doi:10.3390/bs14100928","shi2024_ysq_parent","shi2024_ysq_parent|shi2024_ysq_adolescent|shi2024_sas",3,183,33,201,201,TRUE,36783,FALSE,4.08319605742049
"doi:10.1371/journal.pone.0206800","trevisan_2018_mscs","trevisan_2018_mscs|trevisan_2018_aq",2,127,50,836,1178,FALSE,132506,FALSE,4.07553961077235
"doi:10.1371/journal.pone.0268509","karpudewan_2022_stp_cca","karpudewan_2022_stp_cca|karpudewan_2022_stp_efa",2,62,29,300,397,FALSE,21413,FALSE,4.06378792138633
"doi:10.1371/journal.pone.0275292","yin_2022_values_importance","yin_2022_values_importance|yin_2022_gad7",2,20,7,153,153,TRUE,3060,FALSE,4.05135809748427
"doi:10.1371/journal.pone.0229926","niazi_2020_mfq_stereotype","niazi_2020_mfq_stereotype|niazi_2020_mfq",2,64,32,300,300,TRUE,19200,FALSE,4.050454588053
"doi:10.1371/journal.pone.0221754","dwyer_2019_clinton_activist","dwyer_2019_clinton_activist|dwyer_2019_clinton_cesd",2,28,8,167,167,TRUE,4676,FALSE,4.03604980448092
"doi:10.3758/s13428-025-02707-1","mclaughlin_samuel_2025_auditory_session_1","mclaughlin_samuel_2025_auditory_session_1|mclaughlin_samuel_2025_auditory_session_2",2,44,1,209,251,FALSE,9238,FALSE,4.02681295277772
"doi:10.1037/pspp0000572","lexical_difficulty_altgassen_2025_s01_knowledge","lexical_difficulty_altgassen_2025_s01_knowledge|lexical_difficulty_altgassen_2025_s01_personality|lexical_difficulty_altgassen_2025_s02_ws|lexical_difficulty_altgassen_2025_s03_per|lexical_difficulty_altgassen_2025_s02_gc",5,558,12,542,1106,FALSE,496784,FALSE,4.01399928653839
"doi:10.1371/journal.pone.0255039","bled_2021_imagery_use","bled_2021_imagery_use|bled_2021_imagery_phenomenology",2,10,3,119,119,TRUE,1190,FALSE,4.00888029472586
"doi:10.1371/journal.pone.0318347","zeng_2025_academic_buoyancy_cfa","zeng_2025_academic_buoyancy_cfa|zeng_2025_academic_buoyancy_efa",2,53,21,209,423,FALSE,15571,FALSE,3.96681295277772
"doi:10.18637/jss.v048.c01","ravens_deboeck2012","ravens_deboeck2012|stress_deboeck2012",2,46,11,185,503,FALSE,19640,FALSE,3.96050506173635
"doi:10.17605/osf.io/ejtzs","westhoff2023_pbat","westhoff2023_pbat|westhoff2023_stopd",2,23,5,113,113,TRUE,2599,FALSE,3.89974511015009
"doi:10.6084/m9.figshare.32714616.v1","quinello_2026_ai_maturity_technology","quinello_2026_ai_maturity_technology|quinello_2026_ai_maturity_dimensions",2,21,7,104,104,TRUE,2184,FALSE,3.87703333929878
"doi:10.1371/journal.pone.0205559","debacker_2018_justice_appraisal","debacker_2018_justice_appraisal|debacker_2018_decisionjustification",2,16,4,96,96,TRUE,1536,FALSE,3.8756045663729
"doi:10.1371/journal.pone.0316937","yang_2025_aiccs","yang_2025_aiccs|yang_2025_intercultural_contact",2,37,9,130,130,TRUE,4810,FALSE,3.86727668564017
"doi:10.1371/journal.pone.0290512","PMT_Trzcinska_2023_PMT","PMT_Trzcinska_2023_PMT|PMT_Trzcinska_2023_MVS|PMT_Trzcinska_2023_finans",3,87,9,26,204,FALSE,13654,FALSE,3.83497334797082
"doi:10.3352/jeehp.2024.21.32","borges_brazil_residency_2024_pbt","borges_brazil_residency_2024_pbt|borges_brazil_residency_2024_cbt",2,220,100,1994,3223,FALSE,586160,FALSE,3.83305848730897
"doi:https://utoronto.scholaris.ca/server/api/core/bitstreams/224f8380-df43-4dca-8ef5-e47d56930765/content","mfq_adolescent_athletes","mfq_adolescent_athletes|pcss_adolescent_athletes",2,55,22,155,155,TRUE,8525,FALSE,3.82366503150363
"doi:10.6084/m9.figshare.30693638.v2","senosy_2025_anxiety_trait","senosy_2025_anxiety_trait|senosy_2025_anxiety_state",2,40,20,121,121,TRUE,4840,FALSE,3.81611870364978
"doi:10.1093/postmj/qgae170","gilbert_meta_96","gilbert_meta_96|gilbert_meta_95",2,18,6,86,115,FALSE,1896,FALSE,3.81449845124357
"doi:10.1371/journal.pone.0323406","alkouri_2025_coping","alkouri_2025_coping|alkouri_2025_icu_stressors",2,48,19,127,127,TRUE,6096,FALSE,3.78380372095596
"doi:10.1371/journal.pone.0129015","ibrahim_2015_bfi","ibrahim_2015_bfi|ibrahim_2015_sf36",2,80,36,200,200,TRUE,16000,FALSE,3.76769666233065
"doi:10.25421/yorksj.16595141.v1","perfectionismlit_2021_engagement","perfectionismlit_2021_engagement|perfectionismlit_2021_prepost",2,8,3,65,68,FALSE,535,FALSE,3.75958002330952
"bib:@misc{Ranganathan2024,
  author = {Ranganathan, M},
  title = {Quarter-Life Crisis During the Pandemic: Career Indecision, Intolerance of Uncertainty, and Mental Well-Being},
  year = {2024},
  publisher = {figshare},
  doi = {10.6084/m9.figshare.26130403.v1},
  url = {https://doi.org/10.6084/m9.figshare.26130403.v1}
}","quarter_life_crisis__cd","quarter_life_crisis__cd|quarter_life_crisis__iuc",2,30,12,90,90,TRUE,2700,FALSE,3.75424250943932
"doi:10.1371/journal.pone.0216888","penningroth_2019_pm_concerns","penningroth_2019_pm_concerns|penningroth_2019_pm_goals",2,30,15,89,89,TRUE,2670,FALSE,3.74939000664491
"doi:10.1371/journal.pone.0338728","muir_2025_resilience_behaviours","muir_2025_resilience_behaviours|muir_2025_resilience_opinions",2,15,7,70,70,TRUE,1050,FALSE,3.74509804001426
"doi:10.1371/journal.pone.0214082","nelson_2019_ipqrde","nelson_2019_ipqrde|nelson2019_ipqrd",2,86,43,198,198,TRUE,17028,FALSE,3.7233318569282
"doi:10.1371/journal.pone.0261617","fitriana_2022_hapwork_field","fitriana_2022_hapwork_field|fitriana_2022_hapwork_efa",2,49,18,105,370,FALSE,9915,FALSE,3.69452263240327
"doi:10.1371/journal.pone.0304140","kuczyk_2024_facemask_fba","kuczyk_2024_facemask_fba|kuczyk_2024_facemask_fbe",2,69,27,142,142,TRUE,9798,FALSE,3.69228834438306
"bib:@misc{Zahl_2023, title={The Influence of HEXACO Personality Traits on the Teamwork Quality in Student Software Teams - Supplementary Material}, author={Zähl, P.}, year={2023}, howpublished={\url{https://osf.io/jb94w/}}, note={[Dataset]}, publisher={OSF}}","zaehl2023_twq_commitment","zaehl2023_twq_commitment|zaehl2023_twq_coordination",2,8,4,54,54,TRUE,432,FALSE,3.67906042648964
"doi:10.1371/journal.pone.0246875","dolzdelcastellar_2021_eds","dolzdelcastellar_2021_eds|dolzdelcastellar_2021_stai",2,94,20,185,185,TRUE,17390,FALSE,3.64050506173635
"doi:10.3758/s13428-022-01834-3","spelling_assessment_study2","spelling_assessment_study2|spelling_assessment_study1",2,181,72,673,786,FALSE,129949,FALSE,3.62134839755731
"doi:10.17605/OSF.IO/4P8HZ","gilbert_meta_47","gilbert_meta_47|gilbert_meta_46",2,86,42,156,162,FALSE,13680,FALSE,3.61979126502113
"doi:10.1371/journal.pone.0257303","tanck_2021_edeq","tanck_2021_edeq|tanck_2021_bcq",2,51,23,73,73,TRUE,3723,FALSE,3.52332286012046
"doi:10.1371/journal.pone.0176698","jaracz_2017_job_stress","jaracz_2017_job_stress|jaracz_2017_temperament",2,117,8,200,200,TRUE,23400,FALSE,3.52102999566398
"doi:10.1177/10731911221134599","MEFSIRODGAS_Nileksela_2023_freq","MEFSIRODGAS_Nileksela_2023_freq|MEFSIRODGAS_Nileksela_2023_severity",2,182,91,499,499,TRUE,90818,FALSE,3.48476721229006
"doi:10.1371/journal.pone.0294786","ajaykumar_2023_experience","ajaykumar_2023_experience|ajaykumar_2023_nasa_tlx",2,11,5,27,27,TRUE,297,FALSE,3.35803043082565
"doi:10.31234/osf.io/jfgvr","xue_2024_study2_efa","xue_2024_study2_efa|xue_2024_full_dataset|xue_2024_study3_cfa",3,281,19,137,944,FALSE,174778,FALSE,3.26338723382307
"doi:10.1371/journal.pone.0307369","strohacker_2024_arms_readiness","strohacker_2024_arms_readiness|strohacker_2024_bmzi_motive",2,21,10,22,22,TRUE,462,FALSE,3.20242268082221
"doi:10.5334/jopd.49","fad_dataset1","fad_dataset1|fad_dataset2",2,86,27,56,584,FALSE,35968,FALSE,3.17485469367287
"doi:10.34894/IHNKUN","Fh_Okcsr_Roos_2022_study2_Feeling_Heard","Fh_Okcsr_Roos_2022_study2_Feeling_Heard|Fh_Okcsr_Roos_2022_study1_Feeling_Heard",2,208,102,194,1000,FALSE,122564,FALSE,2.90113506326356
"doi:10.3758/s13428-024-02579-x","nomt_hooper_2024_study1","nomt_hooper_2024_study1|nomt_hooper_2024_study2",2,360,144,119,393,FALSE,82296,FALSE,1.67554696139253
"doi:10.5334/joc.95","DART_Brysbaert_2020_1","DART_Brysbaert_2020_1|DART_Brysbaert_2020_3_4_5",2,396,132,199,219,FALSE,84084,FALSE,1.65885307640971
"doi:10.3758/s13428-022-01856-x","vermeiren_2022_vocab","vermeiren_2022_vocab|vermeiren_2022_comp|vermeiren_2022_nd|vermeiren_2022_bfi|vermeiren_2022_art|vermeiren_2022_rf|vermeiren_2022_gk",7,1465,56,199,236,FALSE,338895,FALSE,-0.467813590256961
"doi:10.1037/edu0000953","childrensocialcognition_cvencek_2025_mathgenderstereotype","childrensocialcognition_cvencek_2025_mathgenderstereotype|childrensocialcognition_cvencek_2025_genderidentity|childrensocialcognition_cvencek_2025_genderingroupbias|childrensocialcognition_cvencek_2025_flowerinsectattitude",4,1184,196,79,141,FALSE,132912,FALSE,-1.99570624204289
"doi:10.3758/s13428-021-01573-x","mturkddm_recognition","mturkddm_recognition|mturkddm_lexical|mturkddm_by|mturkddm_y25",4,6822,12,142,166,FALSE,969492,FALSE,-39.3277116556169
"doi:10.7910/DVN/8SWHNO","duolingo_es_en__reverse_translate","duolingo_es_en__reverse_translate|duolingo_es_en__listen|duolingo_en_es__reverse_translate|duolingo_es_en__reverse_tap|duolingo_en_es__reverse_tap|duolingo_fr_en__reverse_tap|duolingo_fr_en__reverse_translate|duolingo_en_es__listen|duolingo_fr_en__listen",9,421039,12276,1053,2643,FALSE,976797823,FALSE,-2794.90423829548
